customer_id,age,annual_income_eur,region,signup_date,last_purchase_date,orders_12m,total_spend_eur,avg_order_value_eur,satisfaction_1_5,preferred_channel,marketing_opt_in,churn_90d
105319,48,52323.0,West,2025-06-14,2026-06-26,8,958.56,115.75,3.0,mobile,yes,1
103219,19,28063.0,Budapest,2024-10-19,2026-05-13,5,410.19,82.45,3.0,store,no,0
105118,46,26609.0,South,2023-06-10,2026-05-28,6,531.42,82.13,4.0,web,yes,0
101667,36,43519.0,South,2023-11-11,2026-06-11,4,120.68,31.67,4.0,store,yes,0
103660,38,69308.0,Budapest,2023-01-10,2026-05-07,5,211.8,40.6,3.0,web,yes,0
105628,41,22706.0,South,2023-01-14,2026-05-01,6,229.25,40.77,2.0,partner,yes,0
105138,51,22009.0,Budapest,2023-10-23,2026-05-13,4,163.86,37.97,2.0,partner,no,0
102446,37,45288.0,East,2024-12-18,2026-05-30,7,156.08,30.69,4.0,web,yes,0
105253,40,20146.0,Budapest,2024-12-08,2026-06-08,5,264.75,45.11,5.0,web,no,0
101371,34,33437.0,Budapest,2023-05-14,2026-06-24,3,343.67,98.09,3.0,web,yes,0
102143,44,32123.0,South,2025-09-01,2026-05-20,7,425.46,62.76,5.0,web,yes,0
105681,33,41766.0,South,2024-03-01,2026-05-21,7,426.31,49.2,5.0,web,yes,0
100692,56,15000.0,North,2024-04-05,2026-06-27,9,1062.48,118.3,4.0,web,no,0
101965,34,21566.0,South,2023-10-10,2026-06-28,4,122.79,31.2,4.0,web,no,0
103616,38,32661.0,East,2023-12-04,2026-05-22,10,800.5,80.0,5.0,mobile,no,0
100697,32,38860.0,South,2024-12-18,2026-03-31,3,252.39,86.77,2.0,web,yes,0
100531,65,27823.0,East,2025-08-11,2026-06-14,7,278.86,52.09,2.0,web,yes,1
105101,39,27174.0,East,2025-05-29,2026-04-04,6,1074.25,197.98,3.0,store,yes,0
103986,18,43021.0,Budapest,2024-09-03,2026-06-26,7,656.53,81.34,4.0,partner,yes,0
103327,45,,West,2023-08-03,2026-06-27,7,665.77,111.11,4.0,mobile,yes,0
105431,23,39309.0,West,2025-03-10,2026-05-25,9,465.77,55.05,4.0,web,yes,0
101919,51,36534.0,East,2025-03-30,2026-05-27,7,275.49,45.92,3.0,partner,yes,0
103746,48,25062.0,East,2025-09-07,2026-05-08,3,146.89,56.18,4.0,store,yes,0
100764,43,31367.0,Budapest,2024-04-07,2026-06-27,3,144.7,56.59,4.0,mobile,no,0
103066,44,38735.0,West,2023-08-11,2026-04-10,6,387.25,77.58,5.0,mobile,yes,0
100024,36,,North,2023-02-27,2026-05-04,7,791.48,102.48,4.0,store,yes,0
103894,18,18921.0,East,2025-06-04,2026-05-26,3,151.2,49.06,4.0,store,yes,0
105839,54,111346.0,West,2024-11-27,2026-04-16,8,1092.11,139.55,3.0,mobile,yes,0
105044,42,32617.0,West,2023-11-27,2026-06-08,7,464.0,68.37,2.0,web,yes,0
100466,31,,East,2023-07-08,2026-05-31,6,214.16,42.12,5.0,store,yes,0
101658,35,38590.0,South,2025-03-25,2026-04-11,4,339.28,77.5,4.0,store,no,0
100085,43,54145.0,Budapest,2024-08-28,2026-04-21,6,662.2,88.91,5.0,web,no,0
102174,40,42602.0,Budapest,2024-01-26,2026-05-09,6,575.9,92.92,5.0,mobile,no,0
103316,77,67029.0,Budapest,2024-06-13,2026-05-26,4,1044.67,244.41,5.0,partner,yes,0
105727,28,41522.0,East,2025-12-29,2026-04-25,7,419.73,54.29,3.0,mobile,yes,0
104114,46,26569.0,West,2024-07-21,2026-05-23,8,639.8,82.91,5.0,store,yes,1
100297,39,27792.0,North,2025-09-07,2026-03-20,8,361.53,44.6,4.0,store,no,0
102665,32,35688.0,West,2024-04-03,2026-03-21,5,282.56,52.25,4.0,web,no,1
101870,48,19583.0,South,2025-12-23,2026-06-25,7,1170.67,148.77,3.0,mobile,yes,0
100229,62,37991.0,East,2025-11-17,2026-05-20,6,359.89,75.39,3.0,mobile,yes,0
102352,33,35154.0,South,2023-05-10,2026-05-31,4,761.42,255.45,,store,no,0
104410,41,21091.0,Budapest,2025-08-24,2026-04-22,7,398.83,59.67,3.0,web,no,1
101631,36,29955.0,West,2024-08-16,2026-05-15,6,176.12,32.73,3.0,mobile,yes,0
102451,32,,East,2023-02-28,2026-06-06,7,899.65,122.78,4.0,partner,yes,0
104007,46,40580.0,West,2025-11-25,2026-03-30,7,389.84,65.63,5.0,web,yes,0
104563,33,25915.0,Budapest,2023-07-28,2026-05-02,6,455.65,86.5,4.0,store,yes,0
100554,41,25737.0,North,2025-10-31,2026-04-30,3,147.41,68.82,4.0,web,no,0
105458,50,19058.0,East,2025-11-06,2026-05-17,3,355.01,108.21,3.0,web,yes,0
101398,30,53642.0,North,2025-04-26,2026-05-25,8,815.99,114.28,4.0,web,no,0
102863,61,29728.0,Budapest,2025-06-25,2026-05-10,6,262.36,39.2,4.0,store,no,0
105437,32,19993.0,South,2025-09-23,2026-06-11,6,461.88,72.81,4.0,web,yes,0
100539,38,-12000.0,Budapest,2023-02-27,2026-04-18,10,649.03,66.21,3.0,mobile,yes,0
104421,33,43659.0,Budapest,2023-09-15,2026-05-16,3,72.98,29.52,3.0,web,yes,0
105398,44,34144.0,Budapest,2024-05-21,2026-05-03,7,1095.8,151.33,3.0,store,no,0
101478,39,15000.0,North,2024-01-12,2026-06-05,9,730.4,96.81,3.0,web,yes,0
103317,64,20689.0,South,2025-11-21,2026-06-21,7,671.57,91.05,1.0,store,no,0
101701,32,15584.0,North,2025-02-01,2026-05-28,3,290.37,135.03,3.0,web,no,0
101216,50,46434.0,East,2025-09-18,2026-06-20,5,267.45,54.41,3.0,web,yes,0
100080,53,31289.0,South,2024-09-25,2026-04-26,6,158.04,22.12,4.0,store,yes,0
104889,65,53018.0,West,2023-08-29,2026-05-15,7,421.18,58.62,3.0,web,yes,0
101587,36,25457.0,West,2025-11-27,2026-06-28,3,206.55,61.82,3.0,web,no,0
103718,54,89505.0,South,2024-07-10,2026-05-02,7,211.57,42.0,4.0,web,yes,0
102405,30,52379.0,South,2024-08-02,2026-04-30,5,784.15,135.37,5.0,partner,yes,0
100502,28,37562.0,North,2023-04-04,2026-04-12,9,434.98,44.35,5.0,web,yes,0
103407,59,38408.0,West,2024-10-20,2026-04-30,7,492.79,90.47,4.0,Mobile,yes,1
102390,54,33898.0,Budapest,2024-02-15,2026-04-15,7,401.0,68.37,3.0,,yes,0
100309,28,42506.0,Budapest,2024-12-04,2026-04-15,6,123.77,23.71,4.0,web,no,0
102944,49,82620.0,Budapest,2025-03-09,2026-03-27,6,523.98,88.11,2.0,store,yes,1
100587,45,31908.0,Budapest,2025-09-10,2026-05-31,5,236.89,38.8,3.0,web,yes,0
101892,51,28271.0,South,2024-06-04,2026-04-10,6,649.77,99.28,3.0,partner,yes,0
102054,33,44502.0,South,2024-02-07,2026-05-16,4,426.89,116.59,4.0,store,yes,0
103051,45,70342.0,North,2025-07-02,2026-05-22,4,95.63,29.45,5.0,web,yes,1
103012,38,27046.0,North,2024-12-28,2026-04-20,5,324.96,62.12,3.0,,yes,0
102116,54,31690.0,North,2024-09-12,2026-01-05,4,232.34,55.25,3.0,partner,no,1
102348,26,31031.0,South,2024-05-30,2026-05-23,3,204.15,75.91,5.0,web,no,0
103652,57,54150.0,Budapest,2025-01-12,2026-05-04,15,1197.13,68.25,4.0,store,yes,0
100255,38,28981.0,Budapest,2023-06-12,2026-04-20,7,619.59,78.33,4.0,partner,no,0
104332,18,15973.0,North,2024-02-07,2026-06-28,4,145.9,37.63,4.0,store,no,0
102516,44,41218.0,South,2025-02-02,2026-05-05,10,1794.46,198.28,3.0,mobile,no,0
105793,45,53374.0,Budapest,2023-08-10,2026-06-28,5,716.8,116.2,4.0,mobile,no,0
103591,45,122640.0,South,2024-10-10,2026-04-11,7,672.31,71.37,4.0,,yes,0
103990,58,15000.0,North,2024-02-22,2026-03-12,5,282.17,48.19,2.0,web,yes,1
105739,46,25882.0,North,2023-09-21,2026-04-15,3,287.57,87.79,4.0,web,no,0
104866,31,56983.0,Budapest,2025-06-01,2026-06-23,2,188.09,77.22,4.0,web,no,0
102953,47,15000.0,Budapest,2023-02-27,2026-05-08,10,631.03,61.07,3.0,web,yes,0
103536,22,39460.0,South,2024-02-18,2026-04-26,6,353.7,54.62,4.0,web,no,1
102367,43,23310.0,Budapest,2025-01-13,2026-06-28,6,843.27,185.88,3.0,,no,1
100997,21,40437.0,East,2025-12-07,2026-04-25,8,1460.75,217.45,2.0,store,yes,0
105522,40,,Budapest,2024-02-18,2026-05-12,7,472.45,61.69,4.0,web,yes,0
104127,60,77611.0,West,2024-09-16,2026-06-18,6,290.22,50.93,5.0,web,yes,0
101380,35,24122.0,West,2024-12-03,2026-04-24,5,272.63,51.39,4.0,web,no,1
104158,30,25382.0,Budapest,2024-04-14,2026-04-21,7,364.45,66.25,3.0,store,yes,0
104321,48,25780.0,South,2023-06-12,2026-04-16,5,241.7,61.18,4.0,store,yes,0
104429,52,31065.0,Budapest,2024-11-13,2026-05-23,11,531.51,43.61,4.0,Mobile,yes,0
101316,35,47552.0,East,2025-03-11,2026-05-24,5,289.11,70.59,3.0,web,yes,0
100234,24,32783.0,East,2024-02-23,2026-06-07,1,52.6,62.55,5.0,web,yes,0
104734,62,44847.0,Budapest,2025-08-17,2026-05-13,6,360.11,51.48,3.0,partner,yes,0
101484,47,20242.0,Budapest,2023-07-07,2026-04-29,8,437.68,65.5,4.0,store,yes,1
102120,69,25081.0,Budapest,2024-08-27,2026-05-08,2,225.31,117.18,4.0,store,yes,0
103941,35,15214.0,Budapest,2025-06-20,2026-04-08,8,851.45,89.99,1.0,partner,yes,0
104568,52,37638.0,Budapest,2025-02-03,2026-06-11,6,1033.24,153.72,4.0,store,yes,0
100038,46,28043.0,West,2024-10-02,2026-05-03,6,212.88,42.55,3.0,web,yes,1
103263,49,22297.0,Budapest,2023-10-06,2026-06-07,6,535.28,95.39,3.0,store,no,0
102571,45,27808.0,Budapest ,2024-12-28,2026-04-30,11,565.56,55.44,4.0,mobile,no,0
105934,19,44521.0,Budapest,2025-04-27,2026-05-04,7,413.58,57.66,2.0,mobile,yes,0
103510,40,19662.0,Budapest,2023-11-12,2026-03-27,8,304.84,48.83,2.0,web,yes,1
100894,57,17094.0,Budapest,2025-01-01,2026-04-16,1,106.85,100.01,4.0,web,no,0
105719,41,42944.0,Budapest,2024-12-30,2026-06-28,5,226.05,43.13,5.0,mobile,yes,0
102572,41,30088.0,East,2024-12-16,2026-04-05,3,119.51,34.5,3.0,partner,yes,0
100706,30,15000.0,East,2024-05-21,2026-05-29,4,325.06,89.26,3.0,mobile,yes,0
104048,53,23483.0,Budapest,2024-02-20,2026-04-27,4,65.29,15.0,5.0,mobile,no,0
104295,55,27687.0,South,2023-10-26,2026-04-13,6,448.28,67.56,4.0,web,yes,0
102865,47,18202.0,West,2025-09-14,2026-04-05,9,317.88,31.84,4.0,web,no,0
101540,34,63634.0,West,2023-05-28,2026-06-28,7,536.83,75.41,3.0,web,no,1
104695,47,26531.0,West,2023-12-10,2026-05-01,7,476.08,72.25,3.0,store,no,0
100961,37,15459.0,East,2024-06-06,2026-04-16,6,294.01,50.84,4.0,web,no,0
100222,39,39973.0,West,2024-05-13,2026-05-23,8,590.78,84.33,3.0,web,no,1
100866,51,26813.0,North,2023-05-05,2026-04-11,10,1103.29,101.39,3.0,web,no,0
102655,63,15000.0,West,2024-03-31,2026-03-08,8,289.39,37.16,3.0,web,yes,1
103201,7,47099.0,South,2025-11-29,2026-02-07,6,353.98,55.27,4.0,web,no,1
100545,46,40259.0,Budapest,2025-10-06,2026-06-02,8,642.02,84.69,4.0,web,yes,0
102081,50,22606.0,West,2024-02-18,2026-04-06,8,547.22,66.83,2.0,web,yes,1
100168,27,55399.0,South,2025-01-13,2026-04-26,4,392.93,104.83,5.0,mobile,yes,0
100094,70,40935.0,West,2024-10-24,2026-03-30,3,370.0,116.75,4.0,mobile,yes,0
102318,50,37621.0,South,2025-08-30,2026-06-12,3,101.13,33.8,2.0,store,no,0
104611,40,58829.0,South,2024-08-12,2026-05-24,7,901.82,110.35,2.0,web,no,0
104451,39,40492.0,South,2024-10-29,2026-05-04,8,317.85,47.38,2.0,mobile,yes,0
101745,45,,East,2025-03-19,2026-04-27,9,507.14,57.87,5.0,store,yes,0
105441,25,16795.0,Budapest,2024-08-29,2026-04-17,7,529.95,66.52,4.0,web,no,0
102813,35,15000.0,East,2024-10-10,2026-05-24,8,475.67,61.15,3.0,mobile,yes,1
100347,34,54034.0,North,2023-10-07,2026-05-17,3,210.65,73.64,5.0,partner,yes,0
105889,36,64180.0,South,2023-10-04,2026-06-26,6,454.34,69.09,5.0,store,no,0
104920,23,,West,2024-02-06,2026-06-20,12,1352.69,115.25,3.0,web,no,0
102771,18,29949.0,Budapest,2023-10-18,2026-03-23,7,424.05,60.95,3.0,web,no,0
102945,57,26264.0,Budapest,2025-02-09,2026-05-25,5,610.18,143.53,3.0,store,yes,1
102330,48,85265.0,West,2023-11-09,2026-05-22,7,758.52,121.05,5.0,mobile,yes,0
103050,45,41204.0,Budapest,2023-10-14,2026-06-24,6,356.27,61.19,4.0,web,yes,0
103867,22,15000.0,East,2025-08-27,2026-03-27,8,268.15,33.54,2.0,web,no,0
104938,27,17133.0,South,2023-11-26,2026-05-07,8,498.06,59.64,3.0,mobile,no,0
105842,27,47842.0,Budapest,2024-06-02,2026-04-11,7,171.7,27.7,4.0,store,yes,0
100809,59,25398.0,West,2025-02-06,2026-04-05,5,196.18,37.87,4.0,mobile,yes,0
102949,71,84035.0,North,2023-10-05,2026-06-28,7,312.97,53.3,3.0,mobile,yes,0
102304,32,18006.0,West,2025-05-01,2026-06-26,8,840.12,105.94,5.0,mobile,yes,0
104482,32,15000.0,East,2023-03-04,2026-05-15,4,142.58,37.79,2.0,web,no,0
101739,45,39007.0,East,2024-06-14,2026-03-30,5,222.65,41.15,3.0,web,yes,0
100178,46,42309.0,North,2023-03-22,2026-05-03,4,222.49,51.12,3.0,web,no,0
100409,43,40278.0,Budapest,2023-10-25,2026-04-12,8,502.25,59.01,3.0,mobile,no,0
100711,72,31134.0,North,2024-12-15,2026-03-15,5,478.89,92.88,3.0,web,yes,0
101102,34,77247.0,Budapest,2024-08-08,2026-03-02,5,215.56,51.93,3.0,web,yes,0
103985,47,55895.0,West,2023-01-25,2026-04-13,4,281.61,71.12,3.0,mobile,no,0
102906,69,27165.0,East,2024-02-10,2026-05-07,12,1315.63,94.96,2.0,web,yes,0
105524,71,44446.0,East,2024-08-09,2026-05-08,7,285.6,35.65,3.0,web,yes,0
101226,44,18905.0,North,2023-05-19,2026-04-08,7,541.24,74.45,2.0,web,yes,0
103379,54,20423.0,West,2023-05-21,2026-06-23,5,389.64,73.04,5.0,web,no,0
103170,34,31919.0,East,2024-07-26,2026-05-10,9,914.05,108.07,3.0,web,yes,0
104626,51,19483.0,East,2025-06-05,2026-06-28,4,384.98,98.09,5.0,mobile,yes,0
104270,32,34481.0,South,2025-03-02,2026-04-30,7,537.91,71.12,3.0,web,no,0
103376,38,24936.0,West,2023-12-21,2026-06-14,5,207.44,41.18,3.0,web,no,0
103920,33,46463.0,West,2023-06-22,2026-03-04,5,277.77,59.09,2.0,store,no,0
102241,48,22529.0,Budapest,2025-03-16,2026-05-05,6,353.73,63.81,2.0,web,yes,1
105426,35,27257.0,East,2025-10-02,2026-03-19,2,56.41,33.71,4.0,mobile,no,0
100157,33,15586.0,Budapest,2023-07-20,2026-06-10,7,495.7,76.51,3.0,mobile,no,0
105811,24,19432.0,West,2025-04-08,2026-06-28,2,166.93,88.96,4.0,partner,yes,0
105488,41,31555.0,Budapest,2024-08-20,2026-06-26,11,540.8,42.6,3.0,store,yes,0
100880,26,63500.0,East,2024-03-29,2026-06-02,6,552.04,100.76,4.0,web,yes,0
103971,33,41865.0,North,2025-04-27,2026-05-25,3,554.91,166.48,3.0,store,yes,0
100032,30,28384.0,North,2023-03-01,2026-05-21,6,312.48,52.97,4.0,mobile,no,1
100566,18,39829.0,East,2025-11-14,2026-05-15,3,310.16,104.68,4.0,mobile,no,0
102025,61,15000.0,West,2025-08-28,2026-06-13,5,449.81,88.26,5.0,web,yes,1
102459,55,48896.0,Budapest,2023-04-11,2026-05-06,4,301.31,66.94,3.0,mobile,no,0
101966,33,48110.0,Budapest,2025-04-01,2026-05-21,2,181.11,88.25,3.0,store,no,1
104527,44,27493.0,South,2025-03-05,2026-04-30,6,245.69,43.38,5.0,partner,yes,0
100978,30,56813.0,West,2025-08-23,2026-04-29,8,445.82,52.19,5.0,web,no,0
102381,41,,South,2025-05-21,2026-04-28,6,322.64,53.18,4.0,Mobile,no,0
101336,41,31511.0,South,2025-02-02,2026-05-24,5,292.0,66.19,3.0,partner,yes,0
102938,25,25140.0,Budapest,2023-06-11,2026-03-04,8,393.45,61.27,4.0,web,yes,1
101439,19,15000.0,North,2024-10-15,2026-05-08,10,586.12,59.9,3.0,web,yes,0
101618,59,48632.0,East,2025-11-05,2026-06-04,8,665.93,90.37,4.0,mobile,yes,0
105863,37,45192.0,East,2023-07-27,2026-03-05,9,1058.79,113.0,4.0,store,no,0
105382,55,36054.0,East,2025-10-01,2026-05-23,5,248.35,48.54,3.0,web,yes,0
101351,62,40404.0,South,2023-03-06,2026-03-08,7,279.46,43.75,4.0,web,no,0
102324,56,43455.0,Budapest,2023-08-14,2026-05-07,7,853.52,128.15,4.0,partner,yes,0
103902,43,36317.0,South,2025-09-19,2026-06-10,8,537.24,62.34,4.0,web,yes,1
102804,41,38311.0,East,2024-05-26,2026-05-14,5,369.73,71.7,3.0,web,yes,0
103419,55,82045.0,Budapest,2024-08-13,2026-06-26,7,263.91,45.91,3.0,mobile,yes,0
102733,24,52189.0,East,2025-09-10,2026-05-23,4,-165.12009027917946,81.17,3.0,web,no,0
105963,35,23824.0,West,2024-05-11,2026-05-25,7,396.71,58.05,4.0,store,no,0
104457,40,54507.0,Budapest,2025-07-31,2026-05-08,2,146.27,84.71,4.0,mobile,no,0
105651,38,51774.0,North,2024-02-04,2026-05-06,3,227.74,68.27,3.0,mobile,no,0
104201,63,34524.0,Budapest,2025-11-25,2026-05-11,4,213.69,45.16,5.0,mobile,no,1
105203,24,43577.0,Budapest,2025-09-21,2026-06-10,8,461.88,77.28,3.0,mobile,no,0
103571,29,24183.0,South,2024-07-14,2026-05-25,8,943.81,110.48,4.0,web,no,0
102500,67,67554.0,West,2023-06-02,2026-04-04,4,363.2,81.49,3.0,web,yes,0
100081,48,36235.0,East,2024-01-08,2026-04-15,5,692.7,158.22,4.0,,yes,0
105267,35,65579.0,Budapest,2025-01-23,2026-05-06,5,227.68,54.51,4.0,mobile,no,0
105778,38,45324.0,East,2025-07-22,2026-04-18,9,1048.13,106.37,3.0,web,no,0
101195,32,30935.0,South,2025-07-28,2026-04-27,10,1031.53,101.62,2.0,store,yes,0
101210,52,43723.0,West,2023-08-12,2026-05-14,2,80.56,44.45,5.0,mobile,no,0
101489,56,53696.0,North,2025-07-28,2026-04-18,10,717.4,78.72,3.0,web,no,0
101023,32,41811.0,North,2025-10-10,2026-05-19,7,197.35,33.14,4.0,web,no,0
102432,35,28043.0,East,2023-07-25,2026-05-28,11,511.28,48.81,3.0,web,no,0
100788,44,51002.0,Budapest,2023-03-01,2026-06-20,6,236.42,37.55,4.0,store,yes,0
100536,51,19911.0,Budapest,2023-07-06,2026-06-25,7,371.54,55.12,5.0,web,yes,0
102583,56,20384.0,Budapest,2024-10-09,2026-06-01,6,417.86,71.8,4.0,mobile,yes,0
101221,49,30719.0,Budapest,2024-08-14,2026-04-01,6,147.86,25.59,4.0,web,yes,0
104119,55,38823.0,Budapest,2025-09-28,2026-04-22,9,353.51,45.22,4.0,mobile,yes,0
104672,21,20732.0,Budapest,2023-05-16,2026-05-11,6,560.83,84.4,3.0,store,no,0
100264,54,32538.0,Budapest,2023-07-13,2026-05-31,12,412.39,31.07,3.0,store,no,0
104309,42,33360.0,North,2025-10-22,2026-06-12,6,676.56,113.01,4.0,store,no,0
100158,18,22022.0,East,2023-05-19,2026-04-20,3,464.17,123.97,5.0,web,no,0
103106,67,21106.0,East,2023-03-08,2026-05-18,4,575.09,129.98,4.0,store,no,0
102472,39,40293.0,South,2023-08-15,2026-05-28,6,320.31,50.31,4.0,store,yes,0
101770,30,72901.0,South,2025-10-04,2026-04-02,6,210.75,43.27,4.0,mobile,no,0
101043,37,29468.0,East,2025-08-21,2026-04-30,4,226.05,55.85,5.0,web,yes,0
105842,27,47842.0,Budapest,2024-06-02,2026-04-11,7,171.7,27.7,4.0,store,yes,0
105973,38,21997.0,East,2025-02-20,2026-05-09,6,249.86,52.13,4.0,partner,yes,0
101877,27,23195.0,Budapest,2024-04-22,2026-06-09,5,428.17,82.22,2.0,mobile,no,0
104541,45,42017.0,Budapest,2025-01-14,2026-06-01,9,895.88,147.49,3.0,partner,no,0
101303,53,39081.0,South,2024-12-13,2026-05-20,8,948.85,144.55,3.0,store,yes,0
104093,54,35938.0,South,2023-01-02,2026-03-12,7,189.53,33.12,2.0,web,yes,0
102553,18,38492.0,East,2024-10-30,2026-03-11,4,303.57,92.93,3.0,store,yes,0
102919,64,31317.0,Budapest,2023-02-12,2026-06-04,5,376.79,73.02,1.0,store,no,1
101345,45,39819.0,North,2024-01-14,2026-04-14,4,58.37,18.26,4.0,web,yes,0
101673,29,15560.0,South,2024-04-29,2026-06-21,4,178.04,43.51,3.0,partner,no,0
104310,46,26437.0,East,2024-03-18,2026-05-04,11,1124.76,87.82,4.0,web,yes,0
104175,51,15471.0,South,2023-03-05,2026-05-31,10,692.22,68.59,3.0,web,yes,0
101472,51,24500.0,Budapest,2025-12-25,2026-06-28,5,377.22,75.3,4.0,store,no,0
105770,47,21653.0,South,2025-05-06,2026-04-19,5,204.45,40.34,,web,no,1
104138,29,15000.0,South,2024-12-08,2026-06-14,1,82.13,73.56,3.0,mobile,yes,0
104853,40,24436.0,South,2025-02-14,2026-06-08,3,146.4,65.72,4.0,mobile,no,0
101962,48,30969.0,West,2023-08-26,2026-04-29,6,331.14,58.89,4.0,web,yes,0
103131,42,35446.0,West,2025-11-12,2026-06-11,7,600.37,72.76,3.0,web,yes,0
101730,45,39579.0,West,2024-11-03,2026-06-19,4,318.54,72.59,3.0,web,yes,0
101913,46,,North,2023-05-12,2026-04-16,6,150.87,40.95,2.0,web,yes,1
105405,51,59423.0,East,2024-07-15,2026-04-07,5,324.97,54.52,4.0,mobile,no,0
101222,27,23780.0,Budapest,2025-01-19,2026-05-27,7,756.9,101.36,3.0,web,no,0
102706,42,33812.0,West,2025-03-13,2026-03-18,12,864.57,76.16,5.0,mobile,no,0
104598,18,15000.0,Budapest,2023-04-14,2026-05-28,6,355.38,63.99,5.0,mobile,yes,0
105575,32,34308.0,Budapest,2023-02-06,2026-06-20,6,293.25,49.5,3.0,store,no,0
100473,56,41111.0,Budapest,2024-01-22,2026-05-15,4,499.8,115.17,3.0,partner,yes,0
105358,31,48915.0,West,2023-05-20,2026-04-04,6,198.89,46.84,3.0,partner,no,0
103784,66,17996.0,Budapest,2025-09-05,2026-04-12,3,332.09,86.13,3.0,WEB,yes,0
102999,47,33222.0,North,2025-08-23,2026-06-28,7,354.02,62.72,4.0,partner,yes,0
103495,28,33928.0,Budapest,2025-01-22,2026-06-09,4,144.49,37.35,4.0,web,yes,0
101771,33,22883.0,East,2023-03-09,2026-06-25,6,342.22,55.85,3.0,web,no,0
102289,41,34553.0,Budapest,2025-07-15,2026-03-22,6,301.53,50.18,4.0,web,yes,0
102376,50,31689.0,Budapest,2023-04-14,2026-06-04,7,313.41,47.55,4.0,mobile,yes,0
101672,36,27293.0,East,2023-05-20,2026-06-28,5,442.33,96.86,4.0,,no,0
104811,61,47688.0,West,2023-09-27,2026-06-22,8,336.68,41.34,3.0,web,no,1
101927,39,24288.0,West,2023-07-11,2026-06-21,9,918.98,96.16,4.0,web,yes,0
105501,36,49905.0,Budapest,2024-10-27,2026-04-13,5,175.11,40.45,3.0,mobile,yes,0
105248,41,32458.0,Budapest,2025-03-31,2026-05-31,6,1182.17,196.92,5.0,mobile,yes,0
101109,48,18527.0,North,2024-05-28,2026-05-11,3,161.79,57.28,3.0,web,yes,0
100402,51,34472.0,North,2025-07-23,2026-05-15,5,417.54,71.5,5.0,web,yes,0
101670,46,27584.0,South,2023-10-25,2026-04-26,3,345.28,101.92,3.0,mobile,no,1
104843,26,61889.0,Budapest,2025-03-12,2026-05-29,5,262.97,60.24,3.0,web,yes,0
100051,58,15069.0,Budapest,2024-08-08,2026-06-13,5,647.18,124.55,4.0,mobile,yes,0
105297,33,25055.0,North,2024-01-29,2026-03-12,6,549.58,96.57,3.0,store,no,0
100927,42,40617.0,Budapest,2025-08-10,2026-04-14,4,447.61,129.75,5.0,web,yes,0
102752,37,56188.0,South,2025-09-21,2026-04-12,8,422.08,53.66,4.0,web,yes,0
103629,48,34966.0,East,2025-05-24,2026-05-09,6,1183.14,211.5,3.0,partner,yes,0
100731,38,19138.0,Budapest,2023-09-08,2026-05-10,8,732.31,97.95,3.0,store,yes,1
101324,46,15822.0,South,2023-12-23,2026-06-12,6,896.36,157.63,3.0,partner,no,0
103009,46,24120.0,Budapest,2023-01-29,2026-06-17,7,369.12,53.86,4.0,mobile,no,0
100627,39,,South,2023-01-12,2026-03-10,3,168.66,46.23,5.0,mobile,yes,1
101169,20,47385.0,South,2024-03-15,2026-05-17,5,207.98,46.32,3.0,,yes,0
104532,31,31316.0,Budapest,2024-11-11,2026-05-09,7,583.74,83.91,3.0,web,yes,1
104885,44,38597.0,South,2023-05-10,2026-05-31,4,260.05,52.76,5.0,store,yes,0
104067,43,70043.0,Budapest,2025-08-27,2026-03-26,6,574.9,94.92,4.0,,yes,0
103796,18,40691.0,East,2024-01-13,2026-05-16,2,67.56,42.62,3.0,mobile,yes,0
103410,18,68201.0,Budapest,2023-05-16,2026-05-06,5,363.39,79.79,4.0,mobile,no,0
102288,44,49535.0,South,2025-04-02,2026-03-20,6,863.51,131.07,4.0,partner,yes,0
103211,49,26876.0,West,2025-05-05,2026-04-09,4,261.92,66.89,4.0,partner,yes,1
105061,43,24856.0,Budapest,2023-05-02,2026-05-23,7,520.31,78.87,4.0,web,no,1
104907,53,23339.0,South,2024-08-08,2026-04-19,4,243.92,71.94,3.0,mobile,yes,0
105726,61,55946.0,North,2023-12-05,2026-05-15,5,202.68,41.28,4.0,web,yes,0
101363,58,31479.0,East,2025-08-28,2026-03-14,5,768.38,136.06,4.0,store,no,0
100882,32,41273.0,East,2025-07-12,2026-06-28,5,479.01,97.96,5.0,mobile,no,0
104727,32,38434.0,South,2024-02-17,2026-05-25,8,322.21,57.93,4.0,store,no,0
100240,50,41659.0,Budapest,2024-01-11,2026-05-05,5,236.69,39.66,5.0,mobile,no,0
100200,30,44602.0,Budapest,2024-10-29,2026-05-20,4,377.91,86.33,4.0,partner,yes,0
103091,48,22906.0,South,2024-12-04,2026-06-06,8,216.78,25.67,4.0,mobile,no,0
102520,35,43896.0,Budapest,2025-09-10,2026-06-28,4,305.34,66.81,4.0,web,no,0
103828,50,82629.0,Budapest,2023-04-23,2026-05-03,9,1168.9,125.2,4.0,mobile,yes,0
101778,35,,West,2025-09-05,2026-03-14,5,521.68,105.74,3.0,store,no,1
103589,43,32478.0,South,2023-11-12,2026-06-28,5,540.83,110.94,4.0,store,yes,0
102145,35,24913.0,Budapest,2025-03-20,2026-05-01,5,494.57,84.32,3.0,mobile,no,0
103350,32,37394.0,West,2024-08-26,2026-06-05,6,181.67,38.26,4.0,web,yes,0
102340,55,36585.0,Budapest,2023-09-08,2026-03-11,5,167.91,32.16,3.0,store,yes,0
101087,27,23508.0,South,2024-07-03,2026-06-28,5,152.35,27.36,4.0,store,yes,0
100102,45,29193.0,East,2024-07-06,2026-02-26,5,456.25,91.85,4.0,web,yes,0
101774,54,15000.0,North,2023-12-20,2026-02-13,5,281.41,49.17,2.0,partner,no,1
100707,51,38623.0,South,2025-04-30,2026-03-27,6,235.57,35.88,4.0,,yes,0
101361,18,28916.0,East,2025-01-01,2026-05-10,6,705.82,98.47,4.0,mobile,yes,0
105510,25,20026.0,East,2025-10-13,2026-04-12,7,279.02,39.7,3.0,web,yes,0
105987,18,26843.0,Budapest,2024-07-24,2026-04-24,8,667.47,84.76,5.0,web,no,0
105920,58,38097.0,Budapest,2023-11-07,2026-05-08,3,273.94,125.95,4.0,mobile,yes,0
104011,66,73897.0,Budapest,2025-07-12,2026-04-21,4,399.5,113.21,5.0,store,yes,0
101488,38,29169.0,West,2024-09-28,2026-03-02,5,1051.61,204.97,4.0,web,yes,1
105331,23,58999.0,South,2024-12-08,2026-05-26,9,630.6,63.3,4.0,mobile,yes,0
103348,24,44468.0,East,2023-08-03,2026-04-18,6,257.9,39.18,4.0,store,no,0
105867,44,18513.0,South,2024-04-09,2026-04-20,6,340.51,53.34,5.0,web,no,0
102612,37,32742.0,South,2023-08-14,2026-06-28,12,709.07,62.64,4.0,store,yes,0
104681,37,16183.0,North,2023-05-10,2026-03-24,5,331.2,66.76,3.0,mobile,yes,1
102134,57,32809.0,North,2025-05-06,2026-06-02,4,471.71,121.21,2.0,store,no,0
103712,43,18900.0,South,2024-09-16,2026-05-28,6,777.51,149.02,2.0,web,no,0
104490,53,60678.0,East,2023-12-27,2026-05-30,2,52.15,25.39,5.0,mobile,no,0
102234,18,18459.0,North,2024-08-18,2026-05-03,8,267.62,38.11,4.0,mobile,no,0
102277,58,32376.0,East,2023-05-13,2026-04-26,8,376.43,34.91,2.0,Mobile,no,1
100324,62,15000.0,East,2024-11-19,2026-05-12,5,207.89,40.16,4.0,web,no,0
100811,26,23668.0,Budapest,2025-08-20,2026-04-05,5,418.21,87.44,3.0,web,yes,0
102198,58,,West,2025-05-06,2026-05-09,7,909.94,112.73,5.0,web,yes,0
104395,46,54266.0,West,2023-09-14,2026-06-02,6,432.01,62.44,3.0,mobile,yes,0
105580,45,43503.0,South,2024-09-03,2026-04-13,6,592.02,91.09,4.0,mobile,yes,0
105163,43,24232.0,Budapest,2023-12-22,2026-05-25,6,555.81,92.38,3.0,web,yes,0
105596,26,49582.0,East,2023-05-10,2026-05-13,6,708.76,113.87,3.0,web,yes,0
101322,40,31439.0,West,2025-11-10,2026-05-13,5,626.98,121.55,2.0,web,yes,0
104096,20,16495.0,Budapest,2025-10-23,2026-06-16,6,451.8,77.76,5.0,mobile,yes,0
100320,40,47696.0,North,2025-12-10,2026-06-28,6,301.17,53.48,3.0,mobile,yes,0
100812,44,21106.0,Budapest,2025-03-07,2026-03-23,5,202.35,49.96,3.0,web,no,1
103938,41,34259.0,East,2023-09-06,2026-03-24,9,520.94,64.77,4.0,web,yes,0
104391,37,15009.0,Budapest,2023-10-02,2026-04-09,5,569.13,102.08,3.0,mobile,yes,0
102597,31,44173.0,Budapest,2025-06-18,2026-04-28,6,254.89,38.95,3.0,mobile,yes,0
105587,43,103436.0,East,2025-12-08,2026-04-21,7,231.56,38.39,5.0,store,yes,0
105012,44,,East,2025-01-05,2026-05-15,7,683.73,93.67,4.0,store,yes,0
101874,44,15000.0,North,2023-12-21,2026-05-09,5,399.77,81.02,3.0,,yes,0
102477,25,18378.0,Budapest,2023-11-01,2026-06-11,2,66.67,36.7,4.0,store,yes,0
103096,45,31229.0,Budapest,2023-11-22,2026-06-13,7,674.61,102.65,5.0,mobile,yes,0
100325,31,43718.0,South,2025-10-12,2026-06-03,5,401.81,80.32,3.0,mobile,yes,0
102647,39,34832.0,South,2024-11-13,2026-05-07,7,269.64,37.49,3.0,mobile,yes,0
105567,35,40288.0,East,2025-03-16,2026-05-31,7,269.62,40.94,3.0,mobile,yes,0
100326,39,28172.0,East,2023-07-08,2026-05-23,4,486.23,112.62,3.0,web,no,1
101045,64,24287.0,Budapest,2024-07-08,2026-04-16,4,332.59,87.41,4.0,partner,yes,0
104306,53,35486.0,Budapest,2025-09-23,2026-05-03,10,554.34,52.54,4.0,mobile,yes,1
100133,35,,East,2024-09-07,2026-05-02,5,453.59,90.91,5.0,store,yes,0
102452,56,31146.0,South,2024-01-24,2026-04-07,8,732.18,84.1,4.0,WEB,no,0
100677,40,45627.0,North,2025-02-23,2026-04-24,3,440.23,145.51,,mobile,yes,0
103130,47,67989.0,North,2025-01-02,2026-05-16,6,170.43,33.14,4.0,mobile,no,0
103393,24,59909.0,North,2023-12-30,2026-05-20,3,478.96,144.88,5.0,mobile,yes,0
102882,49,27705.0,Budapest,2025-05-03,2026-05-06,11,864.37,68.36,4.0,partner,yes,0
102806,28,40855.0,Budapest,2024-01-31,2026-05-26,6,356.52,61.49,4.0,mobile,yes,0
102519,54,37441.0,East,2025-01-07,2026-06-28,2,141.38,59.1,4.0,mobile,yes,0
100997,21,40437.0,East,2025-12-07,2026-04-25,8,1460.75,217.45,2.0,store,yes,0
101422,22,28240.0,West,2024-12-27,2026-04-09,3,122.69,44.02,5.0,web,no,1
102300,46,15806.0,South,2023-09-30,2026-05-29,7,417.66,69.11,4.0,web,yes,1
103878,28,37252.0,North,2025-01-29,2026-04-28,8,344.07,43.07,3.0,store,yes,0
103989,56,40075.0,North,2025-12-31,2026-05-30,5,184.03,37.28,2.0,web,yes,0
105303,47,39818.0,South,2025-01-03,2026-06-13,8,273.46,48.46,4.0,partner,no,0
105206,51,31682.0,Budapest,2024-09-04,2026-06-02,2,156.62,76.17,4.0,web,yes,0
100372,29,15000.0,Budapest,2024-03-03,2026-05-27,4,252.18,66.26,4.0,web,no,0
102898,27,28278.0,Budapest,2025-08-27,2026-05-12,5,325.31,68.14,4.0,web,yes,0
103863,48,49233.0,East,2025-10-25,2026-05-12,7,387.26,57.69,3.0,web,yes,0
101074,63,36098.0,North,2023-11-15,2026-04-02,5,559.63,102.52,4.0,mobile,yes,0
101648,51,51490.0,South,2024-12-05,2026-04-08,7,454.99,68.74,5.0,web,no,0
104801,31,33710.0,West,2023-10-16,2026-04-09,5,559.46,91.42,3.0,web,no,0
104982,56,15000.0,Budapest,2025-04-19,2026-05-12,9,609.01,63.8,4.0,web,yes,0
101884,49,28869.0,South,2024-05-03,2026-05-09,7,237.37,37.56,3.0,store,yes,0
100169,50,61968.0,Budapest,2025-07-29,2026-05-01,5,341.26,62.69,3.0,web,yes,0
102674,44,27628.0,West,2023-05-04,2026-04-29,5,285.29,61.5,6.0,web,yes,0
101194,25,33169.0,North,2025-11-14,2026-03-26,4,175.98,35.47,3.0,mobile,no,0
105038,39,35563.0,Budapest,2023-04-08,2026-04-24,10,1527.82,180.39,3.0,mobile,no,0
102765,38,27179.0,Budapest,2024-11-22,2026-05-28,6,174.11,31.41,4.0,web,yes,0
103530,26,27120.0,West,2024-12-19,2026-06-22,10,318.47,30.46,5.0,web,no,0
104607,47,20122.0,South,2024-10-02,2026-06-28,4,154.81,51.96,3.0,web,yes,1
102847,41,79213.0,Budapest,2023-06-24,2026-05-21,4,451.49,117.42,5.0,store,no,0
102214,49,80886.0,West,2025-07-29,2026-06-28,6,263.26,44.14,4.0,mobile,yes,0
103690,48,37556.0,West,2025-03-28,2026-06-28,15,1329.32,86.19,3.0,web,yes,0
102421,70,30609.0,Budapest,2023-03-09,2026-06-25,6,381.68,67.23,4.0,web,no,0
102440,53,19442.0,South,2024-07-20,2026-04-20,4,775.2,176.79,2.0,web,yes,1
100231,49,25952.0,Budapest,2025-12-13,2026-06-28,2,73.32,51.0,5.0,partner,no,0
105895,41,65291.0,Budapest,2024-05-09,2026-06-12,9,575.93,67.48,,web,no,0
105860,40,15000.0,Budapest,2024-03-30,2026-06-14,6,389.83,65.08,3.0,mobile,no,1
105337,65,48181.0,East,2025-10-22,2026-05-13,6,221.16,38.46,5.0,,no,0
101182,41,47447.0,Budapest,2024-12-02,2026-04-08,12,1142.81,107.63,4.0,mobile,no,0
103363,60,49503.0,East,2023-08-19,2026-05-23,4,250.73,54.81,4.0,mobile,yes,0
101346,47,58022.0,East,2023-06-04,2026-05-17,5,700.23,125.64,4.0,mobile,yes,1
101804,41,35085.0,East,2025-03-05,2026-04-20,8,309.07,41.58,4.0,mobile,yes,0
100477,43,20528.0,West,2025-10-30,2026-06-04,6,604.07,105.76,,store,yes,1
101033,32,39043.0,West,2025-11-24,2026-06-20,4,315.6,68.35,4.0,web,yes,0
100018,63,28131.0,Budapest,2025-04-17,2026-06-12,7,975.74,129.23,5.0,store,yes,0
103694,51,34560.0,East,2025-04-14,2026-06-16,6,383.14,60.13,4.0,web,yes,0
100743,42,21956.0,South,2025-04-06,2026-06-08,1,81.52,91.12,4.0,web,yes,0
104842,31,48630.0,West,2025-10-08,2026-04-13,4,402.9,95.28,3.0,mobile,yes,0
102118,49,27678.0,Budapest,2024-03-15,2026-04-20,7,429.37,51.95,4.0,web,yes,0
102358,46,17414.0,West,2023-09-15,2026-05-18,10,255.69,22.44,,web,yes,1
100440,23,29644.0,East,2025-01-27,2026-05-13,8,515.43,80.18,5.0,mobile,no,0
104955,30,77190.0,Budapest,2024-06-01,2026-05-04,2,194.8,89.51,5.0,partner,yes,0
101486,34,46385.0,Budapest,2023-08-14,2026-04-18,9,502.85,61.25,4.0,store,yes,0
104101,41,28113.0,Budapest,2025-05-18,2026-05-23,5,264.77,68.1,3.0,partner,yes,0
100806,23,123982.0,Budapest,2024-12-13,2026-05-22,13,448.24,37.87,4.0,store,no,0
101176,35,37233.0,South,2024-05-30,2026-06-28,4,142.54,52.74,,web,no,0
104352,38,34436.0,Budapest,2024-06-20,2026-06-28,6,470.17,68.58,3.0,mobile,no,0
103064,29,75942.0,North,2023-03-23,2026-05-17,7,413.79,50.46,4.0,store,no,0
105406,41,35118.0,South,2024-10-07,2026-06-10,7,349.14,45.72,3.0,web,no,0
104291,47,32044.0,Budapest,2025-07-28,2026-06-28,7,625.78,80.53,4.0,web,yes,0
104972,42,36798.0,Budapest,2025-01-11,2026-04-10,6,254.62,45.66,4.0,store,no,0
103468,58,23999.0,Budapest,2025-04-10,2026-05-07,3,160.27,55.1,4.0,mobile,no,0
101510,38,51331.0,South,2025-10-14,2025-08-30,9,406.65,43.66,4.0,mobile,yes,0
102245,37,42512.0,West,2023-07-12,2026-06-28,4,396.73,78.48,3.0,partner,yes,1
102183,38,43442.0,South,2024-05-09,2026-06-28,4,246.16,57.51,5.0,mobile,yes,0
103333,39,31981.0,Budapest,2025-04-16,2026-06-10,4,742.24,166.62,4.0,web,yes,0
100394,18,22966.0,East,2023-06-10,2026-06-03,6,323.46,51.23,4.0,web,no,0
101737,37,16936.0,North,2024-04-13,2026-06-01,5,313.8,58.12,3.0,store,no,0
102628,51,30302.0,West,2025-05-02,2026-06-06,8,447.01,60.25,4.0,partner,yes,0
103528,27,21662.0,Budapest,2023-12-09,2026-06-23,4,337.04,76.18,5.0,web,yes,0
103853,43,21109.0,West,2025-11-13,2026-03-27,10,790.7,69.63,4.0,web,yes,0
105736,60,18613.0,North,2023-01-04,2026-05-08,1,44.93,50.51,4.0,partner,yes,1
105246,46,49763.0,East,2025-12-12,2026-06-26,8,781.63,97.12,4.0,mobile,yes,0
105179,18,23320.0,West,2023-05-22,2026-06-28,8,327.87,50.89,4.0,partner,yes,0
100015,32,34302.0,West,2024-03-13,2026-03-18,9,497.14,53.58,5.0,web,no,0
105664,42,30550.0,Budapest,2024-09-11,2026-06-28,5,441.58,83.5,4.0,web,no,0
103772,47,31889.0,North,2024-09-16,2026-06-14,5,326.12,63.49,5.0,store,yes,0
102058,24,33771.0,West,2023-09-26,2026-05-07,7,254.64,42.68,4.0,web,no,0
101515,56,31684.0,North,2025-09-11,2026-05-17,7,252.28,44.03,4.0,store,yes,0
101906,30,57769.0,West,2023-09-21,2026-05-09,4,138.45,39.42,3.0,web,no,0
100470,49,15650.0,West,2025-10-02,2026-05-09,2,154.71,76.4,3.0,store,yes,0
100411,39,46438.0,East,2023-06-30,2026-05-13,5,476.41,87.84,3.0,web,yes,1
104126,34,27251.0,Budapest,2025-04-06,2026-04-29,9,710.08,79.55,3.0,web,yes,0
100562,28,39843.0,Budapest,2023-02-14,2026-04-28,6,302.2,50.21,5.0,web,yes,1
100577,70,30138.0,North,2023-04-30,2026-05-15,5,588.38,95.9,5.0,mobile,yes,0
103928,50,23149.0,South,2024-06-14,2026-04-29,3,265.83,91.92,4.0,web,yes,0
100066,38,31158.0,East,2025-04-23,2026-05-18,12,682.08,50.56,4.0,store,yes,0
105228,65,22890.0,Budapest,2023-11-13,2026-04-15,5,184.54,34.5,4.0,store,yes,0
101514,52,35666.0,South,2023-09-14,2026-06-15,7,377.78,62.79,4.0,mobile,no,1
103210,31,0.0,Budapest,2023-08-07,2026-06-25,10,1190.08,129.05,4.0,store,yes,0
101838,54,27395.0,West,2023-11-07,2026-05-09,10,863.41,86.95,4.0,store,yes,0
103978,57,36802.0,Budapest,2025-07-07,2026-06-20,9,1324.39,134.62,4.0,store,yes,0
100352,54,29541.0,Budapest,2023-12-31,2026-04-24,7,527.03,77.75,3.0,partner,yes,0
105008,31,33707.0,East,2025-09-05,2026-06-11,7,376.12,50.97,5.0,mobile,yes,0
102237,35,,Budapest,2024-02-16,2026-05-16,7,399.01,61.94,4.0,partner,yes,0
104971,56,35073.0,East,2024-01-11,2026-06-14,5,606.47,111.46,4.0,mobile,yes,0
105560,53,15000.0,Budapest,2023-01-07,2026-06-28,7,791.29,88.44,5.0,mobile,yes,0
103904,57,34572.0,East,2025-05-13,2026-04-05,10,523.68,49.2,3.0,mobile,yes,0
102981,49,47562.0,East,2025-09-17,2026-06-28,6,482.11,91.15,2.0,Mobile,yes,1
100535,40,35384.0,Budapest,2025-02-09,2026-06-04,7,597.32,82.1,4.0,mobile,yes,0
101942,32,,West,2023-03-09,2026-06-18,6,450.38,72.11,5.0,web,no,0
100089,58,34255.0,Budapest,2024-11-24,2026-04-25,7,346.26,57.62,4.0,web,no,0
102465,36,73252.0,Budapest,2025-03-21,2026-06-28,7,526.25,66.18,3.0,mobile,no,0
100908,40,75425.0,Budapest,2025-02-13,2026-05-31,9,413.02,55.69,4.0,store,yes,0
104779,31,25821.0,Budapest,2025-07-25,2026-04-30,6,360.59,73.17,5.0,store,yes,0
102933,31,31779.0,East,2025-07-24,2026-06-18,10,1677.65,177.22,5.0,web,no,0
101873,31,33069.0,North,2024-01-16,2026-05-09,3,554.33,204.97,4.0,web,no,1
102165,57,34851.0,South,2025-11-07,2026-03-12,7,196.39,33.21,4.0,web,yes,0
102192,44,27159.0,East,2024-08-10,2026-05-18,9,385.04,63.89,4.0,store,yes,0
101098,36,16356.0,South,2023-03-31,2026-03-18,5,270.19,52.87,2.0,web,yes,0
100801,3,15000.0,South,2024-12-07,2026-06-11,8,543.37,60.66,3.0,web,yes,0
102485,39,57000.0,South,2025-11-26,2026-05-06,7,450.73,60.59,3.0,store,yes,0
105318,39,37317.0,North,2024-01-19,2026-04-17,10,798.99,75.19,2.0,web,yes,0
103040,42,39032.0,East,2024-09-21,2026-06-04,6,510.25,103.03,2.0,web,yes,0
100421,42,33474.0,East,2025-02-22,2026-03-22,7,238.82,35.1,3.0,web,yes,0
105124,31,42723.0,East,2025-10-16,2026-06-23,7,1144.46,158.49,4.0,web,yes,0
103979,58,32823.0,West,2024-12-06,2026-06-26,4,124.54,23.48,4.0,web,yes,0
100374,61,24108.0,Budapest,2023-01-14,2026-04-19,9,676.44,66.99,2.0,store,yes,0
104393,51,21399.0,West,2024-07-28,2026-05-31,9,425.96,47.97,3.0,mobile,yes,0
105100,39,23989.0,South,2023-01-24,2026-05-23,6,141.72,30.07,4.0,mobile,no,0
104910,28,41314.0,Budapest,2025-03-31,2026-05-11,5,249.37,51.97,3.0,partner,yes,0
101352,18,16055.0,South,2023-07-19,2026-04-04,4,293.33,84.16,5.0,web,no,0
105750,48,30030.0,North,2024-04-03,2026-05-31,11,391.78,36.64,3.0,store,yes,0
101903,56,,South,2024-03-09,2026-06-28,8,643.16,103.89,4.0,partner,yes,0
101872,40,98904.0,West,2023-10-30,2026-05-27,7,422.05,64.53,3.0,web,yes,0
104246,53,19678.0,Budapest,2024-03-14,2026-06-28,5,536.37,94.24,3.0,store,yes,0
102111,53,32242.0,West,2024-06-27,2026-04-13,5,353.73,71.26,2.0,web,no,1
102759,37,40866.0,East,2024-04-15,2026-06-26,4,333.68,84.52,3.0,web,no,0
102448,51,66062.0,West,2023-08-23,2026-06-25,5,355.66,63.83,3.0,mobile,yes,0
103602,47,31434.0,Budapest,2023-12-14,2026-05-13,4,153.84,38.76,3.0,web,yes,0
104864,50,38577.0,South,2025-01-25,2026-05-25,7,253.18,41.6,4.0,web,yes,0
104259,60,15000.0,North,2024-03-20,2026-05-10,6,271.77,48.06,4.0,web,yes,1
101331,45,,South,2025-02-20,2026-06-03,8,1134.91,138.43,5.0,web,no,0
102349,63,17659.0,Budapest,2024-08-11,2026-05-25,9,1007.96,136.52,4.0,web,yes,0
100605,48,20168.0,North,2025-12-24,2026-06-02,6,161.11,29.6,3.0,store,yes,0
102523,55,28162.0,West,2024-11-17,2026-06-24,4,187.1,54.92,4.0,partner,no,0
104825,42,23615.0,West,2023-01-09,2026-06-10,5,441.03,98.13,5.0,web,yes,0
101003,33,34562.0,Budapest,2024-03-30,2026-05-26,6,481.15,87.33,4.0,mobile,yes,0
100182,23,32730.0,North,2024-07-02,2026-05-09,4,183.54,49.88,4.0,mobile,no,0
103850,52,38438.0,Budapest,2025-01-01,2026-04-16,8,383.84,46.26,5.0,web,no,0
102253,34,44122.0,West,2025-07-26,2026-04-20,8,471.12,55.17,4.0,store,no,1
101050,18,25612.0,Budapest,2024-12-31,2026-01-06,6,394.2,59.41,4.0,web,no,1
104401,32,55435.0,South,2024-09-17,2026-05-23,7,242.43,32.63,4.0,partner,yes,0
102030,29,40680.0,East,2023-09-12,2026-06-28,2,76.73,30.69,4.0,mobile,no,0
105826,55,31640.0,Budapest,2024-11-03,2026-06-28,5,378.25,74.95,4.0,web,no,0
103434,51,23012.0,Budapest,2024-12-03,2026-06-28,4,170.6,38.2,4.0,mobile,yes,0
102641,29,38085.0,East,2023-03-25,2026-05-16,5,322.98,73.15,4.0,web,yes,0
103845,56,33165.0,North,2024-05-02,2026-05-23,5,439.39,89.66,4.0,web,no,0
103782,27,29629.0,South,2025-10-04,2026-05-09,3,160.99,55.1,5.0,mobile,no,0
100507,41,24247.0,Budapest,2025-11-04,2026-06-07,4,280.96,59.47,4.0,partner,no,0
100748,47,42072.0,West,2023-01-14,2026-05-05,8,510.65,56.42,4.0,mobile,yes,0
103126,39,87142.0,Budapest,2025-05-20,2026-04-17,6,428.06,65.74,5.0,partner,no,0
100260,29,21300.0,East,2025-08-12,2026-04-09,5,244.26,43.82,2.0,web,yes,0
100280,25,51586.0,South,2025-04-18,2026-05-20,2,82.86,46.06,3.0,web,no,0
101296,39,36313.0,West,2023-12-22,2026-06-28,5,284.46,57.54,4.0,partner,yes,0
104569,44,,East,2025-12-29,2026-06-02,7,120.9,22.2,3.0,web,no,0
100199,36,38465.0,Budapest,2024-05-21,2026-03-30,5,239.37,42.46,4.0,mobile,no,0
101633,45,23701.0,East,2025-09-05,2026-02-21,5,301.69,54.39,4.0,store,yes,1
104265,41,26835.0,East,2023-09-13,2026-04-08,4,97.83,32.02,3.0,web,no,0
102593,24,36859.0,East,2025-05-26,2026-06-22,9,182.68,20.59,4.0,store,yes,0
101481,22,19829.0,West,2025-06-06,2026-04-30,3,165.39,53.06,3.0,mobile,yes,1
105073,49,47911.0,West,2023-12-21,2026-05-26,4,264.9,68.72,4.0,store,no,0
104709,31,81071.0,Budapest,2023-04-01,2026-05-09,4,283.93,84.34,4.0,mobile,yes,0
101469,40,19928.0,South,2023-02-12,2026-06-01,4,84.93,20.66,5.0,store,yes,0
100623,34,22754.0,North,2025-07-29,2026-04-25,4,313.45,75.04,4.0,web,yes,0
104830,34,22286.0,North,2023-04-03,2026-03-14,6,432.74,60.35,2.0,mobile,no,1
104690,53,37210.0,South,2024-01-10,2026-06-28,7,684.84,102.31,3.0,partner,yes,0
105907,29,,East,2023-02-25,2026-05-06,5,347.17,60.04,3.0,mobile,yes,0
103670,35,64233.0,East,2025-03-19,2026-04-30,5,379.42,96.71,4.0,store,yes,0
105171,41,23822.0,East,2024-05-26,2026-06-19,8,322.38,44.99,3.0,,yes,0
100813,61,26408.0,North,2024-08-13,2026-05-02,8,457.41,61.27,5.0,web,no,0
104357,22,54446.0,North,2025-09-04,2026-02-26,5,753.57,140.07,2.0,mobile,no,0
102595,52,21731.0,Budapest,2024-01-08,2026-05-25,4,481.52,123.11,3.0,web,no,0
100795,45,49841.0,Budapest,2024-08-20,2026-06-01,3,528.07,138.69,5.0,mobile,yes,0
102634,50,38274.0,East,2023-12-20,2026-02-28,6,514.45,76.97,5.0,mobile,yes,0
103359,43,15305.0,East,2025-06-25,2026-06-14,4,257.49,62.14,4.0,mobile,no,0
103865,44,29157.0,North,2023-02-25,2026-04-30,8,430.2,47.26,5.0,web,yes,1
102836,38,26767.0,East,2024-03-11,2026-06-28,3,280.4,113.84,5.0,web,yes,0
101224,56,36612.0,East,2023-08-03,2026-05-21,6,823.75,124.84,4.0,web,yes,0
101034,27,19925.0,North,2024-07-16,2026-06-28,8,1243.38,152.02,2.0,web,yes,0
103940,34,34715.0,Budapest,2025-05-27,2026-05-08,6,642.84,105.71,4.0,store,no,0
103190,58,63913.0,Budapest,2025-05-22,2026-04-16,10,298.71,35.7,3.0,mobile,yes,0
105948,36,23038.0,East,2025-07-11,2026-04-22,5,125.23,25.96,4.0,mobile,yes,0
100016,39,46534.0,Budapest,2025-09-22,2026-03-30,8,789.86,99.21,3.0,web,yes,0
105456,47,41391.0,East,2023-05-03,2026-04-24,7,173.1,28.81,3.0,web,no,0
101164,44,23098.0,Budapest,2023-07-15,2026-05-10,6,637.64,106.66,4.0,store,yes,0
101145,54,46970.0,West,2025-11-05,2026-06-28,3,127.01,37.59,3.0,store,no,0
103856,37,79145.0,Budapest,2023-12-22,2026-05-20,6,234.8,48.09,4.0,web,yes,0
105370,27,74456.0,Budapest,2024-03-07,2026-06-09,5,231.29,50.04,3.0,store,yes,0
102403,41,26541.0,South,2023-06-10,2026-06-10,5,215.95,47.18,4.0,mobile,no,0
101671,53,24995.0,Budapest,2024-11-26,2026-05-31,6,387.36,75.2,5.0,partner,yes,0
103438,50,29722.0,Budapest,2024-11-03,2026-05-11,2,66.08,37.54,5.0,store,yes,0
103489,28,28789.0,Budapest,2025-07-20,2026-03-11,4,181.74,46.79,5.0,partner,no,0
103231,28,53243.0,West,2023-07-19,2026-04-07,10,336.06,37.43,5.0,web,yes,0
105186,18,23555.0,South,2025-04-28,2026-05-20,7,552.16,77.36,5.0,web,yes,0
101653,50,38716.0,Budapest,2024-04-26,2026-04-07,1,37.83,47.24,3.0,mobile,yes,0
100784,32,15927.0,East,2024-07-22,2026-05-15,6,529.22,89.29,4.0,web,yes,0
105229,20,54073.0,Budapest,2024-04-24,2026-03-27,7,739.96,112.55,3.0,mobile,yes,0
100713,39,68089.0,South,2024-06-01,2026-05-13,3,435.61,135.44,5.0,web,yes,0
105009,45,27052.0,East,2023-07-07,2026-02-20,3,121.34,43.22,5.0,web,no,1
105653,45,,East,2025-06-02,2026-05-17,5,500.83,95.73,3.0,mobile,no,0
100995,64,,North,2024-02-20,2026-05-01,7,482.43,69.04,5.0,store,no,0
102543,37,24907.0,Budapest,2024-10-19,2026-04-19,5,266.16,57.6,3.0,web,yes,0
101420,36,19209.0,North,2023-10-06,2026-05-17,3,401.05,127.64,5.0,web,no,0
105997,47,77452.0,East,2025-10-12,2026-05-18,8,426.25,54.4,4.0,web,yes,0
104913,32,33121.0,West,2024-11-10,2026-06-28,9,381.98,45.94,3.0,mobile,yes,0
101372,22,25239.0,North,2024-05-22,2026-04-24,6,275.49,48.84,3.0,store,yes,0
105290,48,64349.0,East,2023-06-08,2026-04-19,10,535.19,56.3,3.0,web,no,0
100684,37,81197.0,West,2025-11-02,2026-04-20,9,520.26,64.76,3.0,store,yes,0
100009,36,26077.0,Budapest,2024-06-14,2026-06-09,5,289.45,56.66,4.0,store,yes,0
103199,22,28184.0,Budapest,2024-09-01,2026-06-28,3,108.55,32.71,3.0,web,yes,0
104056,50,15000.0,South,2025-03-10,2026-05-11,8,201.2,24.48,1.0,web,yes,0
105989,38,63686.0,North,2023-08-19,2026-03-30,5,379.23,65.55,3.0,partner,yes,0
103648,31,27804.0,West,2025-07-16,2026-04-20,9,367.89,47.1,3.0,mobile,yes,0
100626,47,39761.0,West,2023-07-26,2026-06-16,8,498.66,72.25,4.0,partner,yes,0
101159,29,30568.0,West,2023-03-17,2026-05-11,10,445.98,46.89,4.0,web,yes,0
104447,33,36314.0,West,2023-09-12,2026-05-27,6,396.22,73.76,4.0,store,no,0
103892,35,33608.0,East,2025-05-17,2026-04-27,7,546.3,94.59,2.0,mobile,no,0
102575,49,20663.0,East,2023-08-04,2026-04-24,8,613.14,103.2,3.0,partner,yes,0
100427,55,22167.0,Budapest,2025-10-15,2026-05-05,7,204.51,29.2,5.0,web,no,0
100034,30,20189.0,West,2025-12-30,2026-05-23,5,207.62,32.65,3.0,web,no,0
101766,49,25787.0,Budapest,2023-12-16,2026-04-28,3,166.66,50.38,4.0,web,no,0
100045,47,53946.0,South,2024-10-21,2026-06-28,7,275.73,42.56,4.0,mobile,yes,0
103787,51,28833.0,North,2024-11-20,2026-02-28,4,394.73,103.08,4.0,,yes,1
100682,37,54454.0,Budapest,2024-05-06,2026-06-18,6,342.66,54.46,4.0,store,yes,0
102896,58,24157.0,Budapest,2023-05-19,2026-04-24,7,221.41,34.84,4.0,web,yes,0
104412,46,37569.0,Budapest,2023-05-05,2026-03-15,5,284.12,53.14,2.0,web,yes,0
103314,65,24653.0,East,2025-11-11,2026-04-10,12,1201.74,119.08,4.0,mobile,yes,1
104631,25,24442.0,Budapest,2024-05-01,2026-05-05,3,109.9,33.24,2.0,web,yes,1
104032,55,29157.0,West,2024-03-31,2026-05-25,4,661.91,156.87,3.0,store,no,0
101355,55,30536.0,South,2023-02-08,2026-05-08,7,337.52,43.82,4.0,mobile,yes,0
103334,55,48917.0,Budapest,2024-09-26,2026-05-18,3,138.04,45.63,5.0,mobile,yes,0
100064,53,24730.0,South,2024-11-16,2026-05-11,8,428.66,49.61,4.0,web,yes,0
101696,43,43002.0,East,2025-05-23,2026-06-08,9,741.8,82.96,2.0,Mobile,yes,0
102285,58,30498.0,Budapest,2025-07-23,2026-05-02,8,589.95,88.1,3.0,web,yes,0
104303,22,42471.0,North,2024-04-30,2026-05-21,10,706.94,78.75,3.0,mobile,yes,0
105691,21,46935.0,East,2023-04-02,2026-05-13,3,160.14,61.05,3.0,web,yes,0
101039,52,61770.0,West,2023-09-09,2026-06-28,4,315.12,80.39,4.0,store,yes,0
104367,32,31363.0,West,2025-06-09,2026-06-28,5,327.18,66.92,4.0,store,yes,0
104464,35,26208.0,North,2023-08-28,2026-06-12,10,1122.03,107.95,3.0,store,no,0
101407,35,35881.0,North,2024-04-29,2026-05-12,3,131.94,44.14,4.0,partner,yes,1
104680,45,25710.0,South,2024-04-13,2026-06-28,5,645.47,118.94,3.0,mobile,yes,0
101545,58,19779.0,West,2023-09-18,2026-06-02,5,371.92,62.13,4.0,mobile,yes,0
104102,38,33495.0,East,2023-11-29,2026-05-01,7,616.23,88.82,3.0,store,yes,0
103768,59,37589.0,Budapest,2024-01-21,2026-06-28,5,194.81,37.39,3.0,mobile,yes,1
100600,27,21840.0,East,2023-06-09,2026-04-09,6,333.29,49.99,3.0,web,yes,1
101635,42,25226.0,North,2025-04-23,2026-05-04,3,297.47,101.45,4.0,web,yes,0
101254,29,26732.0,East,2024-07-23,2026-06-03,9,322.71,41.83,5.0,mobile,yes,0
102226,50,58385.0,Budapest ,2023-02-27,2026-05-11,5,350.48,61.12,2.0,web,yes,0
102888,31,34788.0,North,2025-07-04,2026-06-28,5,167.23,45.21,3.0,mobile,no,0
105161,30,46181.0,North,2025-07-28,2026-03-04,4,151.5,43.41,3.0,web,yes,0
103036,19,15959.0,East,2023-04-23,2026-05-15,5,423.12,95.28,3.0,web,yes,1
101581,40,24765.0,North,2023-09-24,2026-05-07,8,517.69,56.5,4.0,web,yes,0
101560,34,45250.0,South,2025-04-20,2026-04-09,9,610.19,72.35,4.0,store,no,0
103917,23,29716.0,West,2024-01-30,2026-05-14,7,450.93,55.14,5.0,mobile,yes,0
102742,25,61922.0,South,2023-01-30,2026-03-10,5,218.01,46.67,3.0,mobile,yes,0
103879,39,,Budapest,2025-09-27,2026-05-10,3,227.22,85.31,3.0,web,no,0
100747,56,30366.0,Budapest,2024-05-02,2026-04-08,10,519.88,50.38,5.0,mobile,yes,1
104038,44,18141.0,South,2024-02-07,2026-04-18,7,1404.58,212.16,3.0,mobile,no,0
101262,44,23999.0,West,2024-01-02,2026-04-24,6,364.09,51.46,4.0,store,yes,0
104442,37,36373.0,Budapest,2024-04-13,2026-06-15,2,171.04,102.24,4.0,web,yes,0
104221,56,56004.0,Budapest,2025-07-18,2026-06-28,5,397.86,79.63,4.0,store,yes,0
100474,45,23058.0,Budapest,2025-01-18,2026-06-27,5,486.91,86.4,4.0,mobile,no,0
105144,67,15000.0,North,2023-12-20,2026-03-16,7,511.29,62.16,3.0,web,yes,1
100656,35,30224.0,West,2023-06-07,2026-03-02,7,513.09,61.12,4.0,web,yes,0
100298,38,17653.0,South,2023-08-04,2026-06-04,9,426.22,52.03,4.0,mobile,yes,0
100304,33,15000.0,West,2025-09-10,2026-06-01,2,153.82,104.18,4.0,web,no,0
101058,37,40456.0,Budapest,2024-12-19,2026-05-06,6,269.04,48.55,4.0,web,no,0
102406,41,28430.0,Budapest,2024-08-07,2026-04-02,10,443.59,59.3,4.0,store,no,0
104798,18,24311.0,West,2023-08-01,2026-06-05,5,267.88,70.15,3.0,web,yes,0
100965,56,77995.0,North,2025-06-20,2026-05-25,5,266.22,52.03,5.0,,no,1
102125,50,51286.0,West,2023-10-11,2026-04-08,7,97.88,15.41,4.0,partner,yes,0
103249,56,29109.0,South,2025-11-20,2026-04-11,12,629.39,52.21,4.0,mobile,yes,0
103027,49,23791.0,Budapest,2023-12-25,2026-06-17,5,595.08,114.47,4.0,store,yes,0
105843,19,17543.0,Budapest,2025-08-29,2026-03-24,8,289.23,46.62,4.0,mobile,no,1
100241,30,36305.0,South,2024-11-04,2026-06-04,5,254.22,45.19,3.0,mobile,no,0
101502,38,27678.0,North,2025-09-25,2026-04-10,6,768.38,114.79,5.0,store,yes,0
104533,40,26510.0,East,2025-12-09,2026-05-24,5,169.1,32.63,4.0,web,no,0
102331,24,70728.0,East,2023-04-09,2026-05-01,6,359.66,55.38,3.0,web,yes,0
102219,58,22214.0,North,2024-12-29,2026-05-21,5,458.06,98.19,4.0,web,yes,0
105908,48,83759.0,East,2023-12-21,2026-04-22,5,620.24,120.45,5.0,store,yes,0
102273,51,18761.0,South,2023-02-23,2026-06-01,7,451.61,66.79,3.0,partner,no,0
103993,29,35330.0,Budapest,2024-10-27,2026-05-10,9,1141.14,119.1,3.0,web,yes,1
104407,50,31251.0,North,2024-05-18,2026-05-23,5,516.23,104.69,2.0,store,yes,0
102796,32,29740.0,East,2024-03-04,2026-04-05,6,572.51,93.97,5.0,mobile,no,0
102299,60,58308.0,Budapest,2024-05-13,2026-06-12,3,143.89,54.18,5.0,web,yes,0
102408,39,16611.0,Budapest,2023-10-12,2026-06-28,5,387.31,75.11,5.0,store,yes,0
103961,50,61989.0,Budapest,2025-11-13,2026-06-01,9,1095.54,107.91,4.0,mobile,yes,0
105743,36,33157.0,South,2024-09-26,2026-05-30,3,265.19,83.37,4.0,partner,no,0
101129,38,37320.0,East,2024-12-23,2026-05-08,6,297.61,55.07,3.0,store,yes,0
101500,47,19466.0,East,2024-01-08,2026-04-28,5,325.57,70.63,2.0,web,yes,0
103310,21,31442.0,Budapest,2024-01-01,2026-04-21,6,592.14,93.65,4.0,mobile,no,0
100334,33,32791.0,South,2024-05-26,2026-05-07,3,152.88,45.95,5.0,mobile,no,0
105606,53,54632.0,East,2023-11-07,2026-06-03,3,436.63,139.64,4.0,web,yes,0
104551,42,15035.0,Budapest,2025-09-21,2026-03-17,10,804.66,71.66,2.0,partner,yes,0
103517,34,56443.0,East,2025-05-02,2026-04-16,6,260.39,43.18,4.0,store,yes,0
104733,40,44333.0,West,2023-01-13,2026-06-28,2,55.34,28.3,5.0,store,yes,0
104902,47,,Budapest,2025-05-20,2026-04-09,7,759.39,98.42,4.0,web,yes,1
104237,44,43802.0,West,2025-07-10,2026-06-28,7,587.73,82.78,4.0,store,no,0
101917,47,25848.0,East,2025-06-20,2026-05-14,7,691.67,106.93,2.0,store,no,0
104816,18,47019.0,Budapest,2024-11-24,2026-05-22,10,1195.98,114.13,5.0,web,yes,0
101963,27,30551.0,East,2023-05-17,2026-05-05,5,692.84,115.39,4.0,mobile,yes,0
101974,45,34156.0,West,2025-09-25,2026-04-28,10,540.51,50.96,5.0,web,yes,0
100248,34,,West,2025-11-04,2026-05-20,5,481.04,105.51,5.0,partner,yes,0
105913,21,20840.0,East,2025-08-12,2026-04-27,4,206.94,62.16,4.0,partner,yes,0
103626,48,48263.0,East,2025-01-29,2026-05-07,6,749.95,120.59,4.0,store,no,0
105666,32,34639.0,East,2025-08-14,2026-04-16,7,601.02,85.8,3.0,mobile,yes,1
101719,45,54134.0,East,2023-07-22,2026-03-20,6,406.85,64.21,3.0,store,yes,0
104707,24,46245.0,Budapest,2025-08-24,2026-05-30,8,364.84,45.76,2.0,partner,no,0
101727,41,19964.0,West,2023-07-29,2026-06-18,7,427.13,77.51,3.0,web,no,0
105542,40,33525.0,East,2023-10-31,2026-05-04,8,365.45,46.4,4.0,web,yes,0
105154,41,33881.0,Budapest,2024-12-11,2026-03-12,6,378.32,85.42,3.0,store,yes,1
100970,35,42162.0,Budapest,2024-10-02,2026-05-31,5,232.42,47.23,5.0,mobile,no,0
103883,25,32703.0,East,2024-05-07,2026-05-18,4,181.37,48.99,2.0,mobile,no,1
101546,39,35925.0,West,2025-02-01,2026-02-03,9,313.17,32.05,2.0,web,yes,0
101455,41,31378.0,West,2023-06-02,2026-05-28,10,752.51,66.31,3.0,partner,yes,1
104774,34,28637.0,West,2024-08-09,2026-06-28,5,995.32,203.05,3.0,,yes,0
104029,46,32096.0,West,2025-02-20,2026-05-19,5,277.77,70.14,4.0,store,no,1
102848,39,22582.0,Budapest,2024-07-31,2026-06-28,6,259.17,50.33,3.0,mobile,no,0
100599,41,35510.0,North,2024-05-08,2026-05-13,6,723.31,112.09,3.0,web,no,1
101644,37,51666.0,Budapest,2023-11-01,2026-04-22,5,427.13,90.86,5.0,store,yes,0
100316,51,16934.0,Budapest,2025-02-22,2026-06-28,10,1210.18,105.87,5.0,mobile,no,0
102601,54,54711.0,West,2025-05-29,2026-06-28,5,713.46,153.85,4.0,mobile,yes,0
101323,18,36089.0,Budapest,2024-10-08,2026-04-07,6,506.54,89.67,4.0,web,no,0
100150,60,26025.0,Budapest,2024-09-02,2026-05-30,4,294.65,72.83,3.0,store,yes,0
105709,51,37739.0,Budapest,2024-04-18,2026-06-02,5,803.48,134.62,3.0,mobile,yes,0
103502,50,68964.0,East,2024-11-11,2026-05-12,4,282.12,72.86,5.0,,no,0
100291,35,23210.0,South,2024-09-27,2026-05-02,8,814.55,88.75,2.0,store,yes,0
100454,33,53896.0,Budapest,2023-01-15,2026-05-04,7,457.09,68.01,2.0,web,yes,0
105305,37,15000.0,Budapest,2025-07-01,2026-05-10,7,578.68,79.98,4.0,store,yes,1
101028,48,58259.0,West,2025-02-08,2026-04-27,10,904.74,96.8,3.0,web,yes,0
105638,53,25478.0,East,2024-07-25,2026-04-17,3,210.21,74.12,4.0,store,yes,0
105671,68,92109.0,East,2024-10-10,2026-04-07,9,298.95,35.24,2.0,mobile,yes,0
101452,53,36025.0,East,2023-05-17,2026-06-04,5,333.74,57.51,4.0,web,yes,0
102692,34,27653.0,West,2025-07-18,2026-06-10,6,538.88,130.76,5.0,web,yes,0
102474,35,19778.0,West,2023-05-01,2026-05-26,5,646.84,139.72,3.0,web,yes,0
103837,44,54358.0,East,2024-08-25,2026-05-10,5,251.62,49.19,2.0,web,yes,1
103996,59,39943.0,Budapest,2024-05-13,2026-04-16,7,606.29,89.22,3.0,mobile,yes,0
105242,24,30811.0,Budapest,2024-10-31,2026-06-28,3,345.46,104.05,2.0,web,no,0
103692,40,39792.0,East,2023-05-11,2026-05-24,7,503.86,88.34,3.0,web,yes,0
104308,42,60851.0,West,2023-02-25,2026-03-30,8,294.04,29.95,4.0,web,yes,0
101220,55,,Budapest,2025-07-18,2026-06-20,3,253.65,84.89,5.0,web,yes,0
103533,37,30332.0,West,2023-01-22,2026-03-08,6,255.02,40.96,4.0,partner,yes,1
104537,41,44012.0,East,2024-01-04,2026-03-16,4,353.1,90.59,3.0,mobile,yes,1
105690,34,46138.0,North,2023-02-11,2026-04-26,3,246.92,72.48,1.0,mobile,no,0
103275,38,42027.0,East,2023-07-15,2026-06-12,8,394.07,44.63,4.0,mobile,yes,0
104487,48,25756.0,South,2025-10-27,2026-06-25,6,595.11,89.32,3.0,web,yes,0
102672,50,29085.0,West,2024-02-21,2026-04-02,9,817.28,91.05,4.0,web,yes,1
105667,19,15000.0,Budapest ,2023-04-11,2026-06-21,8,150.26,23.62,2.0,store,no,0
101744,35,47631.0,North,2023-05-10,2026-06-04,4,190.51,49.4,5.0,partner,yes,0
104031,28,39493.0,West,2024-09-19,2026-04-07,5,190.15,40.66,5.0,mobile,no,0
105108,35,57232.0,Budapest,2025-06-09,2026-03-26,4,413.65,94.81,4.0,mobile,yes,0
102927,44,49905.0,East,2025-01-29,2026-03-15,7,513.17,62.65,4.0,store,yes,0
104948,36,39862.0,South,2023-02-05,2026-04-27,5,356.46,61.94,2.0,store,yes,0
101609,26,35646.0,West,2024-08-14,2026-04-02,1,46.09,39.69,3.0,web,no,0
100350,33,38146.0,Budapest,2025-11-07,2026-04-17,7,331.47,50.95,3.0,mobile,no,0
105636,30,19023.0,East,2025-10-30,2026-05-04,9,1279.02,148.31,5.0,mobile,yes,0
104300,46,52093.0,East,2025-05-30,2026-04-28,8,517.39,66.01,3.0,partner,yes,0
105396,64,15000.0,West,2025-07-01,2026-04-18,2,74.1,40.14,4.0,mobile,no,0
100382,25,15000.0,North,2024-12-17,2026-05-14,8,367.17,34.95,3.0,store,yes,0
102481,33,39814.0,West,2024-11-16,2026-06-10,6,399.31,69.24,4.0,web,yes,0
101860,44,63205.0,Budapest,2024-10-16,2026-05-31,6,562.63,87.92,4.0,store,no,0
103671,50,15000.0,West,2024-01-02,2026-06-28,8,307.92,44.45,5.0,web,yes,0
100423,42,37603.0,Budapest,2024-05-13,2026-04-09,6,659.46,104.98,4.0,mobile,no,0
101434,56,31483.0,Budapest,2024-07-25,2026-05-18,5,333.35,67.27,3.0,web,yes,0
105753,50,28859.0,South,2023-10-27,2026-04-27,4,111.29,31.89,5.0,mobile,yes,1
102274,42,49782.0,South,2023-05-01,2026-05-27,7,322.69,48.25,3.0,store,yes,0
104263,53,29264.0,Budapest,2023-05-04,2026-06-22,5,183.17,34.9,5.0,web,yes,0
102019,37,21500.0,East,2024-11-02,2026-06-28,4,104.95,23.36,4.0,web,no,0
100125,50,20098.0,Budapest,2023-09-03,2026-02-26,2,156.84,91.92,2.0,web,no,0
100103,28,36364.0,Budapest,2024-10-09,2026-06-08,5,286.57,50.16,4.0,store,no,0
103436,45,28223.0,East,2023-10-04,2026-04-16,7,442.55,60.8,4.0,mobile,yes,0
105018,29,22995.0,West,2024-11-19,2026-04-20,8,858.02,97.4,3.0,web,yes,0
101449,51,65932.0,East,2023-05-02,2026-02-15,7,543.13,74.24,4.0,mobile,yes,0
102914,60,69959.0,East,2023-05-28,2026-04-28,6,357.36,58.83,5.0,web,yes,0
100487,33,28599.0,West,2025-07-06,2026-06-20,4,90.89,35.66,5.0,web,yes,0
105780,37,52297.0,Budapest,2024-05-16,2026-05-31,4,219.9,52.68,4.0,partner,yes,0
102276,34,16673.0,Budapest,2023-08-17,2026-05-19,6,276.22,53.78,3.0,web,yes,0
102255,61,16668.0,North,2025-07-30,2026-06-05,8,812.59,103.7,3.0,mobile,no,1
100136,36,51758.0,Budapest,2025-11-23,2026-06-19,7,960.41,135.85,4.0,web,no,0
102719,34,35916.0,Budapest,2024-03-18,2026-06-11,11,759.15,69.63,3.0,mobile,yes,0
105854,43,17704.0,Budapest,2024-05-30,2026-05-07,9,556.99,54.12,3.0,store,no,0
103574,30,41619.0,West,2024-09-06,2026-04-16,4,204.86,49.91,5.0,store,no,1
102094,18,23346.0,Budapest,2024-11-15,2026-04-30,7,297.65,39.87,3.0,partner,no,0
103216,41,24045.0,South,2025-11-28,2026-04-27,3,169.36,51.06,3.0,store,yes,0
100756,64,62503.0,Budapest,2025-08-09,2026-02-26,10,322.68,35.89,5.0,web,yes,0
103054,33,43010.0,South,2025-03-17,2026-05-24,5,321.37,62.71,4.0,store,yes,0
101177,30,20609.0,West,2024-03-18,2026-05-12,4,150.12,43.14,3.0,web,no,0
103090,44,21736.0,North,2023-04-16,2026-05-27,5,350.75,69.43,4.0,mobile,yes,0
105364,40,27443.0,North,2025-05-13,2026-05-05,11,647.48,45.2,3.0,web,yes,1
102345,63,34057.0,South,2023-11-14,2026-04-28,11,1571.51,120.56,4.0,,no,1
105785,42,23766.0,Budapest,2024-12-09,2026-06-01,3,304.63,97.58,4.0,,yes,0
103762,26,52514.0,Budapest,2025-01-31,2026-05-20,9,635.99,70.19,4.0,web,yes,0
103708,48,21187.0,East,2024-02-01,2026-05-14,5,133.83,31.46,4.0,partner,no,0
104904,50,39406.0,South,2025-09-25,2026-04-10,7,355.51,49.88,3.0,mobile,yes,1
103384,51,20918.0,East,2025-01-24,2026-05-13,7,427.01,70.7,4.0,partner,yes,0
101200,47,48958.0,South,2024-03-06,2026-04-03,8,968.51,125.85,4.0,mobile,yes,0
105355,32,73867.0,North,2024-06-01,2026-06-16,7,462.06,58.9,4.0,mobile,yes,0
104841,52,36221.0,South,2023-07-22,2026-04-23,7,322.81,47.67,4.0,store,yes,0
100145,32,30926.0,West,2024-07-14,2026-05-12,8,559.25,81.82,3.0,mobile,no,0
100381,44,30776.0,East,2024-06-16,2026-05-14,8,1475.37,172.55,3.0,store,yes,1
104459,18,19600.0,Budapest,2023-07-30,2026-06-02,4,161.71,40.66,3.0,web,yes,0
103103,45,38816.0,North,2023-12-14,2026-06-07,7,557.99,92.88,3.0,mobile,no,0
103383,45,30583.0,North,2024-09-19,2026-05-22,2,91.18,41.03,3.0,mobile,yes,1
100122,55,42872.0,East,2023-05-08,2026-05-29,6,278.2,43.93,5.0,web,yes,0
101721,44,54072.0,Budapest,2023-08-13,2026-04-05,9,584.53,70.03,5.0,web,yes,0
100612,44,25425.0,East,2024-02-17,2026-05-12,6,479.45,77.23,4.0,web,yes,0
103579,44,33253.0,South,2023-11-23,2026-05-04,6,292.92,49.88,3.0,web,yes,1
105372,50,26525.0,North,2025-10-05,2026-04-15,5,311.73,58.7,5.0,mobile,no,0
100419,49,30884.0,Budapest,2024-02-27,2026-03-27,6,847.34,137.17,2.0,store,no,0
102820,37,30379.0,North,2023-08-05,2026-05-31,7,759.98,103.81,4.0,store,yes,0
104047,29,41761.0,Budapest,2025-09-05,2026-06-28,4,193.87,51.2,4.0,Mobile,no,0
102487,69,32389.0,South,2023-03-28,2026-06-28,9,135.54,19.74,4.0,partner,yes,0
105291,50,16767.0,Budapest,2023-08-29,2026-06-18,7,385.04,68.17,3.0,store,yes,0
101075,68,15000.0,South,2023-05-12,2026-04-10,10,412.35,40.82,3.0,store,no,0
101047,29,22313.0,Budapest,2025-01-28,2026-06-17,7,743.87,87.75,3.0,web,yes,0
102167,55,28000.0,North,2025-04-04,2026-06-28,6,810.06,140.43,4.0,mobile,yes,0
101329,62,15723.0,Budapest,2023-05-11,2026-05-12,5,577.51,119.38,4.0,web,yes,0
103882,44,34982.0,North,2025-04-22,2026-06-04,7,435.78,55.9,3.0,,no,0
100249,44,31974.0,West,2024-05-01,2026-06-28,7,182.93,31.76,4.0,mobile,yes,0
101085,37,27296.0,North,2023-01-31,2026-04-20,5,263.42,56.64,4.0,mobile,yes,1
104075,43,26051.0,Budapest,2025-05-10,2026-06-28,3,160.2,49.38,4.0,web,no,0
105511,65,23528.0,Budapest,2024-07-15,2026-05-29,5,150.96,30.29,4.0,web,yes,1
100448,48,34253.0,East,2025-03-02,2026-06-10,2,160.59,68.89,5.0,mobile,yes,0
102230,34,27398.0,East,2023-04-25,2026-05-03,7,398.9,69.59,3.0,mobile,yes,1
105032,44,21029.0,South,2024-10-27,2026-04-24,4,374.21,99.96,5.0,web,no,0
105967,30,22005.0,South,2025-04-02,2026-03-25,9,592.09,67.43,3.0,store,no,0
105423,28,52472.0,South,2025-08-13,2026-04-30,5,469.03,84.31,5.0,mobile,yes,0
100890,44,50688.0,East,2024-06-10,2026-05-03,5,211.51,47.04,5.0,mobile,no,0
105194,65,15000.0,East,2023-08-06,2026-04-13,9,454.63,45.29,3.0,mobile,yes,0
104675,46,51219.0,East,2024-08-14,2026-05-08,9,304.08,41.42,5.0,partner,yes,0
104106,46,35822.0,Budapest,2025-11-08,2026-06-28,9,943.12,106.73,2.0,web,yes,0
102100,62,40506.0,Budapest,2023-03-22,2026-04-23,5,536.93,117.55,4.0,partner,yes,0
103143,36,,North,2023-03-03,2026-06-28,6,495.4,84.19,5.0,web,yes,0
102618,40,52393.0,South,2023-06-15,2026-06-07,2,98.38,50.0,4.0,mobile,yes,0
103399,39,50667.0,East,2023-04-16,2026-05-29,6,908.73,161.52,2.0,store,no,0
103076,55,57421.0,North,2025-09-16,2026-05-25,4,349.53,89.09,4.0,web,no,0
104293,44,60924.0,Budapest,2023-05-30,2026-03-13,3,250.96,77.28,4.0,store,no,0
100415,43,30042.0,Budapest,2023-01-11,2026-04-20,7,608.59,73.99,3.0,mobile,yes,0
100753,53,36614.0,Budapest,2023-07-21,2026-04-24,5,152.27,48.57,3.0,store,no,0
105085,51,32999.0,North,2025-10-03,2026-06-02,4,272.92,61.43,4.0,web,yes,0
101757,19,23978.0,Budapest,2024-08-15,2026-04-16,5,377.81,70.72,4.0,web,no,1
100655,44,46650.0,South,2025-05-29,2026-06-28,10,915.6,118.89,4.0,mobile,no,0
104769,58,36184.0,Budapest,2025-11-30,2026-06-13,7,758.88,95.84,3.0,store,no,0
103905,38,17748.0,West,2025-11-24,2026-05-30,10,1228.33,159.32,4.0,mobile,no,0
102084,32,33407.0,Budapest,2024-05-28,2026-06-18,8,556.0,66.73,4.0,mobile,yes,0
103412,44,30004.0,Budapest,2025-04-27,2026-03-04,5,227.48,53.38,5.0,web,yes,0
102834,46,31710.0,South,2025-08-23,2026-05-17,5,303.41,62.79,3.0,mobile,no,0
101818,34,31205.0,West,2023-12-10,2026-05-22,9,1884.55,193.85,4.0,mobile,yes,0
103251,49,43476.0,North,2023-11-22,2026-06-28,6,594.45,103.33,4.0,web,yes,0
104267,18,28912.0,West,2024-08-19,2026-06-04,8,217.82,30.24,4.0,mobile,no,0
100590,62,0.0,Budapest,2024-12-19,2026-05-01,9,996.25,104.06,2.0,mobile,yes,0
103133,29,39319.0,Budapest,2024-01-29,2026-05-27,7,564.72,63.26,3.0,web,no,0
101173,46,16633.0,Budapest ,2024-03-29,2026-03-21,10,938.3,103.47,4.0,store,yes,0
101836,51,40785.0,Budapest,2025-07-07,2026-04-07,7,323.4,50.41,3.0,web,no,0
105791,47,26471.0,South,2024-03-03,2026-06-27,7,279.75,36.85,3.0,store,no,0
101567,60,26939.0,Budapest,2024-07-11,2026-04-12,10,655.14,57.57,3.0,web,yes,0
103102,49,70038.0,Budapest,2023-06-19,2026-05-04,8,600.5,86.33,3.0,mobile,yes,0
105656,32,15787.0,Budapest,2023-04-18,2026-05-26,4,412.28,88.93,4.0,mobile,no,0
102860,40,45795.0,West,2025-11-28,2026-03-17,4,166.48,56.03,3.0,web,no,0
100702,72,35252.0,Budapest,2025-08-16,2026-04-14,5,358.84,74.39,2.0,mobile,yes,0
103576,44,61685.0,West,2023-09-16,2026-05-17,3,333.71,114.88,2.0,mobile,yes,0
102150,45,15000.0,Budapest,2023-01-19,2026-04-30,6,248.08,45.61,4.0,web,yes,0
103197,35,21608.0,East,2024-04-26,2026-03-29,9,392.45,45.17,4.0,mobile,no,0
102964,46,54589.0,East,2023-06-28,2026-04-24,7,194.82,30.43,5.0,mobile,yes,0
103291,38,44405.0,West,2023-06-16,2026-04-26,5,320.82,69.61,3.0,web,yes,0
100209,38,49389.0,Budapest,2023-07-29,2026-06-28,5,264.97,59.09,5.0,web,yes,0
102119,56,36390.0,Budapest,2023-03-18,2026-06-28,7,896.73,135.25,3.0,web,yes,0
104444,55,18660.0,North,2023-12-15,2026-05-03,5,599.13,104.84,3.0,mobile,yes,0
100426,50,32476.0,South,2025-01-09,2026-05-06,7,477.06,60.47,4.0,web,yes,0
104585,44,34231.0,East,2024-03-02,2026-06-28,6,305.5,57.05,5.0,mobile,no,0
104402,73,77405.0,South,2024-08-13,2026-05-12,4,226.6,63.93,4.0,,no,0
105680,25,48405.0,West,2023-02-24,2026-05-02,4,631.9,129.67,4.0,web,no,0
104092,51,34355.0,South,2023-10-30,2026-06-28,5,203.57,44.29,4.0,web,yes,0
105301,69,24999.0,East,2024-01-11,2026-06-28,11,756.01,58.11,4.0,mobile,no,0
100111,19,15000.0,West,2025-04-16,2026-05-31,5,363.76,87.63,3.0,web,no,0
105015,19,24655.0,Budapest,2024-05-11,2026-05-31,7,557.71,86.44,4.0,partner,yes,0
101184,41,36233.0,Budapest,2025-08-12,2026-04-30,4,436.26,109.27,4.0,web,yes,0
102292,34,32886.0,East,2023-01-29,2026-04-17,8,443.65,61.13,2.0,partner,no,0
101236,38,33527.0,Budapest,2024-06-06,2026-05-22,9,622.42,59.7,5.0,store,yes,0
101273,49,30455.0,West,2025-01-27,2026-05-22,3,357.6,106.8,4.0,web,no,0
103976,50,27925.0,Budapest,2025-12-30,2026-03-30,8,1821.2,263.28,2.0,web,no,0
103810,53,19209.0,South,2023-03-01,2026-03-28,10,739.56,72.39,4.0,store,yes,0
104759,27,38482.0,Budapest,2023-03-30,2026-06-20,4,200.23,63.32,4.0,partner,no,0
105062,39,27413.0,Budapest,2023-08-20,2026-05-19,11,706.32,62.83,4.0,mobile,yes,0
101781,36,17613.0,Budapest,2025-04-14,2026-06-19,6,535.99,87.12,4.0,store,yes,1
103908,36,71792.0,North,2025-07-02,2026-05-02,12,528.97,43.06,3.0,store,yes,0
105383,43,35348.0,South,2024-06-13,2026-06-28,6,368.15,68.29,3.0,mobile,no,0
103056,26,23202.0,West,2023-04-27,2026-05-25,4,146.91,37.55,4.0,partner,yes,0
101729,48,58599.0,Budapest,2023-05-20,2026-04-10,3,223.63,76.54,3.0,mobile,yes,0
102415,71,50164.0,Wset,2024-09-06,2026-04-27,6,479.76,63.96,2.0,web,yes,0
102168,60,59022.0,West,2024-11-16,2026-04-27,5,440.72,78.39,4.0,partner,no,0
102756,40,53613.0,South,2025-03-24,2026-05-20,5,119.18,24.76,4.0,web,yes,0
100438,41,27767.0,West,2025-12-16,2026-06-13,5,462.13,79.71,3.0,web,yes,0
103425,38,16644.0,Budapest,2024-01-24,2026-05-22,10,367.07,36.86,2.0,mobile,no,0
104023,38,30163.0,Budapest,2023-12-15,2026-05-23,5,257.83,59.14,4.0,web,yes,1
102829,41,42193.0,South,2024-12-02,2026-05-29,5,439.13,80.52,4.0,web,yes,1
100108,68,61034.0,Budapest,2024-04-25,2026-05-18,4,415.58,91.04,5.0,web,no,1
102917,42,61465.0,Budapest,2025-11-27,2026-05-14,3,161.1,63.47,4.0,mobile,no,0
100030,55,29239.0,East,2024-03-04,2026-05-13,7,165.1,22.56,4.0,web,yes,0
104649,49,85779.0,Budapest,2025-11-29,2026-04-29,4,185.96,50.43,4.0,web,no,0
105169,47,34004.0,Budapest,2024-05-23,2026-04-12,9,316.89,43.71,3.0,store,yes,0
103711,46,51254.0,South,2023-01-13,2026-04-25,3,309.38,119.15,2.0,store,yes,0
104922,31,25787.0,Budapest,2024-12-31,2026-05-08,6,463.31,76.87,3.0,mobile,yes,0
103621,57,38961.0,East,2024-04-02,2026-06-21,10,1771.21,182.27,5.0,web,no,0
100752,53,29218.0,Budapest,2023-07-27,2026-05-24,9,1016.93,103.44,4.0,web,no,0
103481,47,34916.0,West,2025-12-20,2026-05-22,7,500.31,63.29,2.0,partner,no,0
100585,24,23614.0,North,2024-08-28,2026-05-11,6,267.36,39.63,3.0,mobile,yes,0
102510,39,25869.0,East,2025-02-10,2026-06-25,4,779.26,184.31,4.0,store,yes,0
104679,48,41095.0,Budapest,2025-10-08,2026-06-05,6,605.69,99.8,5.0,web,yes,0
102365,53,68085.0,East,2023-01-02,2026-04-25,6,588.31,90.82,2.0,mobile,yes,0
103280,57,22307.0,Budapest,2023-06-04,2026-04-08,4,314.86,82.67,3.0,partner,no,0
103551,18,44202.0,South,2025-04-04,2026-05-30,11,519.55,71.09,5.0,partner,no,0
104327,51,15000.0,Budapest,2024-08-06,2026-03-31,10,369.59,42.56,3.0,web,no,0
101655,35,16631.0,North,2025-11-12,2026-05-31,8,385.63,51.03,2.0,web,yes,0
103939,55,28228.0,West,2023-09-19,2026-04-26,3,205.14,74.92,4.0,store,yes,0
103600,28,23230.0,West,2024-10-26,2026-06-28,7,721.53,90.2,2.0,mobile,no,0
102926,57,29814.0,East,2024-09-09,2026-06-28,7,636.77,95.35,4.0,mobile,yes,1
101311,52,34446.0,West,2023-01-03,2026-05-28,6,373.07,71.19,5.0,web,yes,1
101790,42,24043.0,Budapest,2024-11-15,2026-02-21,2,127.11,60.41,3.0,web,no,1
105905,44,33136.0,West,2023-04-28,2026-06-28,4,183.33,53.8,5.0,web,no,0
103095,36,,West,2025-12-18,2026-04-28,6,151.04,28.3,5.0,web,no,0
100180,55,34095.0,South,2024-11-04,2026-05-01,3,62.83,24.89,4.0,mobile,yes,1
104559,47,25900.0,Budapest,2025-01-02,2026-06-28,10,439.48,37.98,5.0,store,yes,0
103722,32,34636.0,West,2024-05-10,2026-06-01,9,547.45,59.22,3.0,partner,yes,1
101695,79,25200.0,East,2024-04-24,2026-02-21,9,439.16,62.52,3.0,web,yes,0
102164,42,20664.0,West,2024-04-13,2026-05-10,8,657.93,84.18,4.0,web,no,0
105315,47,32507.0,West,2025-12-30,2026-06-07,7,1069.65,189.6,2.0,web,yes,0
104052,40,42036.0,East,2024-02-10,2026-05-13,5,377.94,68.97,4.0,web,yes,1
103535,33,40605.0,East,2023-04-26,2026-05-03,5,355.46,73.14,4.0,partner,yes,0
104503,47,29702.0,East,2023-03-03,2026-05-10,4,330.71,86.86,4.0,web,no,0
101426,33,34474.0,West,2024-12-20,2026-05-20,8,583.16,83.92,5.0,web,yes,0
101320,48,29476.0,South,2023-09-01,2026-06-28,8,374.51,53.2,3.0,web,no,0
100091,59,15000.0,Budapest,2023-04-03,2026-04-15,5,306.57,59.98,5.0,web,no,0
105563,44,33104.0,Budapest,2025-07-14,2026-03-10,5,446.27,104.14,5.0,mobile,yes,1
104520,45,25545.0,Budapest,2025-07-11,2026-04-09,3,116.3,43.26,3.0,partner,no,0
104723,58,39584.0,Budapest,2025-10-20,2026-03-22,8,548.65,70.95,4.0,web,no,0
103492,52,37470.0,Budapest,2025-08-17,2026-04-14,7,273.92,42.96,5.0,partner,yes,1
100625,41,33338.0,North,2023-12-10,2026-03-12,9,787.44,80.52,,web,yes,0
100070,30,15000.0,West,2023-12-15,2026-05-22,4,347.88,79.46,3.0,web,no,0
105361,55,33115.0,East,2024-10-03,2026-06-28,4,222.96,57.2,4.0,store,yes,0
101920,30,30354.0,North,2025-07-15,2026-05-19,4,63.93,15.0,4.0,mobile,no,0
105399,55,15448.0,East,2023-06-07,2026-06-14,4,866.03,201.19,3.0,web,yes,0
100878,39,29515.0,Budapest,2024-08-19,2026-06-28,8,528.11,65.57,3.0,web,yes,0
102587,38,49695.0,Budapest,2023-10-20,2026-05-21,3,169.77,63.8,3.0,web,yes,0
105985,50,55185.0,East,2024-07-13,2026-06-21,6,415.96,88.51,3.0,web,yes,0
100765,24,29994.0,North,2023-02-07,2026-05-31,6,606.66,116.25,3.0,web,yes,0
100294,31,27590.0,Budapest,2024-03-24,2026-03-06,7,270.96,36.2,2.0,partner,yes,1
101076,42,20673.0,Budapest,2024-08-17,2026-04-01,5,395.15,84.3,3.0,mobile,no,0
100446,52,33398.0,East,2025-02-16,2026-06-28,2,169.27,76.87,4.0,web,no,0
100469,51,21011.0,Budapest,2023-12-09,2026-06-09,8,470.57,61.34,5.0,partner,yes,0
103751,52,38291.0,Budapest,2023-04-27,2026-06-27,7,513.43,90.78,3.0,partner,yes,0
101243,43,19482.0,West,2025-05-04,2026-05-02,4,283.29,79.1,3.0,store,no,0
100433,25,43561.0,East,2025-04-19,2026-02-02,5,494.46,94.21,4.0,,no,0
104539,29,19610.0,Budapest,2023-08-09,2026-05-11,6,729.79,112.62,5.0,mobile,yes,0
105336,46,39526.0,South,2025-06-25,2026-05-06,5,166.32,44.46,3.0,web,yes,1
103587,51,24373.0,West,2023-11-05,2026-04-04,6,670.39,124.41,4.0,web,no,1
105313,37,26091.0,West,2025-08-16,2026-04-26,10,692.91,71.77,4.0,mobile,yes,0
100578,38,60803.0,East,2025-10-27,2026-06-02,5,117.43,22.34,4.0,store,yes,0
104167,56,55743.0,Budapest,2024-11-02,2026-05-12,6,165.86,34.86,4.0,partner,yes,0
100246,19,46559.0,South,2023-08-07,2026-04-10,5,317.86,64.77,4.0,web,no,0
104214,34,34537.0,Budapest,2025-04-22,2026-05-03,9,775.62,86.63,4.0,mobile,no,0
100368,46,29636.0,East,2024-11-22,2026-06-07,4,398.81,92.54,4.0,web,yes,0
105450,39,21491.0,West,2023-06-29,2026-03-19,2,215.91,100.15,5.0,mobile,no,1
102537,24,43165.0,South,2023-06-03,2026-04-07,10,1054.74,110.38,4.0,web,no,0
104941,38,23208.0,South,2023-09-14,2026-06-13,7,285.89,44.33,3.0,mobile,yes,0
105191,28,,East,2023-03-28,2026-05-31,4,219.94,52.68,4.0,web,yes,0
101048,38,36994.0,South,2023-09-20,2026-06-28,7,574.31,82.87,5.0,web,yes,0
101040,35,35739.0,Budapest,2023-08-11,2026-03-12,7,319.72,48.56,3.0,partner,yes,0
105857,50,55785.0,East,2024-08-07,2026-04-10,3,171.87,56.13,3.0,web,no,0
105995,33,21371.0,East,2025-12-22,2026-05-21,7,590.44,68.76,4.0,WEB,yes,0
103609,48,31324.0,Budapest,2025-01-30,2026-06-28,3,342.54,104.59,2.0,partner,no,1
102651,25,37898.0,North,2023-05-28,2026-04-22,10,523.6,68.41,3.0,web,yes,0
105639,34,46438.0,Budapest,2023-08-20,2026-05-19,7,414.82,60.01,3.0,partner,no,0
105695,63,15000.0,South,2025-12-23,2026-05-07,9,444.19,46.27,3.0,web,yes,0
100556,44,21091.0,Budapest,2024-12-29,2026-04-20,6,382.21,66.99,3.0,web,no,0
103257,35,34349.0,Budapest,2023-04-16,2026-04-06,5,179.32,38.52,4.0,mobile,no,0
105371,28,37789.0,Budapest,2024-02-16,2026-04-27,11,1238.98,97.53,3.0,web,yes,0
102570,53,59736.0,North,2025-12-02,2026-03-29,11,643.08,49.75,5.0,store,no,0
102560,38,15000.0,Budapest,2024-09-10,2026-05-20,2,323.62,151.11,5.0,store,no,0
102795,62,16259.0,South,2024-06-16,2026-04-05,7,662.21,91.29,4.0,mobile,no,0
105366,38,26659.0,North,2025-10-21,2026-05-26,7,555.93,70.63,3.0,partner,no,0
102005,46,74010.0,Budapest,2025-10-04,2026-06-27,4,449.97,115.04,3.0,store,no,0
103647,53,53647.0,West,2023-02-08,2026-06-19,9,1011.0,92.76,4.0,mobile,yes,0
101401,53,76990.0,West,2023-03-13,2026-06-01,8,473.79,60.06,5.0,mobile,yes,0
105615,40,,East,2023-10-15,2026-04-23,3,222.85,75.79,3.0,store,yes,1
100152,38,26660.0,North,2025-12-26,2026-06-08,3,103.22,39.39,4.0,store,yes,0
103896,35,37644.0,East,2023-01-26,2026-05-30,8,354.16,42.28,5.0,store,yes,0
105317,47,32570.0,Budapest,2023-10-17,2026-05-04,6,397.71,71.21,3.0,web,yes,0
102099,54,20472.0,Budapest,2024-01-15,2026-06-16,7,238.1,35.76,4.0,mobile,yes,0
101189,42,24127.0,Budapest,2025-08-10,2026-05-01,3,230.75,69.09,4.0,web,yes,0
100916,54,52502.0,North,2024-03-16,2026-04-14,9,373.51,45.15,3.0,store,yes,0
104238,46,50949.0,South,2025-01-19,2026-06-01,3,199.12,61.38,4.0,web,yes,0
101833,24,39055.0,West,2023-01-02,2026-06-10,4,164.56,44.78,3.0,web,no,0
104033,39,49919.0,East,2025-09-28,2026-03-23,5,409.07,94.73,3.0,store,no,0
103733,28,61236.0,East,2024-01-25,2026-03-01,7,257.67,41.35,2.0,partner,no,0
104908,36,49321.0,Budapest,2024-09-18,2026-06-28,6,692.04,97.49,4.0,,no,0
102819,37,32394.0,West,2024-03-04,2026-05-08,5,175.84,34.35,3.0,store,yes,0
102527,37,39687.0,North,2024-08-06,2026-06-06,6,339.8,56.86,3.0,store,yes,0
103699,42,53126.0,Budapest,2023-12-10,2026-05-07,11,344.99,38.13,5.0,web,no,1
105407,56,23992.0,West,2023-04-12,2026-05-19,5,233.87,53.21,5.0,mobile,no,0
103572,41,26077.0,Budapest,2025-02-09,2026-05-11,5,285.2,72.48,3.0,mobile,yes,0
100749,57,71226.0,South,2024-12-12,2026-06-28,7,362.44,71.34,5.0,mobile,yes,0
101269,40,33346.0,West,2023-09-10,2026-06-28,5,334.93,72.84,4.0,partner,yes,0
104504,35,31149.0,West,2023-09-15,2026-05-20,6,166.01,27.18,3.0,mobile,yes,0
105435,43,19001.0,South,2025-11-28,2026-06-28,8,559.17,94.7,4.0,mobile,yes,0
102766,43,57695.0,North,2023-08-31,2027-01-11,6,323.96,57.9,4.0,mobile,yes,0
105558,39,,Budapest,2025-10-03,2026-05-09,7,373.41,48.53,3.0,,no,1
102623,45,40380.0,Budapest,2024-06-29,2026-03-09,8,699.65,96.69,5.0,web,yes,1
101551,71,18365.0,Budapest,2025-04-23,2026-05-26,6,628.13,92.5,5.0,store,yes,1
101840,73,26372.0,South,2024-11-25,2026-05-01,5,335.28,59.66,3.0,,yes,0
104375,47,31734.0,East,2023-08-09,2026-06-06,5,207.11,44.83,3.0,store,yes,0
101742,50,35711.0,Budapest,2025-09-15,2026-06-14,2,46.76,22.04,5.0,mobile,yes,0
100492,49,62984.0,East,2024-09-07,2026-04-09,9,940.92,83.76,2.0,mobile,yes,0
101707,23,19941.0,Budapest,2023-08-28,2026-05-12,6,392.47,54.24,4.0,web,yes,0
105463,76,30940.0,Budapest,2025-04-16,2026-04-03,4,544.86,147.66,4.0,mobile,yes,1
103997,21,29311.0,Budapest,2023-02-15,2026-05-06,8,242.65,39.68,4.0,web,yes,0
101298,57,54053.0,Budapest,2023-07-30,2026-04-20,7,542.03,79.93,3.0,web,no,1
100472,18,39119.0,West,2025-09-16,2026-05-17,2,171.83,95.75,3.0,mobile,yes,0
105834,41,36464.0,East,2025-04-30,2026-05-24,7,1184.78,150.47,3.0,mobile,yes,0
103838,52,,Budapest,2023-12-30,2026-04-24,6,420.63,76.4,4.0,mobile,yes,1
103766,38,29098.0,South,2024-06-08,2026-05-07,6,817.27,114.88,4.0,mobile,no,0
100808,28,18257.0,Budapest,2024-03-10,2026-04-22,5,321.67,87.09,5.0,partner,yes,0
105702,42,23875.0,Budapest,2024-10-16,2026-04-13,5,136.41,28.21,4.0,store,yes,0
102760,57,21068.0,East,2025-08-05,2026-04-19,4,131.8,27.44,3.0,web,no,0
105395,37,64888.0,West,2024-12-28,2026-04-28,6,354.44,61.67,4.0,store,no,1
100897,45,0.0,Budapest,2024-08-01,2026-05-14,6,556.54,81.15,4.0,partner,yes,0
104594,45,45098.0,Budapest,2023-05-30,2026-05-14,6,197.84,31.58,4.0,mobile,yes,0
103120,28,,Budapest,2025-02-22,2026-03-26,6,290.33,47.55,3.0,store,yes,0
102211,59,24040.0,North,2024-07-04,2026-04-13,8,1058.63,130.96,4.0,mobile,yes,0
104702,30,23221.0,West,2023-01-07,2026-05-10,9,387.51,45.83,4.0,web,yes,0
100355,50,91403.0,West,2023-02-16,2026-05-27,4,236.76,46.87,3.0,web,yes,0
100252,72,55486.0,South,2025-06-16,2026-04-02,8,531.54,57.98,3.0,web,yes,1
100186,32,32341.0,East,2023-11-17,2026-03-05,5,244.3,55.81,4.0,store,yes,1
105573,45,34887.0,West,2024-06-02,2026-04-26,4,381.08,92.63,3.0,,yes,0
103378,43,31253.0,North,2024-03-06,2026-03-28,3,191.45,55.39,3.0,web,yes,0
102136,35,42334.0,East,2025-06-25,2026-05-18,5,245.34,52.2,3.0,web,yes,0
102716,29,61226.0,Budapest,2023-04-03,2026-04-28,7,726.93,117.24,4.0,web,yes,0
100228,51,48131.0,East,2023-07-03,2026-06-28,6,365.52,57.62,5.0,web,yes,0
103440,69,57583.0,East,2023-04-08,2026-05-27,6,767.28,138.03,4.0,web,no,0
102105,41,25271.0,East,2023-08-02,2026-05-21,6,355.41,51.22,5.0,mobile,no,0
104939,57,39769.0,East,2025-08-07,2026-04-03,6,611.99,101.99,3.0,,no,0
102590,61,23213.0,West,2023-01-13,2026-06-28,6,1250.06,188.23,3.0,mobile,no,0
102936,45,36769.0,West,2025-03-19,2026-05-05,6,507.03,78.43,5.0,partner,yes,0
105258,53,29903.0,West,2025-02-19,2026-06-18,8,2388.03,260.79,4.0,web,yes,0
105491,62,21763.0,Budapest,2025-06-27,2026-03-26,9,619.38,61.61,4.0,web,yes,0
103775,46,30232.0,South,2024-07-12,2026-03-31,3,235.49,95.59,,store,yes,0
103222,19,29181.0,South,2025-10-05,2026-05-18,6,354.24,56.2,5.0,web,yes,1
102269,36,18279.0,South,2023-07-18,2026-04-15,7,553.65,81.27,3.0,store,yes,1
102132,49,31825.0,South,2023-01-03,2026-04-10,2,203.2,95.36,1.0,partner,yes,0
103524,23,31736.0,West,2024-07-23,2026-05-04,10,374.79,38.17,3.0,mobile,yes,0
103881,48,31030.0,East,2025-05-08,2026-06-10,7,588.11,85.2,4.0,web,no,0
104697,53,27215.0,West,2025-09-05,2026-03-21,6,759.61,142.0,2.0,mobile,no,0
100293,61,27253.0,North,2023-04-25,2026-06-01,4,245.67,53.61,4.0,partner,no,0
102334,64,28377.0,Budapest,2023-07-21,2026-06-05,5,671.52,134.69,4.0,mobile,no,0
100550,57,85551.0,West,2025-03-17,2026-06-28,5,408.33,102.82,3.0,web,yes,0
101521,46,41982.0,Budapest,2024-05-01,2026-06-28,6,385.67,65.73,3.0,web,no,0
104846,32,24263.0,Budapest,2024-03-20,2026-06-05,6,626.37,97.14,3.0,partner,yes,1
105881,34,20161.0,Budapest,2023-01-05,2026-06-10,6,816.43,123.93,4.0,mobile,no,0
101596,38,32533.0,East,2023-02-23,2026-06-28,8,674.3,84.26,5.0,store,yes,0
104079,53,25180.0,Budapest,2024-02-13,2026-04-06,5,260.98,51.21,5.0,store,yes,0
105906,42,86833.0,North,2024-05-15,2026-05-02,10,342.3,40.22,4.0,store,yes,0
101537,45,34695.0,South,2023-11-13,2026-05-20,3,162.31,46.81,4.0,mobile,yes,0
105514,20,36285.0,Budapest,2023-10-30,2026-04-19,8,554.5,66.59,2.0,web,yes,0
105076,54,26721.0,Budapest,2025-12-15,2026-05-24,9,737.29,71.91,3.0,web,yes,1
101384,23,37861.0,North,2024-09-22,2026-06-28,6,583.82,103.29,3.0,web,no,0
104437,55,30286.0,South,2025-07-31,2026-04-12,8,174.9,24.81,4.0,web,yes,0
103471,55,26404.0,West,2023-04-10,2026-04-20,3,172.36,62.87,2.0,mobile,yes,0
104959,38,51372.0,West,2025-01-20,2026-06-06,6,618.59,116.01,3.0,mobile,no,0
105334,24,28533.0,Budapest,2023-03-02,2026-05-12,3,147.92,57.6,4.0,web,yes,0
101783,31,27898.0,Budapest,2024-06-10,2026-04-14,6,186.14,36.34,3.0,mobile,yes,0
101562,48,62348.0,East,2023-04-20,2026-05-16,5,417.43,67.08,3.0,web,no,0
104874,28,53676.0,East,2023-06-11,2026-05-11,5,196.05,51.22,3.0,web,yes,1
101412,38,19351.0,North,2025-06-27,2026-05-02,6,324.82,65.15,5.0,store,no,0
101130,21,47103.0,North,2024-01-20,2026-03-22,5,230.79,49.1,4.0,web,no,0
101746,49,36521.0,East,2023-01-27,2026-06-28,6,775.82,97.4,4.0,mobile,no,0
103195,28,32147.0,East,2024-04-27,2026-05-03,5,514.64,90.44,4.0,mobile,yes,0
105565,51,15423.0,North,2025-01-24,2026-05-30,3,263.11,76.67,4.0,web,no,0
103177,29,34252.0,South,2025-10-17,2026-04-17,5,526.02,93.18,5.0,mobile,no,0
103003,46,35663.0,Budapest,2024-11-09,2026-04-12,11,561.45,49.17,3.0,mobile,yes,1
104639,47,37377.0,Budapest,2024-11-15,2026-04-25,3,198.22,64.48,3.0,mobile,yes,0
102265,39,28382.0,East,2023-05-20,2026-06-03,6,161.87,27.83,5.0,mobile,yes,0
100933,39,0.0,West,2024-01-12,2026-05-07,5,311.28,75.03,5.0,mobile,yes,0
100614,42,24911.0,North,2023-12-17,2026-05-23,6,181.86,31.36,4.0,web,no,0
104591,23,24611.0,Budapest,2023-03-12,2026-05-03,10,883.97,92.14,3.0,web,yes,0
103353,28,41255.0,Budapest,2025-01-13,2026-06-28,5,596.79,135.42,4.0,web,no,0
101756,29,36062.0,East,2023-07-17,2026-06-28,8,1050.47,118.8,4.0,partner,no,0
104788,27,44415.0,South,2025-09-06,2026-04-04,10,417.89,49.23,5.0,web,yes,0
104507,58,26506.0,West,2024-09-02,2026-06-23,3,129.1,39.63,3.0,mobile,yes,0
102973,47,38483.0,Budapest,2023-05-22,2026-06-04,6,656.77,124.19,4.0,store,no,0
105438,43,28255.0,Budapest,2023-02-07,2026-06-28,7,652.26,97.56,3.0,web,no,0
100506,35,56972.0,South,2025-04-13,2026-06-03,2,181.83,101.4,5.0,web,yes,0
102260,38,41432.0,West,2023-05-17,2026-05-19,9,789.57,96.04,5.0,mobile,yes,1
100273,32,62035.0,Budapest,2025-03-07,2026-04-02,2,153.74,86.14,4.0,mobile,no,0
105140,26,45615.0,South,2025-12-15,2026-04-18,5,261.97,46.01,4.0,web,yes,0
102155,30,22781.0,East,2025-03-04,2026-05-02,4,250.97,82.17,5.0,mobile,yes,0
102808,48,52282.0,South,2025-01-11,2026-06-05,5,292.83,57.48,5.0,store,yes,0
102224,18,18407.0,Budapest,2023-04-17,2026-05-25,12,630.03,49.37,5.0,partner,no,0
100107,48,43378.0,West,2023-08-06,2026-06-11,8,564.7,67.25,5.0,partner,yes,0
103461,51,24679.0,West,2025-05-06,2026-06-15,8,592.01,64.82,5.0,store,yes,1
104768,45,67343.0,East,2023-04-21,2026-05-21,7,460.21,59.35,5.0,mobile,yes,0
100953,41,63646.0,Budapest,2024-02-21,2026-05-06,5,285.75,53.83,3.0,web,yes,0
104276,48,22883.0,Budapest,2025-12-04,2026-05-22,3,114.72,39.77,3.0,web,no,1
101610,27,76673.0,West,2024-11-27,2026-06-28,3,322.07,112.7,3.0,store,yes,0
103459,50,15384.0,Budapest,2023-04-02,2026-05-10,9,294.95,35.91,4.0,mobile,yes,0
104667,33,35600.0,South,2024-12-04,2026-03-26,6,672.93,111.02,4.0,web,no,0
101025,61,16034.0,East,2024-06-11,2026-04-16,7,501.24,87.39,2.0,web,yes,0
101748,46,78131.0,East,2025-04-29,2026-03-25,3,86.5,26.37,5.0,mobile,no,1
101091,42,16613.0,Budapest,2024-04-01,2026-05-13,13,1058.24,81.07,4.0,mobile,yes,0
100417,49,61712.0,Budapest,2024-06-14,2026-06-28,6,346.62,59.97,4.0,mobile,yes,0
102576,43,22431.0,East,2025-11-26,2026-05-16,7,370.48,51.76,4.0,mobile,yes,0
105065,26,62080.0,North,2025-03-09,2026-05-18,8,1282.56,126.79,5.0,web,yes,0
103721,18,64074.0,East,2023-04-22,2026-03-24,4,204.36,63.63,4.0,store,yes,1
100565,61,27380.0,East,2025-01-02,2026-02-18,7,269.52,41.37,3.0,mobile,yes,0
100479,53,36010.0,East,2023-05-01,2026-02-27,7,709.48,116.14,2.0,web,no,0
105689,43,48519.0,South,2024-12-01,2026-04-26,9,460.98,51.24,3.0,mobile,no,0
100143,30,,North,2025-02-25,2026-06-24,6,387.39,61.54,4.0,web,yes,0
102095,46,41818.0,North,2023-02-10,2026-05-03,4,325.47,101.91,2.0,web,no,1
103962,58,20027.0,Budapest,2024-10-19,2026-06-10,5,218.69,40.06,4.0,mobile,no,0
101120,56,53172.0,North,2023-10-08,2026-04-12,8,424.01,53.81,3.0,mobile,no,0
102169,38,26374.0,Budapest,2023-03-09,2026-03-25,5,416.9,77.23,2.0,web,yes,0
100606,38,23213.0,South,2025-08-20,2026-05-01,6,494.68,83.68,5.0,web,yes,1
105693,51,31850.0,East,2025-05-01,2026-05-13,5,569.02,117.19,4.0,web,yes,0
103408,49,38869.0,Budapest,2024-07-25,2026-06-14,6,654.1,99.86,4.0,web,yes,0
100498,60,94895.0,East,2024-08-01,2026-06-28,8,1511.41,189.13,3.0,mobile,no,0
101104,49,17369.0,South,2024-02-17,2026-04-17,7,360.24,53.61,1.0,web,yes,0
102578,32,26745.0,South,2024-09-14,2026-06-15,4,92.81,33.18,3.0,web,no,0
103427,47,26533.0,Budapest,2024-07-17,2026-05-16,3,103.54,28.64,5.0,web,no,0
103613,34,66021.0,East,2023-09-05,2026-05-27,8,496.86,54.8,4.0,mobile,yes,0
100722,52,51727.0,West,2023-02-26,2026-03-09,7,111.51,17.44,5.0,web,yes,0
101193,44,43083.0,South,2025-05-06,2026-05-30,7,243.07,40.88,5.0,mobile,yes,0
101026,44,38279.0,Budapest,2023-10-10,2026-03-28,4,990.06,261.31,5.0,mobile,no,1
105590,47,18177.0,East,2024-03-30,2026-05-09,5,279.76,55.47,3.0,web,yes,0
101394,45,32651.0,Budapest,2025-01-28,2026-05-29,11,1230.45,113.74,3.0,store,yes,0
101408,36,,Budapest ,2025-01-04,2026-05-19,12,307.62,29.14,3.0,mobile,no,0
104909,67,46650.0,East,2024-03-16,2026-06-24,8,783.33,89.42,2.0,store,no,0
102182,56,40424.0,North,2024-01-20,2026-06-28,9,1476.37,183.62,5.0,store,yes,0
104858,44,23120.0,East,2024-03-12,2026-05-19,5,278.14,59.43,3.0,mobile,yes,0
103498,30,50642.0,South,2023-07-04,2026-06-28,8,304.72,44.67,5.0,web,no,0
103806,57,22743.0,Budapest,2024-12-10,2026-05-24,6,303.31,52.67,5.0,store,yes,0
101887,46,40555.0,Budapest,2023-03-27,2026-04-20,9,833.54,87.12,4.0,web,yes,0
102252,52,19121.0,South,2023-08-06,2026-05-03,4,331.41,94.68,3.0,web,yes,0
100337,37,45676.0,Budapest,2024-11-19,2026-05-30,4,399.54,128.69,4.0,mobile,no,0
105285,60,15000.0,Budapest,2024-05-18,2026-03-31,3,394.81,135.4,3.0,store,no,1
102346,32,39713.0,Budapest,2025-07-20,2026-02-14,8,728.9,98.09,3.0,mobile,no,1
101666,18,50903.0,South,2023-02-24,2026-05-10,9,430.78,44.35,3.0,mobile,no,0
103166,28,40888.0,East,2024-12-23,2026-04-18,8,694.31,71.41,4.0,web,no,0
105821,44,24341.0,East,2025-01-08,2026-02-07,7,471.71,69.24,4.0,store,yes,1
105081,36,25427.0,Budapest,2025-05-16,2026-05-17,5,392.72,66.72,3.0,mobile,yes,1
102822,30,77003.0,East,2025-05-31,2026-03-11,6,650.69,102.52,5.0,web,yes,0
103264,31,38305.0,West,2025-07-25,2026-06-05,4,753.29,170.74,5.0,store,yes,0
105715,37,50662.0,Budapest,2023-05-19,2026-05-29,6,960.53,139.7,4.0,store,no,0
100725,55,17080.0,Budapest,2023-01-07,2026-05-19,4,307.78,80.57,3.0,mobile,yes,0
100766,48,24160.0,Budapest,2025-04-29,2026-05-29,3,246.63,81.47,2.0,mobile,yes,0
100287,60,15000.0,Budapest,2023-03-01,2026-06-09,4,312.57,71.33,4.0,mobile,yes,0
100308,30,,East,2024-07-28,2026-03-30,7,825.52,119.14,9.0,store,no,0
102314,47,30766.0,Budapest,2024-03-30,2026-04-30,3,416.95,114.22,4.0,web,yes,0
104694,38,34460.0,South,2023-01-13,2026-05-20,1,54.74,61.46,3.0,web,yes,1
105466,31,25069.0,South,2023-05-31,2026-05-12,3,265.82,93.55,2.0,store,no,0
105091,39,109627.0,West,2025-12-27,2026-06-28,9,1254.14,146.31,4.0,mobile,yes,0
101198,42,,East,2024-12-11,2026-05-14,8,790.85,112.78,4.0,store,no,0
105111,37,21129.0,Budapest,2025-01-24,2026-06-09,6,699.59,114.71,4.0,web,no,0
101889,57,42573.0,South,2023-10-23,2026-04-15,10,558.47,49.93,4.0,store,yes,1
100072,43,36274.0,West,2025-08-09,2026-04-20,9,1925.44,216.2,3.0,web,no,0
101600,54,38359.0,Budapest,2024-11-28,2026-04-26,3,254.58,90.43,5.0,mobile,no,0
100712,47,23243.0,East,2024-04-14,2026-06-19,6,306.35,50.63,4.0,store,no,0
103752,45,18044.0,West,2023-10-31,2026-06-28,9,370.62,39.68,5.0,store,no,0
101021,38,28379.0,North,2025-10-30,2026-03-26,5,457.2,94.07,5.0,partner,yes,0
105675,29,74234.0,West,2023-10-23,2026-06-05,3,173.18,55.14,5.0,web,no,0
104316,51,40225.0,East,2025-07-22,2026-05-27,4,658.66,163.47,3.0,store,yes,0
102319,48,83916.0,West,2025-02-09,2026-06-16,4,106.13,27.21,5.0,web,yes,0
100738,36,19239.0,Budapest,2024-08-17,2026-05-02,4,322.23,78.98,5.0,mobile,no,0
102958,32,54812.0,Budapest,2025-04-08,2026-05-19,4,112.88,33.54,5.0,mobile,yes,0
103296,38,112189.0,North,2025-04-13,2026-04-23,6,243.62,50.14,4.0,web,yes,0
105577,55,21892.0,North,2023-03-02,2026-04-20,6,437.24,82.54,2.0,web,yes,1
105705,37,15000.0,East,2025-08-30,2026-04-02,8,910.29,99.81,3.0,web,no,0
104422,21,31625.0,Budapest,2025-05-20,2026-05-06,2,148.85,76.51,4.0,web,yes,0
101162,34,31812.0,East,2023-06-25,2026-04-08,6,301.9,45.47,3.0,mobile,no,0
101096,52,20488.0,West,2023-08-07,2026-06-02,4,393.56,84.45,3.0,web,yes,0
102108,42,49634.0,North,2024-02-25,2026-03-27,4,49.33,16.46,4.0,store,no,0
102971,52,35532.0,West,2024-10-27,2026-03-25,10,417.34,38.55,4.0,store,no,0
102506,36,31840.0,Budapest,2024-03-21,2026-06-28,10,607.74,56.62,3.0,web,no,0
103957,57,23538.0,North,2025-05-10,2026-05-16,4,144.25,34.34,3.0,store,yes,0
100979,33,16318.0,East,2025-07-14,2026-04-21,5,161.84,30.44,4.0,store,no,1
101143,47,28057.0,South,2025-02-22,2026-04-08,4,171.54,55.53,3.0,store,no,0
105134,62,44436.0,West,2024-12-30,2026-05-13,7,833.49,146.32,4.0,partner,yes,0
103559,32,38316.0,East,2023-12-12,2026-04-18,6,725.02,115.29,3.0,mobile,no,0
104571,42,24371.0,Budapest,2025-11-29,2026-06-11,6,464.92,80.12,3.0,mobile,no,0
105310,40,,Budapest,2023-03-31,2026-04-01,7,713.51,107.23,3.0,web,yes,0
100345,54,15000.0,South,2023-03-06,2026-05-22,4,173.71,47.65,4.0,web,yes,0
105077,35,15465.0,West,2024-09-30,2026-04-28,4,224.93,56.0,3.0,web,no,1
100912,33,26379.0,South,2025-08-18,2026-06-28,10,495.67,56.09,4.0,mobile,no,0
101621,49,21382.0,Budapest,2024-09-05,2026-06-28,7,521.26,68.52,5.0,web,yes,0
100048,35,15000.0,Budapest,2023-01-24,2026-05-16,5,437.42,95.48,2.0,web,no,1
102388,18,48037.0,Budapest,2024-01-24,2026-05-08,3,274.43,107.76,1.0,mobile,no,0
105614,42,27865.0,East,2024-07-20,2026-06-28,6,303.3,59.01,3.0,store,yes,0
100444,51,28608.0,Budapest,2024-07-19,2026-04-26,5,206.22,45.42,3.0,store,yes,0
101972,38,34937.0,North,2025-01-29,2026-06-05,5,260.1,48.38,3.0,web,yes,0
103167,35,33635.0,Budapest,2023-09-02,2026-06-28,9,319.84,39.9,4.0,mobile,yes,0
102517,33,18573.0,Budapest,2023-07-10,2026-04-20,8,732.98,91.76,3.0,partner,yes,0
102996,67,37309.0,West,2024-04-12,2026-04-20,6,257.56,55.17,4.0,partner,no,0
101935,33,32046.0,East,2023-11-18,2026-05-10,6,338.29,51.66,2.0,mobile,no,0
105616,48,20751.0,Budapest,2023-01-07,2026-06-01,9,676.9,77.42,3.0,web,yes,0
101245,36,15000.0,West,2024-03-14,2026-03-28,6,483.2,72.54,5.0,mobile,no,0
105899,47,34895.0,East,2023-04-16,2026-05-28,4,244.01,50.74,5.0,web,no,0
105196,46,116359.0,North,2023-10-31,2026-05-17,6,388.19,57.94,3.0,mobile,no,0
101056,42,30486.0,East,2023-01-13,2026-05-15,12,696.57,56.52,,web,no,0
100849,18,51943.0,Budapest,2025-12-10,2026-05-16,3,409.73,140.42,3.0,web,yes,0
102708,31,18655.0,Budapest,2025-03-18,2026-04-19,8,508.11,55.16,2.0,web,no,0
101952,28,35319.0,Budapest,2023-03-18,2026-06-12,7,596.76,82.92,4.0,mobile,yes,0
105440,25,41563.0,Budapest,2024-01-01,2026-06-25,4,260.13,69.38,4.0,store,no,0
102776,44,48672.0,West,2025-07-17,2026-05-09,9,1427.83,159.49,4.0,web,yes,0
105637,41,23684.0,Budapest,2023-10-16,2026-04-29,5,160.96,30.38,5.0,store,yes,0
104304,51,32048.0,West,2024-05-03,2026-05-24,6,436.46,69.06,4.0,mobile,yes,0
103261,46,15845.0,Budapest,2025-12-10,2026-06-28,4,179.4,50.86,5.0,partner,yes,0
103337,43,27460.0,East,2024-02-18,2026-06-12,7,511.36,77.66,4.0,mobile,yes,0
101171,30,61929.0,West,2023-04-08,2026-05-27,3,171.04,61.52,4.0,mobile,yes,0
100777,47,59128.0,East,2025-03-15,2026-03-31,10,279.5,25.87,2.0,web,yes,0
105708,37,15053.0,South,2023-10-30,2026-06-20,7,168.86,23.65,3.0,web,no,0
100184,37,,Budapest,2023-09-18,2026-05-27,1,63.27,64.72,4.0,mobile,yes,0
102139,57,33841.0,South,2023-07-06,2026-03-23,3,196.62,60.71,3.0,store,no,1
104122,52,15000.0,South,2023-06-17,2026-06-06,5,181.95,39.99,2.0,web,yes,0
105742,52,53788.0,East,2024-08-28,2026-04-29,5,611.61,110.61,3.0,mobile,no,0
105559,49,22587.0,East,2025-07-29,2026-06-27,8,313.27,37.28,3.0,store,no,0
100735,35,53127.0,Budapest,2025-05-08,2026-04-16,6,474.58,58.96,4.0,web,yes,0
101875,43,36668.0,North,2024-01-21,2026-06-27,7,322.66,44.89,3.0,mobile,yes,0
104349,34,16587.0,West,2025-11-28,2026-02-15,8,437.1,55.09,2.0,web,yes,0
103835,30,15000.0,Budapest,2023-11-22,2026-06-28,8,892.29,91.09,4.0,store,no,0
102064,36,,Budapest,2024-01-20,2026-06-10,5,140.2,26.95,5.0,store,yes,0
100486,26,35736.0,West,2024-07-16,2026-06-06,5,235.31,55.37,2.0,store,no,0
101187,43,34463.0,West,2025-05-27,2026-03-31,11,584.25,53.89,5.0,web,yes,0
100453,40,21740.0,East,2024-06-05,2026-05-06,5,134.52,26.93,3.0,mobile,yes,1
103857,44,38083.0,South,2023-07-29,2026-05-08,2,123.97,59.2,4.0,mobile,yes,0
104620,45,32944.0,West,2024-02-12,2026-03-29,9,387.92,45.96,4.0,store,yes,1
100031,43,21217.0,South,2024-05-09,2026-04-15,4,217.39,62.83,4.0,web,yes,0
100790,25,15000.0,East,2023-03-20,2026-06-16,5,621.55,109.95,4.0,store,yes,0
102846,47,20869.0,East,2025-12-21,2026-06-25,7,443.17,67.73,4.0,mobile,yes,0
102233,51,,Budapest,2024-10-08,2026-04-08,9,582.86,61.41,5.0,partner,no,0
101110,48,33939.0,Budapest,2025-10-23,2026-04-18,7,269.96,45.85,4.0,web,no,0
100101,18,52715.0,North,2024-02-21,2026-05-28,8,560.76,61.8,4.0,mobile,yes,0
104014,32,64548.0,Budapest,2025-08-14,2026-06-04,5,304.97,86.36,4.0,web,no,0
105415,59,15000.0,South,2024-05-09,2026-05-02,6,538.02,81.07,,partner,no,1
103204,20,50871.0,East,2023-02-27,2026-04-27,6,215.12,35.39,4.0,web,yes,0
104588,54,41108.0,North,2025-08-16,2026-03-28,3,374.45,101.14,5.0,partner,yes,0
101519,24,48403.0,Budapest,2024-11-04,2026-04-09,5,640.34,106.46,3.0,web,yes,1
101421,32,47981.0,East,2023-07-30,2026-04-09,4,128.55,35.08,4.0,web,yes,0
103797,46,31659.0,East,2025-06-03,2026-05-21,5,261.19,50.32,4.0,web,no,1
103083,31,47828.0,East,2025-07-24,2026-05-29,3,260.33,79.41,5.0,web,yes,0
100862,54,37192.0,South,2023-10-13,2026-06-10,6,334.82,63.34,3.0,partner,yes,0
101534,44,35286.0,East,2023-04-28,2026-05-29,5,418.46,84.5,3.0,web,yes,0
100904,51,48724.0,Wset,2025-07-05,2026-05-26,6,329.99,51.03,3.0,web,no,0
102068,38,22486.0,North,2023-05-21,2026-06-07,7,751.73,113.16,4.0,web,yes,0
100110,60,44145.0,North,2025-10-08,2026-05-16,5,204.44,38.93,2.0,mobile,no,0
102755,45,35663.0,North,2025-12-28,2026-03-30,5,396.89,75.46,4.0,web,no,0
102790,39,27045.0,West,2023-03-13,2026-04-04,8,673.06,72.69,3.0,store,no,1
105060,55,56318.0,Budapest,2023-06-18,2026-05-22,10,1350.83,155.73,5.0,web,yes,0
102802,37,35075.0,West,2023-09-04,2026-05-04,6,181.67,30.44,4.0,web,yes,0
105050,39,28797.0,North,2025-11-22,2026-05-28,3,203.49,63.06,4.0,web,yes,0
105526,53,54957.0,North,2024-09-06,2026-02-24,6,254.11,48.11,4.0,store,no,1
104809,50,56505.0,West,2023-09-03,2026-06-08,5,381.22,80.31,4.0,web,yes,0
105896,50,26006.0,South,2024-06-17,2026-05-02,5,391.58,108.25,3.0,web,no,1
101841,42,38209.0,Budapest,2025-11-23,2026-03-04,8,881.94,107.32,3.0,store,yes,1
103107,28,35936.0,Budapest,2023-11-27,2026-06-05,9,484.37,57.01,3.0,web,yes,1
102901,38,25550.0,West,2023-05-29,2026-05-28,7,248.91,35.48,3.0,web,no,1
104455,33,16502.0,East,2025-03-31,2026-04-16,4,236.01,56.1,3.0,web,yes,0
101213,26,17450.0,East,2024-09-22,2026-06-06,8,486.85,63.86,4.0,mobile,no,0
102104,59,17888.0,North,2025-06-29,2026-06-28,9,791.12,76.3,2.0,store,yes,0
105670,61,54658.0,South,2025-09-07,2026-04-11,6,701.23,107.6,3.0,mobile,no,0
103930,45,33940.0,North,2025-07-10,2026-05-03,4,668.65,155.41,4.0,,yes,0
101095,30,35430.0,East,2023-08-26,2026-06-28,1,78.47,82.09,4.0,mobile,no,0
101122,56,28141.0,Budapest,2023-10-22,2026-05-05,7,447.27,66.22,3.0,web,yes,0
101761,32,52581.0,Budapest,2024-06-12,2026-03-16,5,652.84,115.17,5.0,web,yes,1
103022,55,47417.0,South,2024-02-08,2026-05-26,4,223.19,55.84,3.0,partner,no,0
100810,29,32966.0,North,2025-10-21,2026-06-21,9,1778.33,183.76,4.0,store,no,0
103164,51,27494.0,East,2023-10-30,2026-06-28,7,557.22,81.41,3.0,mobile,no,0
105024,28,31767.0,East,2025-11-27,2026-04-27,4,717.81,189.89,3.0,store,yes,0
105943,58,15000.0,Budapest,2024-06-28,2026-06-07,6,195.83,32.28,5.0,web,yes,0
104230,38,18861.0,Budapest,2024-03-17,2026-05-01,6,633.17,97.25,4.0,web,no,0
104692,62,35490.0,Budapest,2024-03-01,2026-06-13,7,312.83,48.44,3.0,mobile,yes,0
104618,58,22241.0,East,2024-04-08,2026-05-11,5,291.48,48.08,4.0,mobile,no,0
105685,18,21038.0,West,2025-08-21,2026-05-14,10,630.79,49.92,4.0,store,yes,1
101499,54,25296.0,West,2023-06-26,2026-06-10,5,164.52,36.32,3.0,mobile,no,0
103025,60,68737.0,Budapest,2024-01-27,2026-05-03,5,332.19,68.34,3.0,store,yes,0
102851,58,31275.0,West,2023-05-21,2026-06-28,6,133.9,29.27,3.0,web,yes,0
104968,50,34976.0,Budapest,2023-10-28,2026-06-17,3,240.41,86.31,5.0,partner,yes,0
102880,38,34501.0,Budapest,2023-05-10,2026-06-26,5,262.58,58.47,4.0,mobile,yes,0
103034,24,18292.0,Budapest,2024-01-08,2026-04-28,10,409.5,39.11,3.0,store,yes,0
101536,45,81390.0,West,2023-12-24,2026-04-28,6,241.42,46.68,1.0,partner,no,0
104370,62,71484.0,West,2025-10-06,2026-06-05,4,196.92,48.38,4.0,partner,yes,0
101205,63,31289.0,Budapest,2023-06-12,2026-06-14,2,89.49,35.88,5.0,mobile,yes,0
105660,32,,South,2025-09-06,2026-05-28,4,331.34,73.91,3.0,partner,yes,0
102619,39,29816.0,South,2024-09-12,2026-06-20,10,436.29,41.32,4.0,WEB,yes,0
104517,41,76714.0,Wset,2025-01-28,2026-06-13,7,446.42,71.44,3.0,web,yes,0
105776,32,62317.0,Budapest,2025-06-18,2026-04-20,4,418.34,104.69,4.0,web,yes,0
101821,32,79914.0,North,2023-12-08,2026-06-28,4,312.93,72.72,5.0,mobile,yes,0
103168,34,27235.0,Budapest,2024-12-01,2026-04-05,8,892.94,102.72,4.0,web,yes,0
102437,36,,East,2024-01-31,2026-06-10,3,288.98,100.75,4.0,mobile,yes,0
100830,26,27072.0,Budapest,2024-11-21,2026-04-30,8,394.87,59.54,4.0,store,no,1
104285,49,26627.0,North,2025-11-01,2026-06-28,7,967.11,120.65,4.0,web,no,1
102073,49,83627.0,Budapest,2025-07-06,2026-05-30,5,326.28,63.42,5.0,web,no,0
100439,59,42161.0,South,2025-06-13,2026-05-13,10,1426.98,139.21,,store,yes,0
100628,41,36501.0,Budapest,2024-06-13,2026-06-28,3,282.01,69.78,4.0,mobile,no,0
103759,50,45677.0,North,2023-04-09,2026-04-09,10,944.33,80.95,3.0,web,yes,0
101563,56,18664.0,North,2024-03-05,2026-05-30,4,401.91,82.68,4.0,web,yes,1
100926,24,30016.0,Budapest,2023-05-18,2026-06-01,10,365.02,41.9,4.0,web,yes,0
105548,36,38295.0,East,2023-11-25,2026-06-28,6,727.75,104.79,3.0,web,yes,0
104994,26,52705.0,West,2025-12-31,2026-06-04,4,623.1,145.71,3.0,web,no,1
101955,49,93875.0,North,2025-06-17,2026-02-17,8,659.84,94.04,3.0,store,yes,0
105103,40,,Budapest,2025-03-23,2026-05-23,5,602.74,127.37,3.0,mobile,no,0
102466,59,48565.0,South,2025-01-07,2026-04-12,3,228.33,73.93,4.0,mobile,yes,0
101174,63,16007.0,South,2023-03-07,2026-06-10,8,335.49,49.89,4.0,mobile,no,0
103298,30,37845.0,West,2023-04-18,2026-06-28,3,214.64,60.83,3.0,partner,no,0
101738,50,,Budapest,2023-06-17,2026-04-02,1,47.59,46.17,3.0,mobile,yes,0
100945,33,23200.0,West,2025-02-12,2026-06-08,7,728.4,117.79,3.0,web,yes,0
104795,62,87020.0,Budapest,2025-02-01,2026-06-01,7,1223.81,169.09,3.0,web,yes,0
102317,30,,Budapest,2024-06-08,2026-04-21,6,177.12,31.4,3.0,partner,no,0
100013,31,17437.0,East,2024-07-29,2026-03-31,4,266.23,54.42,3.0,web,yes,1
101118,30,17262.0,South,2024-10-26,2026-06-20,6,318.42,50.53,4.0,mobile,no,0
104635,54,36129.0,East,2024-01-05,2026-04-24,6,212.75,41.0,4.0,mobile,no,0
105243,31,39683.0,Budapest,2025-08-06,2026-05-02,3,258.51,90.45,4.0,mobile,no,0
103952,52,19451.0,North,2025-06-16,2026-06-13,9,758.46,73.71,3.0,partner,yes,0
100643,34,,Budapest,2024-02-21,2026-04-02,3,284.45,87.66,4.0,web,yes,0
105252,46,35468.0,Budapest,2023-07-24,2026-02-21,4,111.97,25.53,4.0,store,yes,0
102956,39,,Budapest,2024-12-10,2026-05-03,2,190.27,97.77,4.0,web,yes,0
104915,51,51106.0,Budapest,2023-05-11,2026-03-18,4,126.83,34.04,4.0,partner,no,1
104440,41,31346.0,Budapest,2023-01-15,2026-03-02,6,888.19,133.77,2.0,mobile,yes,0
105741,46,46553.0,East,2025-02-13,2026-05-22,3,188.34,60.08,4.0,mobile,no,0
104561,23,60888.0,North,2025-11-09,2026-05-10,10,461.48,42.32,4.0,web,yes,0
105518,36,51257.0,Budapest,2023-02-06,2026-06-28,8,743.75,78.3,5.0,mobile,yes,0
104206,55,41252.0,South,2025-09-20,2026-06-24,6,583.46,100.53,4.0,mobile,no,0
104417,44,26413.0,East,2023-05-03,2026-05-15,3,208.99,73.83,3.0,mobile,yes,0
102115,47,49294.0,Budapest,2023-08-08,2026-04-28,7,507.33,78.14,3.0,web,yes,0
102293,43,18639.0,East,2024-05-04,2026-05-09,7,120.82,20.05,4.0,,yes,0
100654,40,19571.0,Budapest,2024-10-06,2026-05-30,8,202.79,27.24,4.0,mobile,yes,0
100430,36,71629.0,South,2024-06-29,2026-06-10,7,309.56,45.75,3.0,web,yes,0
104840,18,17482.0,Budapest,2023-08-17,2026-05-14,5,386.86,79.55,3.0,store,no,1
104657,43,71604.0,North,2025-05-03,2026-03-20,5,258.89,53.82,4.0,mobile,no,0
102549,46,36178.0,Budapest,2023-08-31,2026-04-29,3,248.1,74.48,4.0,store,no,0
102886,45,31038.0,Budapest,2024-03-12,2026-04-21,1,54.84,69.4,2.0,web,yes,0
103470,40,34572.0,North,2025-07-02,2026-04-28,4,225.75,59.27,4.0,web,yes,0
104002,18,73061.0,West,2024-09-24,2026-06-03,6,262.14,46.88,2.0,store,no,0
100839,42,32813.0,West,2024-09-20,2026-03-03,10,-174.42687299244076,85.3,2.0,partner,no,1
101088,21,33255.0,South,2024-08-21,2026-06-07,6,527.66,83.19,4.0,web,yes,0
105629,36,24082.0,Budapest,2023-08-02,2026-04-02,3,351.18,144.18,4.0,web,no,0
101894,38,87506.0,Budapest,2023-10-20,2026-06-10,1,42.42,37.97,5.0,web,no,0
104420,36,22321.0,West,2023-09-02,2026-05-15,8,433.5,56.26,4.0,store,yes,0
101358,58,19771.0,West,2023-09-13,2026-04-14,9,440.79,53.34,5.0,web,no,0
104834,53,27326.0,South,2025-07-29,2026-06-03,8,604.88,77.84,5.0,mobile,no,0
100857,47,63073.0,South,2023-11-23,2026-06-10,7,699.8,84.57,4.0,web,yes,0
104288,42,15000.0,Budapest,2025-05-18,2026-04-03,5,348.87,91.68,5.0,store,no,1
105900,41,26871.0,Budapest,2024-04-16,2026-04-29,8,528.52,79.61,4.0,partner,yes,0
103401,43,41381.0,Budapest,2023-02-27,2026-06-02,3,132.02,44.55,4.0,mobile,no,0
105036,57,34379.0,Budapest,2023-02-16,2026-03-14,6,433.76,68.01,2.0,partner,no,0
101733,50,28190.0,South,2023-04-10,2026-04-30,6,435.5,90.95,3.0,web,no,0
105270,73,22789.0,West,2023-06-28,2026-05-02,3,331.56,92.88,0.0,web,yes,0
100694,48,42783.0,Budapest,2023-06-17,2026-05-26,12,691.99,64.34,4.0,store,yes,0
102677,31,20809.0,West,2023-01-25,2026-06-28,7,667.72,79.66,5.0,store,yes,0
102700,42,,South,2025-03-03,2026-05-10,5,373.95,76.38,3.0,web,no,0
100189,35,22524.0,South,2024-01-22,2026-04-10,7,340.22,58.18,4.0,mobile,no,0
100288,20,31403.0,West,2023-06-16,2026-03-31,4,265.07,70.26,5.0,partner,yes,0
104951,31,48588.0,Budapest,2023-03-07,2026-05-27,5,1232.84,259.92,3.0,web,yes,0
103313,39,49693.0,East,2024-10-08,2026-04-24,8,765.84,103.65,5.0,web,no,0
103658,37,31446.0,West,2024-03-27,2026-04-28,6,130.56,21.17,4.0,web,yes,0
102859,40,50256.0,South,2024-03-03,2026-04-27,3,307.47,95.02,3.0,web,no,0
105969,52,42647.0,East,2025-06-03,2026-06-13,3,77.38,30.07,4.0,mobile,yes,0
103738,46,19453.0,South,2023-05-29,2026-03-30,7,450.71,57.32,5.0,web,yes,0
103287,31,23008.0,East,2024-05-05,2026-06-19,4,476.82,94.72,4.0,store,yes,0
104081,18,16287.0,West,2023-05-02,2026-03-12,4,293.85,61.72,5.0,mobile,yes,0
102146,49,24457.0,North,2024-08-28,2026-06-09,6,484.99,78.95,3.0,mobile,yes,0
102171,53,20467.0,West,2023-08-02,2026-05-25,5,128.56,32.19,5.0,partner,yes,0
103015,42,37351.0,Budapest,2024-03-11,2026-06-28,5,694.18,120.76,3.0,partner,yes,1
100211,41,19854.0,East,2025-12-13,2026-04-24,8,255.92,36.71,4.0,web,no,0
102782,27,22316.0,Budapest,2025-05-19,2026-06-21,3,242.37,103.06,5.0,web,no,0
105352,59,24667.0,South,2023-04-07,2026-03-23,6,186.54,26.95,3.0,web,yes,0
104624,39,23623.0,North,2023-07-15,2026-05-14,4,299.86,75.93,4.0,mobile,no,0
105351,51,17213.0,North,2023-12-06,2026-04-21,7,406.3,62.81,0.0,web,yes,0
100074,41,21691.0,Budapest,2024-07-08,2026-04-26,10,712.13,56.26,4.0,web,no,0
104658,33,15000.0,Budapest,2025-11-24,2026-04-14,4,182.59,43.15,2.0,store,no,0
104225,27,38605.0,Budapest,2024-07-06,2026-04-23,6,197.0,32.05,3.0,store,yes,0
105635,48,84317.0,Budapest,2023-05-04,2026-05-18,4,176.74,47.55,3.0,Mobile,yes,0
105837,25,22535.0,South,2024-03-27,2026-04-01,8,294.96,35.15,4.0,mobile,yes,0
103820,53,24977.0,South,2024-02-05,2026-04-06,5,400.41,74.62,2.0,store,yes,0
103788,32,22235.0,Budapest,2024-06-09,2026-06-05,10,948.47,86.95,5.0,web,no,0
103246,18,28998.0,East,2025-05-11,2026-05-05,3,206.84,66.22,5.0,mobile,yes,1
105625,46,20041.0,Budapest,2024-11-10,2026-04-14,4,202.64,51.99,4.0,store,yes,1
104026,42,24184.0,North,2025-05-12,2026-06-28,7,975.4,118.73,5.0,web,no,0
101232,42,51663.0,East,2025-05-20,2026-06-28,3,254.36,93.96,5.0,web,yes,0
103480,51,30105.0,East,2024-11-26,2026-06-28,6,914.28,124.14,5.0,store,yes,0
101555,22,20738.0,Budapest ,2024-01-11,2026-05-11,8,459.03,56.35,3.0,mobile,yes,0
105901,49,39845.0,South,2023-07-17,2026-03-04,4,347.79,114.35,5.0,web,no,0
103606,36,,Budapest,2023-05-06,2026-04-30,10,826.8,88.38,2.0,partner,yes,0
100114,36,32653.0,East,2024-01-28,2026-06-28,7,326.44,43.61,3.0,partner,yes,0
105112,53,,East,2025-01-08,2026-04-19,5,446.79,85.63,5.0,mobile,no,0
102188,40,,East,2025-04-14,2026-05-30,3,64.03,22.7,4.0,web,yes,0
103113,55,26350.0,East,2024-03-15,2026-06-28,7,466.8,69.66,4.0,,no,0
104190,44,49067.0,West,2023-02-04,2026-05-01,2,99.14,40.01,4.0,web,no,0
105886,45,20123.0,Budapest,2024-12-12,2026-05-04,11,1320.45,140.42,4.0,web,yes,0
105669,29,39880.0,East,2024-04-14,2026-05-03,10,420.99,42.12,3.0,mobile,yes,0
104646,54,26450.0,North,2025-08-04,2026-03-09,7,739.24,105.02,2.0,web,no,0
104988,49,30987.0,Budapest,2025-09-04,2026-06-04,3,240.01,85.3,4.0,partner,yes,0
104359,60,32310.0,West,2024-05-16,2026-05-04,10,1110.98,98.09,2.0,mobile,no,0
103633,45,17008.0,East,2025-04-07,2026-06-28,3,219.93,75.13,4.0,web,no,0
101865,39,,East,2024-02-03,2026-04-25,6,513.53,88.27,3.0,store,no,0
104363,31,22691.0,East,2025-04-01,2026-04-15,7,518.07,78.97,4.0,web,yes,0
102463,36,22902.0,Budapest,2025-03-04,2026-04-29,2,217.12,119.15,5.0,mobile,no,0
104989,33,26234.0,North,2025-08-12,2026-06-28,3,176.92,77.68,,web,yes,1
103575,53,20017.0,Budapest,2024-09-24,2026-04-18,6,318.19,59.91,5.0,web,yes,0
100253,43,28501.0,West,2025-12-19,2026-06-28,8,428.28,60.57,5.0,mobile,no,0
100351,40,23986.0,East,2025-10-02,2026-05-25,7,873.4,100.05,3.0,store,no,0
104258,55,38954.0,West,2025-09-15,2026-03-29,2,60.32,28.25,3.0,web,yes,0
105590,47,18177.0,East,2024-03-30,2026-05-09,5,279.76,55.47,3.0,web,yes,0
100458,40,41809.0,West,2025-08-17,2026-03-23,8,535.72,65.75,4.0,store,yes,0
103228,53,37000.0,Budapest,2025-02-01,2026-05-12,12,956.32,73.15,4.0,store,no,0
100480,46,15375.0,West,2025-04-18,2026-04-09,3,204.22,72.33,4.0,,no,1
101115,59,26206.0,North,2023-12-17,2026-06-15,8,338.72,51.38,5.0,store,yes,0
100799,47,40700.0,South,2025-02-27,2026-04-27,5,495.09,106.93,5.0,mobile,yes,1
104245,50,36928.0,East,2023-10-17,2026-06-10,9,320.51,42.64,3.0,web,no,0
104673,57,46951.0,Budapest,2024-03-27,2026-04-01,2,146.84,73.0,5.0,web,no,0
102909,34,24783.0,North,2023-12-19,2026-05-17,5,241.11,46.43,4.0,mobile,yes,0
100027,42,31226.0,West,2024-09-11,2026-04-01,5,172.0,32.52,5.0,web,no,0
104555,50,76150.0,Budapest,2024-10-20,2026-03-16,7,288.92,37.13,4.0,store,yes,0
101375,46,26959.0,North,2023-01-18,2026-04-11,7,549.68,83.9,3.0,mobile,no,0
103309,31,28261.0,East,2025-05-03,2026-05-10,5,500.04,103.46,4.0,web,no,0
103165,33,20662.0,East,2025-11-07,2026-05-25,7,316.27,40.34,2.0,mobile,yes,0
101288,30,42921.0,Budapest,2023-11-05,2026-05-29,7,587.11,63.97,3.0,web,yes,0
101282,49,75449.0,West,2024-09-16,2026-04-24,6,561.17,82.42,3.0,web,yes,0
104763,43,48730.0,North,2025-06-04,2026-05-03,6,512.98,79.62,3.0,web,no,0
102887,48,22040.0,Budapest,2023-02-06,2026-04-16,9,1044.32,108.98,4.0,web,no,0
102088,46,38041.0,West,2025-02-28,2026-05-19,8,207.48,26.1,3.0,web,yes,0
102478,45,18510.0,Budapest,2023-09-16,2026-05-16,4,424.09,141.36,5.0,mobile,no,0
103627,52,21730.0,North,2024-02-01,2026-04-30,1,61.0,53.67,3.0,web,no,0
105180,64,73449.0,East,2024-05-09,2026-04-17,7,842.56,98.96,4.0,Mobile,yes,0
104743,41,18865.0,South,2025-09-04,2026-06-12,8,323.43,34.54,3.0,web,no,0
101993,18,74326.0,Budapest,2025-07-26,2026-06-28,6,363.64,58.45,4.0,web,yes,0
102828,51,68200.0,Budapest,2023-10-27,2026-05-21,6,445.89,87.14,4.0,partner,no,0
105645,51,50866.0,East,2024-09-16,2026-05-31,9,410.06,47.83,3.0,mobile,yes,0
104961,47,34425.0,Budapest,2025-05-08,2026-06-28,13,1715.46,126.18,5.0,web,yes,0
100608,48,36231.0,Budapest,2024-05-06,2026-06-15,7,240.37,31.93,4.0,web,no,0
104558,27,,South,2024-11-28,2026-02-19,5,166.28,29.9,4.0,web,yes,0
104592,42,113789.0,West,2025-08-26,2026-04-22,6,370.48,63.42,4.0,store,yes,0
103444,47,21372.0,West,2023-09-18,2026-05-05,7,874.76,125.1,5.0,web,yes,0
101508,19,54677.0,West,2023-06-12,2026-05-06,6,376.23,57.78,2.0,store,no,0
103097,40,43289.0,Budapest,2023-05-03,2026-06-23,8,819.35,87.47,5.0,mobile,no,0
104878,32,21070.0,East,2024-02-12,2026-03-17,13,723.6,61.2,2.0,mobile,yes,0
105929,24,17860.0,South,2024-01-03,2026-06-28,4,396.98,87.6,5.0,store,no,0
104767,37,30836.0,East,2024-07-16,2026-05-03,6,349.72,62.34,4.0,web,yes,0
100204,22,49010.0,Budapest,2024-04-09,2026-06-28,6,224.23,39.59,4.0,web,no,0
100340,45,39456.0,North,2024-11-02,2026-05-27,9,770.48,80.27,3.0,store,yes,0
104784,49,44645.0,East,2024-04-06,2026-04-16,9,721.95,78.93,4.0,web,yes,0
100838,21,49605.0,North,2024-11-29,2026-05-22,2,117.62,59.65,4.0,mobile,yes,0
104383,39,42150.0,Budapest,2023-06-16,2026-05-17,8,321.74,45.97,3.0,web,no,0
100388,34,26374.0,North,2024-02-24,2026-03-30,9,673.12,63.65,4.0,web,yes,0
103136,44,39803.0,South,2023-06-07,2026-04-23,6,533.43,74.3,4.0,mobile,yes,0
104656,47,22256.0,South,2023-07-15,2026-06-10,5,307.76,73.74,4.0,web,yes,0
102610,51,40898.0,West,2024-11-10,2026-04-19,4,380.79,105.19,3.0,web,yes,0
102928,68,35331.0,East,2023-10-19,2026-05-07,6,395.92,69.39,4.0,partner,yes,0
101861,24,21402.0,East,2024-07-17,2026-06-28,7,183.56,41.92,5.0,mobile,yes,0
105490,53,37407.0,South,2025-10-25,2026-06-13,5,1205.8,285.78,3.0,store,yes,0
103024,57,25514.0,East,2024-02-09,2026-05-01,3,299.53,106.55,4.0,,yes,1
101497,33,38820.0,South,2025-05-01,2026-05-24,7,865.8,121.7,3.0,web,no,0
104954,18,33985.0,North,2024-05-08,2026-06-10,5,547.16,120.51,4.0,store,no,1
101685,45,16959.0,Budapest,2024-07-17,2026-06-11,5,378.36,69.52,1.0,web,yes,0
102400,39,55371.0,East,2024-03-24,2026-06-10,7,283.63,42.03,4.0,store,yes,0
103542,35,16262.0,East,2025-11-08,2026-05-13,4,215.14,57.65,3.0,partner,no,1
100678,44,35058.0,West,2025-03-06,2026-04-23,7,509.39,67.81,3.0,store,no,1
104449,56,23132.0,East,2023-02-10,2026-05-31,4,420.4,94.74,3.0,web,no,0
104210,41,30748.0,Budapest ,2025-08-03,2026-06-24,5,394.3,85.78,5.0,web,yes,0
102482,34,49957.0,Budapest,2023-05-24,2026-03-24,6,657.49,122.21,3.0,web,no,0
100062,26,15000.0,West,2023-08-02,2026-06-14,4,301.88,75.83,2.0,web,yes,0
101621,49,21382.0,Budapest,2024-09-05,2026-06-28,7,521.26,68.52,5.0,web,yes,0
102092,53,15000.0,South,2025-05-03,2026-04-24,5,180.77,35.39,4.0,web,yes,0
104161,56,75137.0,East,2024-09-18,2026-06-22,4,196.21,49.52,4.0,web,no,0
103155,21,19868.0,Budapest,2023-02-23,2026-04-21,7,316.67,51.38,3.0,mobile,yes,1
101979,36,33573.0,South,2025-03-20,2026-06-28,6,459.07,72.31,4.0,partner,yes,0
100791,59,23384.0,Budapest,2023-07-29,2026-05-02,6,241.69,44.98,4.0,,yes,0
103913,47,,South,2025-06-14,2026-04-23,9,683.28,76.26,4.0,store,no,0
103246,18,28998.0,East,2025-05-11,2026-05-05,3,206.84,66.22,5.0,mobile,yes,1
105465,32,89236.0,Budapest,2025-11-09,2026-06-21,5,329.3,75.86,2.0,store,yes,0
104715,51,35116.0,East,2024-07-26,2026-06-27,8,608.1,74.65,4.0,mobile,yes,0
104833,30,30718.0,East,2025-05-20,2026-05-07,4,273.54,115.05,4.0,web,yes,0
103871,43,30637.0,West,2024-04-26,2026-05-30,4,259.77,61.62,4.0,web,no,1
102043,47,24440.0,East,2025-04-01,2026-05-27,8,640.23,88.11,5.0,store,no,0
101544,38,37432.0,Budapest,2023-10-23,2026-05-18,3,338.49,103.02,5.0,partner,no,0
104897,56,77273.0,Budapest,2023-09-07,2026-05-25,3,293.39,87.57,3.0,web,yes,0
102630,28,38609.0,Budapest,2023-07-11,2026-03-09,5,463.16,86.62,5.0,store,yes,0
104059,26,34226.0,West,2023-01-17,2026-04-09,6,452.65,85.34,3.0,store,yes,0
101506,64,51852.0,West,2024-09-21,2026-04-14,10,1053.75,109.86,3.0,store,yes,0
100734,39,30724.0,West,2025-10-10,2026-04-20,8,573.04,67.12,3.0,store,no,0
105544,37,21296.0,East,2025-02-15,2026-06-17,8,1821.35,217.48,2.0,store,no,0
104575,58,22068.0,South,2024-01-28,2026-04-16,8,382.15,51.53,2.0,store,no,0
102272,41,27796.0,East,2025-10-17,2026-05-25,8,495.02,59.13,2.0,web,no,1
105115,57,38759.0,Budapest,2024-04-15,2026-05-30,9,693.07,88.54,5.0,mobile,yes,0
101880,29,54976.0,East,2024-01-17,2026-06-20,4,146.88,36.54,5.0,partner,yes,0
102458,36,34470.0,Budapest,2023-07-16,2026-05-04,8,624.25,67.9,3.0,store,yes,0
100528,29,15000.0,North,2023-08-10,2026-05-12,6,156.76,22.31,3.0,web,yes,0
101832,53,39588.0,North,2025-10-20,2026-06-24,7,344.24,50.34,3.0,mobile,no,0
102599,34,25331.0,North,2024-05-07,2026-06-28,8,1799.84,209.55,4.0,mobile,no,0
101558,42,15000.0,West,2024-05-29,2026-06-28,6,408.14,75.4,4.0,web,no,0
102679,32,43418.0,South,2023-08-18,2026-06-28,4,422.26,95.14,4.0,store,yes,0
101612,68,15000.0,South,2023-08-25,2026-05-10,7,325.25,44.67,3.0,store,no,0
103505,48,24254.0,East,2024-08-31,2026-06-20,5,244.36,51.26,2.0,mobile,yes,1
100804,24,25001.0,East,2025-05-17,2026-05-02,7,220.3,31.0,4.0,web,yes,0
100858,44,43562.0,South,2025-12-29,2026-03-27,10,862.7,103.75,4.0,web,yes,0
105910,33,15151.0,Budapest,2025-03-07,2026-05-17,9,919.4,111.55,3.0,mobile,yes,0
102447,23,47882.0,Budapest,2023-09-10,2026-06-02,9,820.14,89.8,5.0,mobile,yes,0
102788,56,20088.0,East,2023-04-27,2026-03-06,4,167.13,43.85,3.0,mobile,yes,1
103946,32,18293.0,North,2023-01-27,2026-05-04,4,169.73,40.42,4.0,web,no,1
104705,41,39034.0,Budapest,2024-10-10,2026-06-21,7,403.24,59.48,4.0,web,yes,0
101565,56,32098.0,South,2024-12-01,2026-05-05,7,431.11,61.29,4.0,web,no,0
100220,45,35986.0,West,2023-01-20,2026-04-07,5,318.39,60.03,3.0,mobile,no,0
104740,50,43887.0,East,2025-09-19,2026-03-29,6,451.69,66.11,4.0,web,no,0
101289,45,31896.0,West,2024-06-22,2026-04-28,7,485.38,70.58,5.0,mobile,yes,0
101116,26,27905.0,Budapest,2023-11-27,2026-05-01,6,171.04,30.68,3.0,store,yes,0
100583,45,35661.0,Budapest,2023-04-08,2026-06-28,5,662.88,151.13,4.0,store,yes,0
103198,60,29764.0,Budapest,2024-01-12,2026-05-27,7,86.93,15.41,5.0,web,yes,0
100044,44,24740.0,Budapest,2024-05-07,2026-05-03,4,654.59,161.37,4.0,partner,yes,0
103915,38,42519.0,West,2023-09-05,2026-04-29,6,382.99,61.35,5.0,web,yes,0
101624,31,16679.0,Budapest,2024-12-27,2026-04-30,8,458.31,53.93,3.0,web,no,0
105124,31,42723.0,East,2025-10-16,2026-06-23,7,1144.46,158.49,4.0,web,yes,0
104625,30,46927.0,Budapest,2023-09-22,2026-06-04,3,241.4,66.01,3.0,mobile,yes,0
101663,53,18850.0,South,2025-03-20,2026-05-25,9,418.15,56.01,3.0,mobile,no,1
103873,29,30465.0,Budapest,2024-06-12,2026-05-29,4,217.5,55.26,1.0,mobile,no,0
102648,7,29597.0,South,2025-12-14,2026-03-24,8,1305.63,171.42,5.0,web,yes,0
105872,33,30578.0,Budapest,2023-01-30,2026-02-06,7,1021.26,176.61,2.0,,yes,0
105941,56,35217.0,East,2023-08-12,2026-03-01,8,577.27,66.01,5.0,mobile,yes,1
101225,47,35660.0,Budapest,2025-11-23,2026-06-14,7,294.45,47.42,2.0,mobile,yes,1
104642,33,15000.0,Budapest,2024-09-25,2026-04-18,4,393.35,112.33,3.0,store,yes,1
104377,23,27410.0,South,2025-06-09,2026-05-23,10,309.17,35.53,5.0,mobile,no,0
101072,33,49062.0,East,2025-11-10,2026-06-28,8,1032.86,119.12,5.0,web,yes,0
100719,34,29039.0,East,2023-11-28,2026-05-07,7,278.39,39.67,4.0,mobile,yes,0
104380,58,19301.0,Budapest,2025-07-04,2026-04-24,6,526.29,77.74,2.0,web,yes,0
102003,37,39472.0,North,2023-02-01,2026-03-22,7,245.17,36.54,4.0,web,yes,0
100671,33,,Budapest,2023-10-15,2026-05-11,3,203.88,73.63,5.0,web,yes,0
103937,44,15351.0,West,2023-03-19,2026-05-22,6,413.52,84.12,1.0,web,no,1
104152,41,45179.0,East,2024-03-08,2026-05-13,7,471.17,73.76,5.0,store,yes,0
104323,40,29755.0,East,2024-07-13,2026-06-01,9,869.38,89.46,4.0,web,no,0
104823,51,16457.0,East,2023-06-05,2026-06-13,3,150.56,46.82,2.0,web,no,0
102922,43,55032.0,Budapest,2023-03-01,2026-05-29,4,139.16,38.75,3.0,store,yes,0
100898,41,22162.0,Budapest,2025-06-06,2026-04-22,5,269.93,53.13,3.0,web,yes,0
101259,32,30386.0,East,2023-06-05,2026-04-28,7,322.3,38.23,2.0,store,yes,0
101617,68,49292.0,Budapest,2024-08-08,2026-05-18,9,362.63,43.2,5.0,web,no,0
100096,61,45315.0,East,2024-02-24,2026-04-16,11,327.77,33.85,4.0,web,yes,0
103561,41,15000.0,East,2023-09-12,2026-05-10,8,1143.31,127.98,2.0,mobile,no,0
102992,26,,South,2024-04-18,2026-04-26,3,156.13,64.35,4.0,web,yes,1
100843,59,24621.0,East,2024-04-02,2026-03-29,4,395.17,92.74,3.0,store,yes,0
104877,49,59815.0,Budapest,2025-09-16,2026-05-20,4,248.58,61.21,3.0,web,no,1
105523,39,25843.0,West,2025-08-26,2026-05-06,6,444.37,66.87,4.0,store,yes,1
105001,56,47634.0,Budapest,2023-09-21,2026-04-19,9,1017.75,116.02,5.0,store,no,0
104183,34,41746.0,East,2023-11-22,2026-04-06,8,241.29,35.79,3.0,web,yes,0
105368,50,47177.0,South,2025-02-28,2026-04-13,6,581.47,95.76,4.0,store,yes,0
101601,54,83984.0,North,2023-10-18,2026-06-27,3,372.34,131.94,4.0,partner,no,0
104595,49,,Budapest,2023-07-07,2026-04-02,9,217.36,24.7,5.0,store,yes,1
100323,40,22182.0,Budapest,2023-01-19,2026-04-04,6,223.45,44.36,4.0,store,no,0
104379,30,49109.0,North,2025-10-02,2027-01-15,4,246.71,55.88,3.0,mobile,yes,0
102158,49,33891.0,Budapest,2025-03-03,2026-06-18,4,512.13,118.95,5.0,web,yes,0
103188,38,143036.0,South,2023-05-17,2026-05-13,7,312.3,50.62,3.0,mobile,yes,0
100335,47,44549.0,Budapest,2025-06-12,2026-06-28,6,287.2,52.51,4.0,store,yes,0
102678,41,23852.0,South,2025-02-07,2026-06-19,5,251.72,39.62,4.0,mobile,no,0
100333,21,23282.0,East,2023-05-05,2026-06-28,11,800.67,76.17,5.0,mobile,yes,0
100834,44,60230.0,East,2025-09-25,2026-04-12,3,93.19,34.57,5.0,partner,no,0
103743,29,21533.0,South,2024-03-09,2026-05-18,7,348.32,45.08,3.0,mobile,yes,0
105311,45,,West,2023-02-16,2026-04-19,5,250.22,45.73,3.0,web,yes,0
105766,45,36940.0,West,2023-04-04,2026-06-21,8,813.46,88.8,4.0,web,no,0
103590,43,63643.0,Budapest,2023-09-30,2026-03-07,10,510.71,45.99,4.0,web,no,0
105332,44,15000.0,South,2024-06-13,2026-05-24,4,226.19,47.59,4.0,partner,yes,0
100732,51,27749.0,Budapest,2025-09-09,2026-03-15,4,272.06,50.99,4.0,mobile,no,0
101731,59,47768.0,North,2024-12-22,2026-03-28,3,306.05,98.23,3.0,mobile,yes,1
100292,62,30943.0,Budapest,2023-03-04,2026-06-28,8,583.55,85.46,3.0,partner,yes,0
100185,59,42492.0,South,2024-10-25,2026-05-23,4,102.99,30.85,4.0,web,yes,0
104752,18,27371.0,East,2024-04-20,2026-05-25,7,240.86,39.71,3.0,web,no,0
104216,28,48309.0,Budapest,2023-09-01,2026-04-13,6,261.49,43.68,4.0,mobile,yes,0
103701,46,33637.0,North,2025-06-30,2026-06-09,10,818.19,87.09,3.0,web,no,0
100534,50,51989.0,East,2024-07-09,2026-04-08,4,315.26,101.27,4.0,web,yes,0
102869,41,30013.0,North,2024-10-08,2026-04-11,4,128.05,30.49,5.0,web,yes,0
101570,51,36668.0,West,2024-10-19,2026-04-06,2,153.8,85.76,4.0,partner,no,0
102128,30,20570.0,Budapest,2025-11-19,2026-04-15,6,755.24,119.65,5.0,mobile,no,1
103205,38,15691.0,North,2025-11-26,2026-04-22,7,221.86,30.58,3.0,web,yes,0
100658,29,36671.0,Budapest,2023-09-03,2026-06-28,3,200.57,57.7,3.0,partner,yes,0
101256,30,25115.0,South,2023-10-27,2026-05-22,5,230.74,45.28,3.0,web,yes,0
102532,30,27506.0,East,2024-07-13,2026-05-04,8,581.41,76.84,3.0,web,no,0
103540,45,25061.0,Budapest,2024-01-21,2026-05-30,6,185.87,27.47,3.0,web,yes,0
105799,53,66794.0,East,2023-12-31,2026-04-06,9,556.51,62.26,4.0,web,yes,1
103650,33,86030.0,South,2023-04-15,2026-05-29,7,478.99,60.8,4.0,mobile,no,0
100899,30,46481.0,Budapest,2025-08-17,2026-06-28,11,1440.04,134.96,4.0,mobile,no,0
100429,38,19704.0,Budapest,2024-03-20,2026-05-06,7,329.8,48.76,2.0,mobile,no,1
104156,53,31199.0,Budapest,2024-01-25,2026-05-21,6,431.5,72.48,4.0,web,no,0
102035,18,47863.0,Budapest,2024-07-25,2026-05-14,3,189.28,77.91,5.0,web,no,0
101440,25,29047.0,North,2023-09-13,2026-04-12,4,601.32,135.05,3.0,partner,no,0
101437,41,25757.0,Budapest,2023-12-05,2026-04-28,7,418.91,62.07,2.0,web,no,0
105460,49,44986.0,Budapest,2024-06-23,2026-04-18,8,308.82,44.14,5.0,web,yes,0
101223,58,48255.0,North,2025-10-04,2026-05-21,3,408.22,125.94,4.0,mobile,yes,0
102684,36,15000.0,East,2023-04-16,2026-06-28,10,1617.77,131.07,3.0,store,no,0
102764,37,15000.0,Budapest,2024-05-09,2026-06-01,9,645.47,62.57,4.0,mobile,yes,0
103067,44,47935.0,West,2025-12-17,2026-03-21,7,432.97,56.99,3.0,web,yes,0
102577,32,15000.0,East,2025-11-09,2026-03-07,5,333.52,68.01,5.0,,yes,0
105789,21,18008.0,South,2025-09-10,2026-04-13,6,427.11,72.01,3.0,store,yes,0
103411,31,15000.0,East,2023-01-19,2026-06-01,4,183.64,44.22,3.0,web,no,0
103839,21,47762.0,South,2023-01-02,2026-06-28,8,401.11,54.48,2.0,store,no,0
103071,34,,Budapest,2023-01-08,2026-04-25,14,737.95,64.29,3.0,web,yes,0
105448,49,41339.0,West,2024-11-02,2026-02-23,7,661.55,111.8,2.0,web,no,0
105879,52,20212.0,East,2023-02-26,2026-04-10,7,628.55,89.57,4.0,web,yes,0
102433,45,42248.0,East,2025-08-29,2026-05-28,5,224.33,51.68,4.0,store,yes,0
101898,25,18862.0,Budapest,2023-10-15,2026-04-16,6,286.04,49.51,4.0,web,no,0
105449,41,35567.0,East,2023-03-01,2026-06-21,4,136.65,33.3,3.0,mobile,yes,0
105129,49,51334.0,North,2024-04-02,2026-04-25,4,308.32,78.25,3.0,web,yes,0
105455,38,52650.0,North,2024-04-13,2026-04-23,5,334.3,67.15,3.0,store,yes,0
101613,34,21210.0,South,2023-11-21,2026-05-04,6,202.1,34.87,3.0,mobile,no,0
102339,41,16993.0,East,2025-02-03,2026-04-27,6,282.78,52.05,4.0,web,no,0
105716,47,21474.0,Budapest,2023-08-22,2026-03-25,6,572.77,101.94,3.0,store,yes,0
101411,28,23530.0,South,2023-08-23,2026-05-13,4,274.35,56.31,4.0,store,yes,0
104366,45,59883.0,Budapest,2024-09-18,2026-04-23,7,713.67,82.96,3.0,web,yes,0
102338,44,102730.0,West,2024-05-26,2026-06-28,4,163.57,37.19,4.0,web,yes,0
103221,38,40898.0,Budapest,2025-08-31,2026-04-29,6,326.99,52.93,3.0,partner,no,0
102046,44,24149.0,Budapest,2024-10-28,2026-06-26,10,855.26,80.89,4.0,web,yes,0
101871,38,15000.0,Budapest,2023-04-16,2026-05-12,9,341.9,42.18,2.0,web,no,0
101127,42,32165.0,West,2023-07-12,2026-05-24,5,291.61,67.42,4.0,web,no,0
102670,40,20454.0,West,2024-06-17,2026-05-16,9,678.49,73.01,3.0,store,yes,1
105602,43,26602.0,Budapest,2023-03-05,2026-03-28,6,738.0,128.19,3.0,web,yes,0
103307,28,59801.0,Budapest,2023-04-03,2026-05-04,8,331.79,53.91,3.0,store,no,0
103802,32,79627.0,Budapest,2024-01-01,2026-05-15,7,421.84,59.07,4.0,mobile,yes,0
100305,43,25471.0,South,2023-06-29,2026-05-07,6,590.53,99.43,3.0,store,yes,0
103247,40,41428.0,West,2023-10-11,2026-05-20,4,477.1,98.15,5.0,mobile,yes,0
101293,41,35525.0,East,2024-11-25,2026-04-23,7,308.86,44.7,3.0,store,yes,1
100071,37,27725.0,Budapest,2025-06-12,2026-04-26,7,416.19,63.37,5.0,partner,yes,0
101943,49,,West,2023-12-19,2026-04-13,5,354.05,68.64,4.0,mobile,no,0
101306,38,20321.0,North,2023-04-24,2026-05-26,2,172.77,86.54,5.0,mobile,no,0
103406,35,30706.0,South,2023-04-15,2026-03-24,7,211.03,28.14,4.0,mobile,yes,0
103108,42,28910.0,East,2025-11-26,2026-06-28,9,391.85,60.37,3.0,mobile,no,0
104222,40,69496.0,Budapest,2025-11-27,2026-04-28,7,390.05,52.48,5.0,store,no,0
101700,25,28650.0,South,2024-11-08,2026-03-03,5,346.03,52.77,4.0,mobile,yes,1
101341,40,40554.0,Budapest,2025-05-16,2026-03-23,4,245.8,89.8,4.0,mobile,yes,1
100832,62,29388.0,East,2025-11-24,2026-06-03,2,275.36,147.29,4.0,mobile,yes,0
102229,41,44225.0,Budapest,2024-07-07,2026-05-05,9,353.76,39.29,4.0,partner,no,0
101457,18,70016.0,Budapest,2024-02-24,2026-05-29,7,253.08,39.2,5.0,store,yes,0
104995,44,41544.0,East,2023-07-29,2026-06-28,6,238.19,40.15,4.0,store,no,0
105152,29,48746.0,Budapest,2023-09-03,2026-05-24,6,554.16,94.87,3.0,web,no,0
100239,35,25616.0,Budapest,2024-10-06,2026-02-25,5,598.28,105.37,5.0,store,no,0
100093,46,41998.0,West,2024-04-21,2026-03-11,8,256.46,32.51,3.0,mobile,no,1
102228,53,31153.0,Budapest,2023-03-12,2026-06-12,6,387.46,49.12,3.0,web,yes,0
101946,33,33178.0,North,2025-06-27,2026-06-14,5,381.74,77.34,4.0,web,yes,0
103472,61,22710.0,West,2025-06-04,2026-06-20,3,254.42,78.44,5.0,web,yes,1
103013,35,15000.0,South,2023-06-10,2026-05-24,7,565.8,91.15,3.0,store,yes,0
101789,35,31574.0,South,2023-08-06,2026-03-30,4,291.3,79.92,5.0,mobile,yes,0
104544,42,23436.0,West,2025-05-28,2026-05-27,3,823.21,238.55,4.0,store,no,0
103893,47,58536.0,West,2025-05-15,2026-05-01,2,200.01,90.45,4.0,web,yes,0
101002,34,39884.0,West,2025-03-17,2026-03-11,7,807.93,101.78,5.0,partner,yes,0
103253,57,,Budapest,2025-08-20,2026-04-11,9,449.72,49.42,3.0,store,no,0
104725,56,46750.0,Budapest,2023-08-08,2026-05-08,6,515.62,109.92,4.0,partner,yes,0
102307,46,40270.0,East,2023-09-10,2026-06-23,2,53.5,36.28,4.0,mobile,yes,0
105114,58,31008.0,North,2023-02-04,2026-05-15,3,238.18,69.2,4.0,mobile,yes,1
101505,36,26164.0,South,2024-09-27,2026-06-07,5,143.75,26.07,4.0,mobile,no,0
100958,46,49770.0,West,2025-11-24,2026-04-28,7,785.77,95.54,2.0,mobile,yes,0
103843,43,15000.0,East,2024-04-24,2026-04-20,8,360.52,46.76,4.0,web,yes,0
105094,50,15000.0,West,2024-07-04,2026-05-29,5,355.5,92.33,4.0,web,yes,0
105353,40,38472.0,East,2025-08-09,2026-06-28,4,352.15,75.24,3.0,web,yes,0
101533,52,24752.0,East,2023-05-03,2026-04-23,8,480.63,54.22,5.0,web,yes,0
101741,57,54402.0,Budapest,2024-08-09,2026-06-24,8,411.15,43.89,5.0,mobile,yes,0
100412,40,70047.0,East,2024-11-25,2026-05-03,6,304.62,56.29,1.0,store,yes,0
101406,41,69237.0,Budapest,2025-02-03,2026-05-11,9,388.93,62.65,5.0,web,yes,0
103847,43,17294.0,South,2025-01-05,2026-04-18,4,231.73,64.55,4.0,store,no,1
105820,40,25251.0,West,2024-12-05,2026-03-24,2,158.77,86.72,4.0,mobile,no,0
101826,32,19891.0,Budapest,2023-11-14,2026-05-29,5,297.61,59.21,3.0,web,yes,0
103560,31,31527.0,West,2024-10-13,2026-06-28,10,600.31,66.6,3.0,mobile,no,0
103354,50,26515.0,Budapest,2024-06-21,2026-05-07,4,185.99,50.12,4.0,store,no,0
103086,41,49199.0,Budapest,2023-06-30,2026-06-04,7,364.44,57.32,4.0,web,no,0
103719,45,29555.0,North,2023-08-12,2026-06-28,9,684.64,74.69,2.0,store,no,1
101035,56,34278.0,West,2023-06-20,2026-06-23,5,196.66,34.64,4.0,web,no,1
103967,43,,West,2023-12-10,2026-05-29,2,88.31,43.71,3.0,web,no,0
105133,40,33727.0,Budapest,2023-02-02,2026-04-21,6,302.78,50.89,4.0,web,yes,0
105271,54,15000.0,North,2024-08-19,2026-05-06,5,195.04,39.74,3.0,web,yes,0
100932,48,23026.0,West,2025-05-03,2026-03-30,9,809.9,79.68,4.0,store,yes,0
105502,47,33168.0,West,2023-07-29,2026-04-24,6,260.85,41.15,3.0,mobile,yes,0
103367,44,32646.0,East,2024-01-17,2026-04-25,7,334.27,47.24,3.0,store,no,0
100634,64,38430.0,West,2025-07-13,2026-05-18,4,201.91,52.26,3.0,mobile,yes,0
105822,36,25643.0,South,2023-10-11,2026-06-08,8,555.87,65.67,3.0,web,yes,0
100499,39,27795.0,West,2024-12-14,2026-04-24,2,223.31,141.0,4.0,web,yes,1
100938,22,50132.0,Budapest,2023-09-28,2026-04-27,10,685.71,57.85,5.0,mobile,yes,0
100416,36,28911.0,Budapest,2023-12-25,2026-04-19,9,489.74,70.43,5.0,web,no,0
104341,43,19350.0,Budapest,2023-09-07,2026-05-15,2,244.55,144.45,4.0,store,yes,0
103318,69,44263.0,Budapest,2024-10-28,2026-03-21,4,453.74,108.93,4.0,web,no,0
103099,43,21631.0,Budapest,2023-10-11,2026-05-23,5,387.66,82.81,4.0,mobile,yes,0
102891,41,27381.0,Budapest,2023-08-10,2026-04-15,9,1054.23,129.28,4.0,store,no,0
105813,19,45166.0,East,2025-02-20,2026-05-17,2,186.09,101.14,2.0,partner,yes,0
100758,39,30526.0,North,2025-05-04,2026-06-15,4,271.95,61.19,4.0,store,yes,0
101651,29,44527.0,Budapest,2025-12-25,2026-03-18,4,403.9,85.79,5.0,store,yes,0
101042,46,62652.0,East,2024-03-15,2026-06-11,8,1164.29,124.57,2.0,web,no,0
102518,18,24830.0,Budapest,2023-02-21,2026-06-28,3,241.14,100.06,4.0,web,yes,0
103656,58,,Budapest,2024-12-22,2026-04-26,9,671.63,65.65,5.0,store,yes,1
105454,55,23756.0,Budapest,2024-08-06,2026-06-21,6,445.58,70.89,5.0,web,no,0
105166,49,30194.0,South,2024-05-31,2026-05-28,9,203.24,20.0,,mobile,yes,0
100597,45,31135.0,East,2024-03-26,2026-05-05,8,453.49,53.53,4.0,,yes,1
102227,31,33196.0,East,2025-12-28,2026-05-02,6,498.48,77.27,3.0,mobile,yes,0
104579,36,135204.0,West,2023-08-12,2026-04-03,10,595.76,64.6,3.0,web,no,0
101069,38,44901.0,Budapest,2025-01-12,2026-05-11,5,434.39,77.92,3.0,mobile,yes,0
102329,24,19690.0,East,2023-03-29,2026-06-08,6,313.97,53.2,4.0,store,yes,0
105968,35,35533.0,Budapest,2024-12-04,2026-04-05,3,318.74,90.01,3.0,web,no,0
102154,44,,South,2024-06-22,2026-04-16,4,444.36,100.97,4.0,store,yes,0
103265,52,40757.0,Budapest,2023-11-08,2026-05-14,7,137.79,19.76,4.0,web,yes,0
100653,36,29312.0,East,2023-07-26,2026-06-06,8,586.34,70.66,4.0,mobile,yes,0
104787,40,37925.0,Budapest,2024-10-12,2026-03-26,3,338.3,98.5,4.0,store,yes,0
104650,54,18142.0,West,2024-05-18,2026-05-31,6,524.06,99.62,3.0,web,yes,0
104835,42,27984.0,Budapest,2023-10-15,2026-03-23,3,189.83,71.94,3.0,web,no,0
102315,26,53949.0,West,2024-05-11,2026-03-11,1,52.07,49.45,3.0,web,no,0
105157,32,68714.0,Budapest,2024-11-22,2026-05-28,4,62.64,21.08,3.0,partner,yes,0
104791,22,15000.0,West,2025-11-27,2026-06-17,6,555.7,89.45,4.0,,yes,0
104160,47,23368.0,Budapest,2024-09-26,2026-04-02,3,180.48,58.7,2.0,store,no,0
101893,31,40435.0,East,2024-05-06,2026-04-15,10,810.55,97.01,5.0,web,no,0
102419,18,56872.0,Budapest,2025-02-15,2026-06-10,5,397.48,76.82,4.0,web,no,0
100076,57,27620.0,Budapest,2024-08-05,2026-06-28,2,154.86,71.83,4.0,mobile,yes,0
103707,45,55136.0,Budapest,2025-03-13,2026-04-06,6,223.59,32.3,5.0,,yes,0
103640,41,23283.0,East,2025-06-02,2026-05-28,4,351.29,89.23,4.0,web,yes,0
105800,43,22127.0,West,2024-10-21,2026-05-14,9,338.23,52.66,3.0,web,no,0
105079,51,32842.0,West,2025-06-18,2026-06-16,8,340.17,53.55,4.0,web,yes,0
103934,33,29676.0,Budapest,2024-04-07,2026-04-24,8,297.5,36.75,3.0,web,yes,0
104666,32,16636.0,West,2023-03-26,2026-05-29,4,167.03,46.18,3.0,mobile,yes,0
101868,29,44146.0,Budapest,2025-03-24,2026-04-28,6,673.21,86.06,3.0,web,yes,0
104302,54,63985.0,East,2023-10-27,2026-04-06,4,309.48,83.27,1.0,mobile,no,0
103651,37,33179.0,Budapest,2025-05-15,2026-06-28,4,349.91,82.04,3.0,store,no,0
100109,29,57151.0,Budapest,2025-10-24,2026-06-13,7,331.37,47.18,3.0,web,yes,0
101011,28,67668.0,East,2024-01-16,2026-05-13,4,282.79,72.02,5.0,web,yes,0
101030,45,15000.0,West,2024-07-12,2026-05-18,4,200.78,47.1,5.0,store,yes,0
102216,46,36455.0,Budapest,2024-01-09,2026-06-28,9,379.9,43.62,3.0,web,no,0
100829,39,43395.0,South,2023-02-16,2026-05-22,5,256.17,53.97,5.0,mobile,no,0
105139,29,21922.0,Budapest,2025-11-17,2026-03-09,4,343.02,90.27,5.0,mobile,yes,0
103194,31,33395.0,East,2023-12-22,2026-02-16,9,277.26,32.17,4.0,web,no,0
100097,31,32134.0,West,2024-10-31,2026-05-26,4,127.9,36.23,4.0,web,yes,0
103128,20,76677.0,Budapest,2024-02-17,2026-05-16,5,334.08,65.76,4.0,mobile,no,0
104623,32,62623.0,East,2025-02-03,2026-05-06,9,230.54,36.86,3.0,partner,no,0
103455,49,15988.0,North,2025-05-11,2026-06-06,6,311.07,47.26,4.0,mobile,yes,1
101386,32,43594.0,Budapest,2025-10-20,2026-05-27,9,218.21,29.13,5.0,store,yes,0
101201,38,44576.0,East,2023-12-10,2026-04-20,6,408.57,85.01,2.0,web,yes,0
100622,36,52722.0,West,2025-09-28,2026-06-28,15,1959.02,118.82,4.0,web,yes,0
105484,25,49380.0,West,2024-07-09,2026-05-10,9,779.82,82.81,3.0,mobile,yes,0
101413,45,35295.0,South,2023-03-17,2026-05-11,5,588.9,121.26,4.0,web,no,0
100567,34,41926.0,South,2024-09-14,2026-06-28,4,316.09,66.99,4.0,mobile,no,0
100544,58,,North,2023-07-13,2026-06-28,9,524.37,66.04,3.0,mobile,yes,0
101335,38,30614.0,North,2024-10-12,2026-05-11,2,74.13,38.28,3.0,web,yes,0
102096,30,33137.0,West,2024-10-31,2026-06-18,4,186.26,38.6,3.0,store,no,0
100052,26,22168.0,Budapest,2024-11-03,2026-06-14,6,348.2,43.2,4.0,mobile,no,0
105072,18,51065.0,West,2024-11-03,2026-05-27,7,531.44,86.41,,web,yes,0
101789,35,31574.0,South,2023-08-06,2026-03-30,4,291.3,79.92,5.0,mobile,yes,0
103236,36,23157.0,Budapest,2025-12-25,2026-05-02,7,495.67,70.82,4.0,web,yes,0
101559,18,15853.0,East,2024-11-17,2026-04-11,2,193.83,96.12,5.0,store,yes,1
100746,55,,West,2023-06-18,2026-03-06,8,1548.89,171.23,4.0,web,no,1
104335,38,34491.0,South,2024-10-22,2026-02-21,7,460.29,70.01,5.0,web,yes,0
102657,30,21229.0,Wset,2025-12-15,2026-04-28,9,371.92,45.04,4.0,web,yes,0
101468,47,33231.0,Budapest,2025-07-31,2026-05-22,9,1632.39,172.7,4.0,web,no,0
105357,62,36717.0,East,2025-12-11,2026-06-11,6,290.92,47.5,5.0,mobile,yes,0
100196,60,42622.0,Budapest,2023-05-07,2026-04-18,6,301.28,53.27,4.0,web,no,0
103011,24,31844.0,Budapest,2023-07-11,2026-06-27,3,96.39,31.98,4.0,mobile,yes,0
103342,25,,South,2025-08-18,2026-05-03,6,488.88,63.88,4.0,web,no,0
103821,43,35101.0,South,2024-02-22,2026-06-10,7,552.62,80.75,5.0,store,yes,0
100803,29,15000.0,North,2023-02-27,2026-06-23,5,599.28,104.78,4.0,mobile,yes,0
101619,38,29021.0,North,2025-06-30,2026-06-05,6,203.36,37.67,1.0,store,yes,0
105845,58,20291.0,West,2023-07-08,2026-04-23,5,645.86,139.97,3.0,mobile,yes,0
101525,28,30366.0,East,2025-06-01,2026-05-05,11,558.18,52.09,3.0,web,yes,0
100621,39,31895.0,South,2024-01-29,2026-06-28,4,181.22,54.49,5.0,store,yes,0
101787,31,53589.0,Budapest,2023-01-20,2026-02-27,11,874.38,84.92,4.0,mobile,no,0
105936,39,41969.0,East,2024-01-22,2026-06-06,6,500.36,72.39,4.0,mobile,no,1
104397,51,36998.0,Budapest,2023-06-19,2026-04-06,5,254.58,42.53,,web,no,0
104578,42,55010.0,Budapest,2024-01-07,2026-06-09,7,631.43,85.94,4.0,mobile,no,0
105087,62,,South,2025-02-18,2026-04-26,3,139.93,71.34,4.0,store,no,0
103426,46,22439.0,East,2025-12-09,2026-04-13,2,151.72,73.41,4.0,store,yes,1
100645,37,45510.0,East,2023-01-18,2026-05-19,4,205.6,56.67,3.0,mobile,no,0
105329,43,18711.0,West,2023-06-19,2026-06-26,5,196.11,39.46,5.0,store,no,0
104516,24,28346.0,Budapest,2024-05-16,2026-04-25,7,447.68,69.7,4.0,web,no,0
101922,76,36013.0,Budapest,2023-06-14,2026-06-02,11,407.65,40.61,4.0,web,yes,0
101062,41,24008.0,East,2023-07-17,2026-05-17,5,401.32,74.08,4.0,web,yes,0
104181,23,64149.0,South,2023-12-10,2026-05-22,4,219.13,59.28,3.0,store,yes,0
104104,40,27518.0,Budapest,2025-07-05,2026-04-22,8,822.53,94.24,4.0,store,yes,0
100121,45,48505.0,East,2023-03-03,2026-06-28,11,474.84,44.18,5.0,web,no,0
104188,68,33237.0,Budapest,2024-12-19,2026-04-28,5,432.56,78.17,4.0,web,yes,1
104465,69,55180.0,Budapest,2024-03-02,2026-04-29,4,267.1,63.29,4.0,web,yes,0
104153,33,33365.0,West,2025-12-25,2026-04-27,8,410.01,53.1,5.0,web,no,0
104845,51,42303.0,West,2025-01-31,2026-04-19,6,460.41,91.84,4.0,,no,0
103169,18,0.0,Budapest,2025-02-11,2026-04-30,5,379.76,74.01,4.0,web,yes,1
101231,54,29823.0,Budapest,2025-11-18,2026-04-08,5,411.5,85.13,3.0,web,yes,0
104218,25,26090.0,Budapest,2024-02-26,2026-06-01,6,299.47,60.42,4.0,web,no,1
103833,56,,West,2025-04-07,2026-06-17,5,524.11,103.98,4.0,store,no,0
105245,50,68801.0,West,2023-03-08,2026-04-25,5,162.84,36.79,2.0,store,no,0
104077,24,27472.0,East,2023-07-05,2026-06-10,5,204.47,45.1,4.0,mobile,yes,0
104432,46,17321.0,North,2023-12-18,2026-04-25,7,493.13,71.6,4.0,mobile,no,0
100135,28,,East,2025-01-01,2026-06-28,10,667.71,62.88,4.0,web,yes,0
105401,31,42355.0,East,2025-01-16,2026-06-20,5,309.55,63.87,4.0,store,no,0
105980,41,,East,2025-07-18,2026-04-15,7,921.56,133.71,5.0,store,yes,0
102874,36,30433.0,Budapest,2023-12-29,2026-06-20,6,548.8,100.12,4.0,store,yes,0
102457,42,33210.0,East,2023-02-16,2026-05-22,7,309.4,38.96,4.0,partner,yes,0
104223,47,15000.0,Budapest,2023-09-16,2026-05-15,8,533.38,69.02,4.0,mobile,yes,0
101722,40,15000.0,Budapest,2024-09-11,2026-05-24,4,138.93,39.22,4.0,store,no,0
102246,44,29224.0,Budapest,2024-02-27,2026-06-28,6,343.62,61.13,4.0,WEB,yes,0
100512,43,52869.0,South,2025-09-18,2026-06-05,8,473.35,54.06,5.0,web,yes,0
105024,28,31767.0,East,2025-11-27,2026-04-27,4,717.81,189.89,3.0,store,yes,0
100063,48,26674.0,East,2024-03-31,2026-04-14,5,563.08,122.78,4.0,web,yes,1
101554,43,65188.0,West,2023-12-29,2026-05-31,6,432.62,68.58,3.0,web,yes,0
104315,22,20704.0,Budapest,2025-01-16,2026-06-21,5,226.95,50.3,4.0,store,yes,1
105244,36,15503.0,Budapest,2024-07-26,2026-06-28,5,252.05,56.6,3.0,mobile,yes,0
102522,45,34262.0,East,2024-01-31,2026-06-10,8,740.31,91.54,3.0,web,yes,0
103101,59,25044.0,North,2025-10-10,2026-05-23,8,661.87,84.05,5.0,web,no,0
102656,38,40323.0,North,2023-10-07,2026-05-17,4,430.68,103.56,4.0,web,yes,0
102699,49,42832.0,West,2025-10-04,2026-05-20,8,497.1,52.08,5.0,web,yes,1
105292,34,22144.0,West,2025-10-08,2026-04-09,6,543.04,83.6,3.0,web,yes,0
100680,24,47864.0,West,2024-11-10,2026-03-27,3,295.68,84.05,3.0,mobile,yes,1
104055,38,62333.0,South,2025-09-30,2026-04-09,6,409.97,60.97,4.0,store,yes,0
101212,42,49379.0,South,2025-04-07,2026-04-25,6,389.21,55.07,3.0,store,yes,1
100123,23,22635.0,Budapest,2023-02-19,2026-05-13,10,724.14,60.3,5.0,mobile,no,0
103936,27,34818.0,Budapest,2025-02-02,2026-06-19,4,362.68,90.89,3.0,web,yes,0
103081,61,35917.0,Budapest,2023-04-16,2026-04-15,4,162.89,42.57,4.0,mobile,no,0
104354,50,33111.0,Budapest,2024-08-24,2026-04-10,4,322.12,72.87,4.0,store,yes,0
103516,22,,South,2024-04-11,2026-04-06,4,243.02,67.22,5.0,partner,yes,0
103214,41,24663.0,East,2023-01-13,2026-04-26,4,170.31,51.4,3.0,web,yes,1
101211,49,22925.0,South,2025-10-15,2026-05-28,5,278.4,62.58,3.0,mobile,no,0
100568,53,47755.0,Budapest,2023-10-30,2026-04-24,7,1242.55,131.61,3.0,mobile,yes,0
102378,18,47315.0,East,2023-03-25,2026-05-26,7,106.26,15.0,5.0,store,no,0
100549,60,44124.0,South,2024-01-22,2026-03-11,11,546.8,53.99,5.0,store,no,0
101967,38,25501.0,South,2025-09-05,2026-04-05,5,380.47,81.25,5.0,mobile,yes,0
100865,52,52449.0,Budapest,2023-04-20,2026-05-21,5,862.43,153.92,5.0,mobile,no,0
104564,23,30131.0,South,2023-07-17,2026-05-20,8,465.05,69.27,3.0,web,yes,0
101393,41,39682.0,Budapest,2023-09-08,2026-05-26,8,746.4,97.65,4.0,web,no,0
104523,50,49400.0,South,2023-11-02,2026-05-13,8,714.24,80.34,4.0,web,no,0
103186,43,47620.0,Budapest,2024-12-05,2026-03-13,4,239.3,65.54,4.0,partner,no,0
105026,62,33047.0,East,2024-12-08,2026-05-02,5,358.42,63.59,4.0,store,yes,0
104789,28,35313.0,Budapest,2025-01-06,2026-05-11,8,447.86,72.78,3.0,web,yes,0
101845,42,34768.0,Budapest,2024-07-15,2026-05-24,4,352.88,79.0,4.0,web,yes,0
100721,27,27358.0,West,2023-08-20,2026-06-01,3,85.43,26.79,3.0,web,no,1
103880,36,15406.0,West,2025-09-05,2026-04-05,3,442.82,118.1,3.0,web,no,0
102916,52,36935.0,Budapest,2025-05-22,2026-06-16,4,333.5,77.27,4.0,web,yes,0
100691,41,32633.0,Budapest,2024-08-09,2026-06-01,9,641.17,67.47,5.0,mobile,yes,1
100603,44,40880.0,North,2024-11-13,2026-04-05,7,284.43,50.99,3.0,web,yes,0
103716,39,52444.0,South,2023-12-14,2026-04-21,5,423.12,82.07,2.0,mobile,yes,1
102686,41,24749.0,South,2023-03-09,2026-02-12,4,213.0,58.6,4.0,web,yes,0
102514,49,22344.0,Budapest,2024-05-24,2026-06-14,4,224.4,60.27,3.0,partner,no,0
104248,46,29405.0,Budapest,2024-08-22,2026-06-05,8,814.48,101.08,5.0,web,no,0
104388,45,26206.0,Budapest,2025-09-07,2026-05-18,10,366.39,39.62,2.0,mobile,yes,0
100504,51,18648.0,Wset,2023-05-19,2026-06-10,7,396.98,60.76,5.0,store,yes,0
104526,33,54958.0,East,2023-08-10,2026-06-07,4,138.09,38.45,4.0,mobile,no,0
100319,27,17421.0,Budapest,2023-05-15,2026-06-14,9,1628.8,150.32,4.0,mobile,no,0
101882,67,,East,2025-01-11,2026-05-28,3,112.19,45.77,3.0,web,yes,0
105264,45,15000.0,North,2023-02-20,2026-06-09,6,111.68,18.69,2.0,web,yes,0
100275,53,55858.0,East,2024-04-02,2026-05-23,6,278.48,47.82,4.0,web,yes,0
105181,25,25825.0,East,2025-01-09,2026-05-05,4,114.24,34.11,4.0,web,no,0
102883,40,43738.0,East,2023-08-16,2026-05-22,7,595.45,92.89,5.0,mobile,yes,0
101362,25,31530.0,West,2025-12-09,2026-06-17,8,993.77,108.85,3.0,store,no,0
102878,42,18680.0,West,2023-12-24,2026-05-13,6,362.77,55.93,4.0,mobile,no,0
101527,39,28756.0,West,2025-06-21,2026-05-01,8,662.47,93.57,4.0,store,yes,1
102866,18,18556.0,Budapest,2024-01-17,2026-05-06,6,355.2,73.55,1.0,mobile,yes,0
102196,37,24638.0,South,2023-07-11,2026-06-25,4,135.58,36.39,3.0,mobile,yes,0
102844,49,39237.0,Budapest,2025-05-16,2026-06-22,8,394.73,55.21,4.0,mobile,no,0
103740,23,20382.0,West,2025-09-24,2026-05-31,7,429.16,65.08,5.0,mobile,no,0
102389,49,31386.0,South,2024-12-29,2026-05-31,5,365.82,69.87,3.0,mobile,yes,1
103919,49,60779.0,East,2025-10-22,2026-06-28,2,166.78,75.1,5.0,web,no,0
103044,46,20187.0,West,2025-07-04,2026-05-25,2,142.87,78.96,3.0,mobile,no,0
104831,49,15000.0,East,2025-12-29,2026-04-26,6,448.06,65.01,5.0,store,no,0
100946,36,77238.0,Budapest,2023-08-25,2026-05-21,5,392.53,70.81,3.0,store,no,0
104742,57,29896.0,Budapest,2024-12-01,2026-04-18,3,196.04,77.64,4.0,store,yes,0
105815,45,43840.0,East,2023-12-03,2026-06-23,4,356.4,109.65,3.0,mobile,no,0
100296,32,,North,2025-04-26,2026-02-24,6,176.65,25.19,2.0,store,no,0
101895,48,16367.0,Budapest,2025-04-26,2026-03-09,6,478.15,87.76,4.0,web,no,1
102210,21,25603.0,Budapest,2024-02-03,2026-06-28,4,355.77,86.66,4.0,partner,yes,0
100299,52,,South,2023-08-10,2026-06-28,8,962.36,111.46,5.0,web,yes,0
100069,44,15000.0,Budapest,2024-01-07,2026-04-08,7,804.21,102.56,4.0,web,yes,1
105090,51,30463.0,Budapest,2023-03-13,2026-06-18,7,1192.66,166.61,3.0,mobile,yes,0
100737,48,25796.0,Budapest,2023-08-18,2026-05-01,3,372.02,124.32,4.0,web,yes,1
101599,46,,South,2023-10-13,2026-06-27,4,422.95,109.44,5.0,web,yes,0
105202,37,33493.0,Budapest,2025-03-01,2026-05-10,4,393.91,90.55,3.0,web,no,1
104145,18,15000.0,West,2025-04-05,2026-05-21,8,500.05,52.47,4.0,mobile,yes,0
103687,49,36213.0,West,2023-01-01,2026-05-04,10,828.92,70.66,5.0,store,yes,0
101504,39,37972.0,West,2023-05-24,2026-06-18,8,394.59,48.34,5.0,mobile,yes,0
105722,45,,Budapest,2023-09-18,2026-06-16,7,298.09,38.96,3.0,mobile,no,0
100151,60,19355.0,South,2025-11-29,2026-04-10,7,339.4,44.66,4.0,store,yes,1
100757,35,34023.0,Budapest,2023-11-27,2026-06-15,4,251.67,62.65,5.0,store,no,0
105984,33,26498.0,Budapest,2023-06-10,2026-06-01,7,402.55,53.67,4.0,web,yes,0
103541,41,26788.0,North,2025-09-15,2026-04-11,8,409.05,51.05,2.0,partner,yes,0
101704,40,51200.0,East,2025-12-01,2026-05-29,6,1536.73,316.18,5.0,mobile,no,0
105865,57,40996.0,East,2024-12-19,2026-06-22,6,173.73,30.34,3.0,web,yes,0
104529,58,16198.0,Budapest,2024-03-17,2026-06-26,5,354.25,65.24,4.0,web,yes,0
100170,43,15000.0,North,2025-08-29,2026-03-05,10,819.0,83.24,5.0,mobile,no,0
105584,44,35187.0,East,2025-05-04,2026-04-27,4,209.75,52.77,4.0,web,yes,1
100377,42,29982.0,North,2023-06-04,2026-06-08,7,197.99,33.96,4.0,web,yes,0
103140,18,,West,2025-08-12,2026-05-25,6,296.92,54.92,3.0,web,yes,1
102407,34,20152.0,East,2025-03-16,2026-05-17,6,303.72,59.49,3.0,web,yes,0
100860,37,65403.0,West,2024-05-06,2026-04-12,3,262.78,84.82,5.0,web,yes,0
101863,58,,North,2024-03-12,2026-06-28,6,486.36,80.55,4.0,web,no,0
104074,58,36761.0,Budapest,2025-09-26,2026-03-14,7,251.04,40.27,3.0,store,yes,0
104505,58,38861.0,Budapest,2025-12-16,2026-04-04,2,445.68,216.74,2.0,store,yes,1
100379,47,76437.0,West,2023-10-31,2026-05-26,4,239.42,74.31,3.0,WEB,yes,0
105825,63,49145.0,West,2023-05-30,2026-05-19,13,986.92,73.7,4.0,mobile,no,0
103321,45,30352.0,Budapest,2025-10-24,2026-06-28,2,69.44,38.29,4.0,store,yes,0
101295,33,,West,2025-01-01,2026-04-08,8,509.16,65.16,2.0,mobile,yes,0
103122,49,26837.0,Budapest,2023-01-25,2026-03-30,8,236.42,29.14,4.0,partner,yes,0
101433,55,32673.0,Budapest,2023-02-02,2026-04-25,6,586.16,82.06,4.0,store,yes,0
104604,23,60012.0,East,2024-12-21,2026-03-06,5,298.44,60.48,3.0,store,yes,1
104215,60,68869.0,East,2024-07-16,2026-06-27,4,137.32,43.4,3.0,store,yes,0
105562,56,44180.0,West,2024-09-02,2026-05-30,8,1183.7,186.58,3.0,mobile,no,0
101780,33,38017.0,West,2024-05-11,2026-03-22,5,183.6,37.4,3.0,store,no,1
105768,28,35563.0,East,2023-04-27,2026-04-07,8,1490.52,207.39,4.0,store,no,0
103271,62,36932.0,North,2024-06-20,2026-05-29,5,230.25,47.4,5.0,web,no,0
104606,63,18806.0,Budapest,2024-11-17,2026-06-28,6,333.72,51.17,3.0,web,no,0
101819,43,,West,2024-08-31,2026-03-09,5,289.37,58.41,4.0,partner,yes,0
105805,41,18419.0,Wset,2023-09-13,2026-05-02,8,249.74,31.73,4.0,mobile,yes,0
100842,43,30234.0,South,2023-11-20,2026-04-26,3,360.87,116.74,4.0,partner,no,0
102987,22,16967.0,Budapest,2025-11-26,2026-04-28,5,359.34,70.77,5.0,WEB,no,0
101190,48,37828.0,East,2024-11-23,2026-04-09,4,178.48,53.1,5.0,mobile,yes,0
100176,49,21609.0,Budapest,2023-06-17,2026-06-28,7,87.17,15.0,4.0,partner,yes,0
103227,50,45897.0,East,2023-11-17,2026-02-19,4,408.83,93.55,4.0,,yes,0
102942,45,69963.0,Budapest,2024-12-14,2026-03-24,5,244.32,56.88,4.0,web,yes,0
100928,30,19153.0,South,2023-03-28,2026-06-28,6,553.86,91.41,3.0,partner,yes,0
103297,32,47674.0,South,2025-08-19,2026-05-28,6,475.81,78.34,3.0,WEB,yes,0
100046,44,20114.0,South,2023-12-20,2026-06-28,3,178.23,52.54,4.0,web,no,0
101261,43,17941.0,Budapest,2025-02-15,2026-06-25,9,366.54,43.2,3.0,store,yes,0
101097,40,26275.0,Budapest,2024-03-18,2026-04-24,6,338.1,49.41,4.0,mobile,yes,0
101444,57,35803.0,Budapest,2023-04-15,2026-04-17,7,1164.1,168.69,5.0,web,no,0
102133,22,25153.0,North,2023-01-06,2026-05-20,7,521.9,80.95,5.0,store,no,0
103324,50,35078.0,South,2024-08-31,2026-05-23,4,148.57,37.73,3.0,mobile,yes,0
101188,35,18220.0,North,2024-02-06,2026-06-28,8,214.51,29.03,2.0,web,yes,0
105119,56,,Budapest,2024-12-30,2026-06-03,5,119.13,31.62,5.0,mobile,yes,0
103078,43,15000.0,East,2023-10-16,2026-06-20,4,296.65,63.42,5.0,mobile,yes,0
101031,49,20227.0,East,2024-06-14,2026-06-13,3,570.26,198.69,2.0,web,yes,1
103526,44,43735.0,West,2023-10-28,2026-05-12,5,358.33,75.16,5.0,mobile,no,0
100301,18,31242.0,South,2024-08-22,2026-04-07,7,982.89,136.86,3.0,web,no,0
102555,54,22962.0,Budapest,2025-06-13,2026-01-28,6,238.12,38.32,4.0,store,yes,1
101473,45,18911.0,Budapest,2024-12-25,2026-06-09,9,840.1,99.2,3.0,web,yes,0
100284,45,15000.0,Budapest,2024-12-04,2026-04-06,5,337.84,77.13,5.0,web,yes,0
102923,49,43496.0,Budapest,2023-06-06,2026-04-17,5,261.86,54.91,3.0,web,no,0
105153,36,65458.0,West,2024-02-12,2026-06-11,6,712.46,135.0,5.0,web,yes,0
105286,31,27531.0,Budapest,2024-12-15,2026-06-22,11,911.01,71.39,2.0,web,no,0
103385,50,45459.0,Budapest,2023-06-04,2026-06-15,10,361.97,39.28,3.0,mobile,yes,0
101814,20,34880.0,Budapest,2025-04-18,2026-05-18,7,688.89,103.91,2.0,web,yes,0
104554,33,,East,2025-01-24,2026-04-22,6,802.56,156.72,3.0,web,no,0
102032,27,59041.0,West,2023-07-13,2026-04-13,10,282.99,37.08,4.0,,yes,1
105231,38,25735.0,South,2024-02-07,2026-05-11,5,344.39,71.77,3.0,web,yes,0
103681,39,39468.0,South,2025-08-10,2026-04-22,6,1005.65,133.43,4.0,mobile,no,0
102664,39,37051.0,Budapest,2024-05-09,2026-04-12,4,212.11,68.65,5.0,partner,yes,0
102967,21,38532.0,Budapest,2025-10-13,2026-03-20,5,256.96,55.42,2.0,mobile,no,0
101339,52,15000.0,South,2024-01-13,2026-06-19,7,335.98,50.28,5.0,web,yes,0
102303,53,37604.0,West,2024-01-28,2026-06-13,6,255.2,41.79,4.0,web,yes,0
102642,68,28364.0,South,2023-08-04,2026-04-23,4,446.94,98.36,3.0,partner,yes,0
104154,39,23251.0,West,2023-10-24,2026-05-06,8,262.51,32.07,3.0,web,no,0
104812,25,32777.0,East,2025-08-24,2026-06-20,3,138.11,55.17,4.0,mobile,yes,0
102009,56,46534.0,Budapest,2025-11-15,2026-06-09,5,337.44,70.64,3.0,store,yes,0
102359,61,64188.0,North,2025-12-11,2026-04-23,10,876.57,85.61,2.0,store,no,0
104095,59,61099.0,Budapest,2025-03-13,2026-04-23,5,442.79,94.86,4.0,store,no,0
105495,46,16519.0,South,2024-02-18,2026-05-19,5,412.96,82.58,4.0,mobile,yes,0
100258,45,22485.0,Budapest,2023-04-02,2026-04-06,4,144.08,33.18,3.0,web,no,0
100508,40,15000.0,South,2023-01-28,2026-06-28,7,224.13,28.22,3.0,web,no,0
101984,60,32019.0,Budapest,2024-04-09,2026-02-06,4,132.11,29.92,5.0,partner,no,0
100100,38,37985.0,North,2025-02-09,2026-06-11,6,359.08,59.51,4.0,web,yes,0
103423,48,19923.0,East,2025-07-07,2026-05-18,4,210.41,50.37,4.0,mobile,yes,0
100745,40,18970.0,West,2025-03-05,2026-05-07,2,149.26,74.05,5.0,web,yes,1
105916,31,15000.0,East,2023-12-18,2026-05-12,8,552.27,61.97,4.0,store,yes,0
105583,29,27658.0,Budapest,2023-05-28,2026-05-19,8,189.08,24.29,4.0,web,yes,0
101376,41,56803.0,Budapest,2023-11-21,2026-06-25,5,118.87,31.25,4.0,web,yes,0
103909,27,,East,2025-06-29,2026-05-16,7,1570.93,207.82,3.0,web,yes,1
103862,51,28267.0,Budapest,2025-07-18,2026-04-23,7,444.84,65.96,5.0,mobile,yes,0
105838,66,29113.0,West,2025-06-15,2026-06-28,6,399.91,62.67,4.0,partner,yes,0
102961,39,27657.0,South,2024-03-05,2026-05-29,7,649.38,86.96,4.0,web,yes,0
104249,54,49542.0,Budapest,2023-12-21,2026-05-27,5,466.14,88.04,5.0,web,no,0
101158,30,42613.0,Budapest,2023-11-02,2026-06-28,5,661.1,107.45,3.0,partner,yes,0
101859,42,30022.0,Budapest,2024-10-31,2026-04-13,7,428.2,72.19,4.0,store,no,1
104392,29,,South,2025-05-02,2026-06-28,11,1151.06,96.09,4.0,partner,no,1
102946,48,45532.0,West,2023-02-26,2026-04-19,2,52.11,26.36,4.0,mobile,yes,0
104931,22,30902.0,South,2025-10-19,2026-04-18,8,709.24,94.63,5.0,web,yes,0
101438,36,33916.0,West,2024-03-12,2026-06-02,9,369.73,35.24,3.0,web,yes,0
104997,41,22936.0,Budapest,2024-07-02,2026-04-18,12,996.82,103.34,4.0,web,yes,0
100367,44,43948.0,South,2023-01-08,2026-05-23,8,318.22,41.16,4.0,mobile,yes,0
105010,22,59071.0,West,2024-11-12,2026-05-04,3,249.31,80.0,5.0,store,yes,0
103114,27,24374.0,East,2024-08-03,2026-04-14,7,390.4,58.99,3.0,mobile,yes,0
100403,25,25104.0,South,2023-10-11,2026-04-21,14,974.0,70.89,5.0,web,no,0
104670,52,26090.0,Budapest,2023-03-12,2026-03-26,4,216.94,50.65,5.0,web,no,1
103631,63,50772.0,Budapest,2025-05-20,2026-04-26,5,378.31,95.53,3.0,store,yes,0
100950,32,38019.0,Budapest,2024-10-16,2026-05-30,7,242.45,36.73,4.0,store,yes,1
103584,36,34674.0,South,2025-08-02,2026-06-25,5,294.32,55.75,3.0,store,yes,0
100020,18,44049.0,East,2024-05-16,2026-04-29,7,330.78,50.24,3.0,partner,no,0
100230,34,57023.0,Budapest,2024-11-23,2026-02-18,8,774.1,114.22,5.0,mobile,yes,1
104211,48,36785.0,East,2023-07-05,2026-05-31,6,432.81,69.65,4.0,web,no,0
100669,27,28887.0,Budapest,2023-04-22,2026-03-22,8,306.19,35.81,4.0,web,yes,0
100219,53,20162.0,North,2023-01-04,2026-05-10,6,276.27,46.35,3.0,web,yes,0
105033,71,22183.0,Budapest,2023-11-15,2026-05-09,4,558.47,119.73,3.0,partner,yes,0
105534,56,43433.0,West,2023-03-25,2026-05-10,3,262.19,87.73,3.0,store,yes,0
103608,44,37837.0,Budapest,2024-09-01,2026-05-01,6,477.0,79.03,2.0,mobile,yes,1
102544,31,17867.0,Budapest,2024-11-13,2026-04-22,2,95.46,65.1,5.0,partner,no,1
105568,46,31814.0,Budapest,2025-06-12,2026-06-12,6,240.98,34.05,3.0,store,yes,0
100586,31,23316.0,East,2023-08-31,2026-05-09,5,103.75,23.61,4.0,web,yes,0
104775,43,26550.0,Budapest,2024-03-15,2026-05-16,9,903.65,103.16,4.0,web,no,0
104351,40,19367.0,Budapest,2023-11-24,2026-06-10,2,120.92,47.61,4.0,web,no,0
102023,30,15000.0,Budapest,2025-11-10,2026-05-26,7,322.33,48.6,5.0,partner,yes,0
103955,43,35155.0,Budapest,2024-05-17,2026-05-08,6,533.77,82.27,5.0,mobile,no,0
103872,52,49430.0,Budapest,2024-03-30,2026-05-09,6,752.79,141.7,2.0,store,yes,0
103519,37,32681.0,East,2023-03-01,2026-05-05,6,975.31,179.94,3.0,web,yes,0
103207,64,30233.0,Budapest,2023-08-09,2026-05-14,7,152.27,24.49,4.0,mobile,yes,0
100778,59,39902.0,Budapest,2025-04-02,2026-04-11,6,668.8,128.91,5.0,mobile,yes,0
102895,55,40155.0,North,2025-10-24,2026-05-08,7,428.63,63.18,4.0,web,no,0
101019,27,,Budapest,2023-09-29,2026-04-09,6,656.02,97.15,3.0,web,no,1
101607,35,25842.0,North,2024-10-24,2026-04-15,6,497.25,101.6,2.0,store,no,0
102536,23,26058.0,East,2024-04-20,2026-03-24,9,366.19,48.91,4.0,web,yes,0
102841,53,78709.0,South,2024-10-20,2026-04-22,8,576.89,67.99,3.0,web,yes,0
104272,72,27662.0,West,2024-06-11,2026-05-08,7,391.51,71.95,4.0,store,no,1
104848,66,59641.0,East,2025-10-29,2026-06-28,6,1130.13,150.9,3.0,web,no,0
101492,39,19690.0,South,2023-03-28,2026-06-07,10,1279.31,119.51,4.0,partner,yes,0
104879,52,29810.0,West,2025-10-13,2026-05-04,5,1084.69,222.11,5.0,web,yes,0
104064,46,21896.0,East,2025-01-26,2026-04-11,9,309.98,38.83,3.0,web,no,1
102379,56,48559.0,Budapest,2025-03-13,2026-06-28,3,461.73,138.98,3.0,web,no,0
103942,26,42964.0,Budapest,2025-06-17,2026-06-28,5,142.71,27.91,3.0,web,yes,0
104511,58,31034.0,East,2025-05-26,2026-05-22,6,342.77,56.42,3.0,mobile,yes,1
102911,42,51052.0,East,2025-06-12,2026-04-21,2,108.34,61.27,4.0,web,no,0
101594,39,43274.0,West,2025-08-16,2026-05-28,7,700.23,98.27,4.0,store,yes,0
100518,44,33900.0,South,2023-12-08,2026-04-30,4,401.96,90.17,4.0,mobile,yes,0
100322,26,27014.0,West,2023-01-25,2026-05-19,9,470.67,57.28,3.0,web,yes,0
104445,60,29843.0,Budapest,2023-10-05,2026-03-03,6,478.47,84.4,4.0,mobile,yes,1
105183,46,71393.0,Budapest,2024-04-24,2026-03-31,5,407.04,77.99,4.0,mobile,yes,0
104123,33,28951.0,North,2025-10-15,2026-05-24,6,1301.64,217.07,4.0,web,yes,1
104036,65,15000.0,West,2023-11-16,2026-05-21,4,276.81,73.3,5.0,partner,yes,0
100218,38,15000.0,Budapest,2023-12-01,2026-04-26,9,623.23,76.26,4.0,mobile,yes,0
102689,39,15648.0,Budapest,2025-04-12,2026-03-06,5,424.34,95.82,3.0,web,yes,1
104337,32,39521.0,Budapest,2023-09-23,2026-05-11,4,164.97,69.83,4.0,mobile,yes,1
100361,33,33340.0,North,2023-09-08,2026-05-26,12,1234.01,87.17,4.0,web,no,0
104399,26,22138.0,Budapest,2023-08-22,2026-05-06,7,363.0,53.72,3.0,partner,yes,0
104978,29,21540.0,Budapest,2023-12-08,2026-05-26,3,193.91,67.83,2.0,web,no,1
103045,31,27353.0,South,2023-01-27,2026-04-15,2,117.19,70.69,3.0,web,yes,0
102347,43,31974.0,South,2023-06-05,2026-04-29,9,1073.03,117.59,4.0,mobile,no,0
101053,44,22076.0,Budapest,2023-03-23,2026-03-31,4,223.93,62.02,2.0,web,no,0
105609,47,34416.0,West,2025-01-17,2026-06-16,6,402.63,66.97,3.0,web,no,0
100760,37,15000.0,West,2023-10-06,2026-06-28,9,682.58,93.3,5.0,web,no,0
104693,55,36166.0,South,2024-11-17,2026-04-12,7,381.29,60.26,4.0,web,yes,1
102986,46,15000.0,Budapest,2025-06-21,2026-05-20,6,324.23,61.86,5.0,store,yes,0
103814,30,36517.0,Budapest,2024-03-27,2026-05-20,2,211.47,108.63,3.0,web,no,0
101427,42,22905.0,Budapest,2024-03-17,2026-06-18,12,300.65,25.19,5.0,partner,yes,0
101964,38,30057.0,Budapest,2023-03-27,2026-04-10,9,967.52,104.08,3.0,store,yes,0
104540,41,53246.0,West,2024-08-13,2026-05-18,9,1288.43,132.7,5.0,partner,no,0
100215,49,28913.0,East,2023-02-06,2026-04-05,6,607.1,122.06,4.0,web,yes,0
101615,44,33368.0,South,2023-08-31,2026-04-03,9,440.76,49.94,2.0,web,yes,0
104701,48,94420.0,North,2023-10-21,2026-05-16,4,116.4,26.58,4.0,store,no,0
101718,37,20845.0,East,2025-05-10,2026-03-27,10,573.29,67.8,4.0,store,yes,1
104099,46,29128.0,East,2023-06-08,2026-04-29,12,500.88,44.14,5.0,web,yes,0
102078,47,23876.0,Budapest,2023-04-16,2026-03-30,3,243.37,77.32,2.0,web,no,1
103635,40,28860.0,East,2024-06-24,2026-05-10,4,969.91,219.97,3.0,mobile,yes,0
102026,47,,West,2025-12-17,2026-06-04,10,411.68,40.76,4.0,mobile,no,0
101703,38,57379.0,West,2023-07-09,2026-06-10,4,76.35,26.96,5.0,,yes,0
103209,39,,Budapest,2023-04-27,2026-05-13,3,301.48,80.36,5.0,web,no,0
105002,54,42621.0,East,2023-04-23,2026-06-28,7,683.8,105.85,5.0,web,yes,1
102087,59,35149.0,West,2025-08-18,2026-06-26,4,236.09,61.83,4.0,partner,yes,0
100197,58,46761.0,East,2023-05-31,2026-04-12,9,519.94,54.4,4.0,store,yes,0
100726,32,79823.0,Budapest,2023-07-08,2026-04-03,8,311.73,37.48,4.0,web,no,0
105041,26,68694.0,Budapest,2025-08-23,2026-05-15,3,110.15,49.99,5.0,partner,yes,0
101513,30,34263.0,East,2023-05-18,2026-06-28,7,321.57,42.75,4.0,web,yes,0
103212,59,30472.0,East,2024-12-18,2026-05-10,4,255.9,56.43,5.0,web,no,0
104083,39,28122.0,South,2024-07-15,2026-06-19,3,153.93,46.14,4.0,web,no,0
105185,37,47976.0,Budapest,2024-10-28,2026-06-01,6,301.26,62.16,4.0,web,no,0
101057,33,30197.0,North,2025-03-23,2026-06-03,8,590.83,71.06,4.0,store,yes,0
102671,46,23947.0,East,2024-06-04,2026-06-05,4,317.47,81.77,5.0,web,no,0
100888,59,15159.0,Budapest,2023-09-05,2026-04-25,10,876.98,81.9,1.0,web,no,0
102645,61,33603.0,Budapest,2023-03-20,2026-04-07,6,639.13,108.88,4.0,,yes,0
101093,43,56971.0,Budapest,2024-05-04,2026-04-18,3,200.26,81.42,3.0,store,no,0
105992,18,,East,2025-08-16,2026-04-30,7,785.4,152.13,3.0,web,yes,0
104149,53,54005.0,Wset,2025-05-06,2026-04-08,5,261.88,53.31,3.0,web,yes,0
100569,41,15000.0,West,2024-10-26,2026-05-12,6,302.49,47.73,3.0,mobile,no,0
100517,52,,Budapest,2025-05-13,2026-04-22,7,397.62,50.46,5.0,store,yes,0
103668,49,19242.0,Budapest,2025-07-09,2026-06-10,5,227.12,47.8,4.0,partner,no,0
105922,23,46429.0,Budapest,2023-09-15,2026-06-19,6,335.1,57.1,5.0,mobile,no,0
104793,54,59173.0,Budapest,2024-10-06,2026-04-26,4,132.79,28.97,2.0,mobile,no,0
100140,47,40907.0,Budapest,2024-12-12,2026-04-20,4,208.77,49.71,3.0,mobile,yes,0
105864,34,15000.0,South,2023-08-07,2026-04-20,4,206.23,48.26,3.0,store,yes,1
104837,51,25783.0,Budapest,2024-12-10,2026-05-07,6,323.02,56.19,2.0,web,yes,0
102313,59,33181.0,West,2024-05-30,2026-05-18,8,687.67,83.46,4.0,web,yes,1
104334,33,28004.0,West,2024-08-28,2026-04-30,4,250.68,69.06,4.0,web,no,0
101150,32,20218.0,North,2024-10-27,2026-03-13,7,379.72,55.47,3.0,mobile,yes,0
104220,56,38131.0,East,2025-02-03,2026-05-11,4,248.45,51.2,4.0,mobile,no,1
104884,38,34021.0,West,2024-12-07,2026-05-23,3,181.92,66.27,4.0,store,yes,0
103338,26,16423.0,North,2024-11-16,2026-05-21,2,140.33,71.92,2.0,mobile,no,0
104838,36,15000.0,Budapest,2024-03-29,2026-05-07,6,350.89,60.79,4.0,store,yes,0
100464,50,45805.0,Budapest,2025-10-11,2026-05-19,10,983.96,86.82,4.0,web,yes,1
105164,55,32432.0,West,2023-12-21,2026-06-28,3,160.84,42.23,3.0,partner,no,0
103134,33,27420.0,Budapest,2024-04-07,2026-04-06,5,266.16,64.43,3.0,mobile,yes,1
105011,59,29893.0,Budapest,2025-07-05,2026-04-02,6,689.58,100.62,4.0,mobile,yes,0
100595,37,18327.0,Budapest,2025-10-13,2026-04-23,6,248.23,48.59,3.0,partner,no,1
103117,36,19554.0,Budapest,2024-10-22,2026-04-14,3,149.78,51.19,5.0,web,yes,0
101808,47,33072.0,West,2025-11-11,2026-05-31,5,288.64,55.62,2.0,web,no,0
105208,21,27805.0,North,2025-10-12,2026-03-29,6,595.63,89.76,3.0,mobile,yes,0
100451,42,39346.0,Budapest,2024-07-08,2026-04-15,2,117.78,60.58,4.0,web,yes,0
103972,33,40386.0,Budapest,2024-02-18,2026-05-26,7,273.5,43.13,3.0,web,yes,0
105136,52,55231.0,West,2023-06-08,2026-05-27,8,499.81,58.15,4.0,partner,yes,0
104232,42,37215.0,Budapest,2023-03-11,2026-03-27,2,142.21,62.66,2.0,store,no,1
100519,36,48676.0,Budapest,2025-01-27,2026-05-29,10,335.56,34.91,4.0,web,yes,0
104609,35,16924.0,Budapest,2024-02-11,2026-06-01,4,338.79,88.02,5.0,partner,no,0
100313,29,15000.0,Budapest,2023-11-20,2026-05-02,9,1130.51,121.36,5.0,partner,yes,0
104629,34,40045.0,Budapest,2025-10-06,2026-03-24,4,273.37,81.08,4.0,store,yes,1
104596,25,34850.0,North,2024-02-04,2026-05-26,6,686.1,104.96,4.0,mobile,yes,0
102681,56,38567.0,South,2025-08-01,2026-06-28,4,274.06,61.34,3.0,WEB,yes,0
104661,41,60301.0,East,2024-05-07,2026-05-12,6,895.13,125.56,3.0,web,yes,0
101175,24,15215.0,West,2024-04-04,2026-06-09,9,633.28,77.42,3.0,web,yes,0
103154,33,27298.0,Budapest,2024-03-26,2026-05-16,4,203.58,43.69,2.0,partner,yes,0
100452,52,26754.0,North,2023-09-01,2026-04-07,6,290.61,64.06,5.0,web,yes,0
105063,49,51321.0,Budapest,2023-10-24,2026-04-25,6,406.45,70.29,3.0,web,yes,0
103019,53,33822.0,Budapest,2023-11-08,2026-05-03,3,166.62,61.85,4.0,store,yes,0
101113,33,36797.0,East,2025-10-10,2026-05-17,5,290.94,52.19,4.0,mobile,yes,0
104143,42,76087.0,Budapest,2023-03-06,2026-04-13,5,228.71,64.16,5.0,web,yes,0
101579,57,24063.0,North,2023-02-06,2022-08-17,4,166.35,51.34,4.0,web,yes,0
100891,39,31886.0,Budapest,2025-06-19,2026-06-28,6,844.03,159.1,5.0,mobile,yes,0
101616,53,66469.0,Budapest,2025-10-06,2026-05-09,6,907.96,117.36,3.0,store,yes,0
104372,41,19481.0,Budapest,2023-06-20,2026-05-13,10,745.1,67.26,5.0,web,no,0
103208,36,33289.0,Budapest,2023-09-02,2026-05-20,4,85.65,29.37,3.0,web,yes,1
103476,31,25770.0,West,2024-02-11,2026-03-18,7,272.58,40.07,3.0,partner,no,1
105874,42,41995.0,Budapest,2024-07-26,2026-05-06,4,595.59,156.56,4.0,web,no,0
103657,34,54524.0,Budapest,2024-02-02,2026-06-01,3,292.62,100.33,3.0,mobile,no,0
101264,33,36515.0,North,2025-03-09,2026-04-14,3,175.01,68.29,3.0,web,yes,0
105647,45,29932.0,East,2024-02-19,2026-05-03,5,509.8,124.65,3.0,mobile,no,0
101000,65,16093.0,Budapest,2023-08-27,2026-05-09,3,165.44,69.93,4.0,store,yes,0
103803,32,41278.0,Budapest,2023-03-22,2026-04-13,6,479.87,68.25,4.0,mobile,yes,0
101360,37,50668.0,Budapest,2024-09-19,2026-05-31,4,905.74,202.8,4.0,mobile,no,0
102856,45,53925.0,North,2024-06-13,2026-05-20,4,193.96,46.19,2.0,web,yes,0
101477,46,30218.0,West,2024-03-28,2026-04-25,8,394.62,60.14,4.0,mobile,no,0
100193,39,46155.0,Budapest,2024-11-13,2024-06-24,5,238.94,51.16,4.0,web,yes,0
102800,67,21248.0,South,2023-08-21,2026-06-05,3,76.03,24.5,3.0,web,no,0
104718,42,76507.0,East,2023-05-19,2026-04-13,7,269.5,42.54,4.0,store,yes,0
105429,55,23628.0,North,2023-07-11,2026-05-23,3,102.28,35.63,2.0,web,yes,0
105027,39,63122.0,West,2025-01-18,2026-05-16,4,134.36,34.32,4.0,web,yes,0
105083,27,16461.0,West,2023-10-07,2026-05-24,7,433.85,59.16,3.0,web,yes,0
103478,67,50803.0,North,2025-11-02,2026-06-20,6,381.57,55.69,5.0,store,no,0
103661,51,28331.0,Budapest,2025-11-26,2026-04-24,5,462.9,101.75,5.0,web,no,0
105594,25,,Budapest,2024-06-13,2026-06-28,6,403.05,70.3,5.0,mobile,yes,0
105276,39,,South,2024-09-03,2026-06-13,6,346.03,58.9,3.0,web,yes,0
101294,28,35516.0,Budapest,2023-05-29,2026-06-27,6,363.29,57.77,4.0,web,yes,0
105314,51,92272.0,East,2025-12-24,2026-05-09,9,380.12,46.23,2.0,web,yes,0
105042,48,62469.0,Budapest,2023-12-11,2026-06-05,4,250.51,61.01,5.0,web,yes,0
101908,64,25978.0,Budapest,2024-08-08,2026-05-13,6,709.06,115.92,5.0,store,yes,1
103800,46,20283.0,Budapest,2024-09-04,2026-06-24,5,431.82,85.17,2.0,web,yes,0
104177,34,,East,2024-01-15,2026-06-28,12,1026.82,82.8,2.0,web,yes,0
100369,47,29658.0,Budapest,2024-09-06,2026-06-06,8,180.55,27.69,5.0,mobile,no,0
101938,46,58128.0,East,2023-03-03,2026-06-28,4,441.47,122.52,5.0,web,yes,0
101152,23,48576.0,South,2024-03-16,2026-05-20,4,225.14,71.32,4.0,store,yes,0
103723,25,54638.0,South,2023-07-27,2026-05-22,7,277.97,39.41,4.0,mobile,yes,0
105930,21,33154.0,Budapest,2024-08-11,2026-05-27,8,572.77,70.63,4.0,store,no,0
105938,46,32645.0,West,2025-05-25,2026-05-05,5,268.41,52.54,4.0,partner,no,0
100192,54,23218.0,Budapest,2024-03-03,2026-06-15,11,468.57,50.34,3.0,web,no,0
100175,52,37063.0,Budapest,2025-02-08,2026-05-15,5,596.9,124.08,4.0,mobile,no,0
105877,24,31717.0,East,2025-04-05,2026-04-04,10,1131.51,106.48,4.0,store,yes,0
103397,45,21095.0,Budapest,2024-07-31,2026-06-01,9,682.69,65.34,2.0,Mobile,yes,1
104956,45,18334.0,Budapest,2025-07-08,2026-05-14,10,577.29,63.63,4.0,partner,no,0
105239,46,,West,2024-07-05,2026-04-23,4,159.66,48.97,3.0,store,yes,1
105247,47,23944.0,West,2023-12-22,2026-06-12,7,753.86,112.65,5.0,web,yes,0
105875,42,51917.0,Budapest,2025-08-02,2026-05-26,6,481.99,80.53,5.0,mobile,yes,0
102858,47,,West,2023-07-15,2026-05-26,3,103.83,35.93,3.0,partner,no,0
102580,46,29883.0,North,2025-12-31,2026-06-25,9,249.0,27.6,4.0,web,yes,0
101165,59,,Budapest,2023-04-14,2026-05-07,8,539.55,77.59,5.0,partner,yes,0
104463,65,27554.0,Budapest,2024-10-23,2026-05-17,7,599.05,91.08,2.0,web,no,0
105467,69,18764.0,South,2025-05-06,2026-06-15,9,565.39,55.81,4.0,mobile,no,0
101662,41,36442.0,East,2024-02-14,2026-06-06,5,260.48,54.02,4.0,partner,yes,1
100509,33,38971.0,West,2023-08-27,2026-04-19,8,722.3,79.18,4.0,mobile,yes,0
100167,40,86348.0,South,2023-01-05,2026-06-09,5,411.13,85.39,3.0,mobile,yes,0
104018,33,21553.0,West,2025-11-17,2026-04-24,9,469.76,51.2,2.0,store,yes,0
105402,38,17978.0,Budapest,2025-11-30,2026-06-28,4,195.07,59.78,3.0,mobile,yes,0
104640,66,29787.0,Budapest,2024-08-03,2026-06-28,6,484.22,84.08,3.0,web,yes,0
104005,54,15000.0,East,2023-12-08,2026-04-02,6,254.52,40.65,3.0,web,yes,0
100104,46,56156.0,North,2023-06-03,2026-05-05,8,545.34,60.77,4.0,store,yes,0
102441,32,65323.0,North,2024-12-19,2026-06-04,8,858.86,93.22,5.0,store,no,0
105769,21,37095.0,West,2025-04-10,2026-05-23,4,378.41,99.23,3.0,web,yes,0
102747,31,23925.0,Budapest,2025-04-14,2026-04-02,8,790.36,96.89,3.0,mobile,no,0
101753,48,55744.0,North,2025-07-09,2026-04-18,6,235.54,44.29,2.0,partner,yes,0
105385,35,24572.0,Budapest ,2025-04-20,2026-06-05,6,407.63,66.47,2.0,web,yes,0
102743,46,,Budapest,2025-08-19,2026-06-27,5,296.28,64.27,4.0,web,no,0
101659,30,43256.0,West,2024-07-18,2026-04-16,5,335.01,67.83,3.0,web,no,0
100153,47,77508.0,Budapest,2024-10-12,2026-03-31,4,215.68,54.9,3.0,web,yes,0
102620,55,25013.0,North,2023-12-15,2026-05-26,5,517.6,117.83,4.0,store,no,0
101584,46,40156.0,Budapest,2023-06-12,2026-05-09,6,242.44,41.95,4.0,store,no,0
102305,58,19521.0,West,2024-04-30,2026-05-20,8,539.66,71.9,3.0,store,no,0
103104,49,23352.0,South,2025-05-13,2026-05-03,9,493.0,50.26,3.0,store,yes,0
104428,59,18807.0,Budapest,2023-10-21,2026-06-12,7,440.33,60.22,4.0,store,no,0
103741,28,46411.0,Budapest,2023-08-10,2026-04-18,5,281.0,55.18,3.0,mobile,no,0
104817,38,48468.0,Budapest,2025-01-03,2026-04-24,5,539.82,117.02,3.0,store,no,0
104621,46,,Budapest,2025-01-10,2026-06-28,4,231.66,48.91,3.0,mobile,yes,0
101823,22,41547.0,East,2023-08-13,2026-05-05,3,331.82,102.56,2.0,web,no,0
104653,37,23804.0,Budapest,2023-05-16,2026-06-17,6,321.06,49.48,3.0,store,no,0
103163,43,,Budapest,2024-01-02,2026-04-20,7,570.41,86.18,4.0,mobile,no,0
100310,34,55831.0,Budapest,2025-02-12,2026-04-15,5,209.46,38.31,3.0,store,yes,0
103514,50,25042.0,North,2025-10-26,2026-05-12,5,549.24,100.54,,store,no,0
102464,41,15000.0,East,2024-08-27,2026-06-28,10,887.77,79.01,3.0,store,yes,0
102604,73,39022.0,South,2025-09-06,2026-05-18,3,137.7,50.5,4.0,partner,yes,0
100496,58,20881.0,East,2025-02-03,2026-06-20,9,190.53,21.64,4.0,web,no,0
100206,38,41707.0,Budapest,2024-04-01,2026-06-28,7,469.6,62.35,3.0,mobile,yes,1
101435,57,22524.0,Budapest,2025-08-18,2026-06-12,4,276.01,66.87,4.0,web,no,0
101136,31,32073.0,Budapest,2024-01-21,2026-04-26,4,162.14,39.95,4.0,mobile,yes,0
100869,40,39384.0,Budapest,2025-11-29,2026-06-07,3,161.56,47.48,3.0,mobile,yes,0
100306,28,64024.0,West,2025-06-17,2026-04-16,4,118.62,29.23,5.0,web,yes,0
101850,54,34869.0,South,2025-11-06,2026-05-21,11,1341.34,121.56,5.0,store,yes,0
102264,66,27211.0,Budapest,2025-05-25,2026-06-13,4,145.55,36.88,4.0,partner,yes,0
101989,40,35319.0,North,2023-07-03,2026-05-17,5,190.87,38.5,4.0,Mobile,yes,0
102781,42,36581.0,Budapest,2025-03-09,2026-06-08,11,1652.81,171.54,2.0,mobile,yes,0
101535,30,26330.0,Budapest,2024-11-24,2026-04-15,5,522.77,106.45,5.0,web,yes,0
100844,64,20502.0,West,2023-11-23,2026-06-28,9,173.96,21.52,4.0,web,yes,0
101988,24,35041.0,East,2023-07-28,2026-03-17,6,289.45,62.91,5.0,partner,yes,0
103008,38,84030.0,Budapest,2023-09-12,2026-06-02,3,294.84,96.57,5.0,mobile,no,0
103965,50,23462.0,West,2023-05-22,2026-03-22,5,356.24,75.21,4.0,web,no,0
105937,41,35171.0,Budapest,2025-03-04,2026-06-14,7,322.95,48.09,3.0,store,yes,1
105891,38,49752.0,North,2023-04-12,2026-05-10,7,454.45,57.98,4.0,mobile,yes,0
101539,53,26488.0,South,2024-03-12,2026-05-22,8,163.73,23.92,5.0,web,no,0
100212,41,26761.0,East,2024-12-08,2026-05-23,5,607.42,105.92,3.0,store,yes,0
101958,44,44241.0,Budapest,2023-06-13,2026-02-17,2,82.42,45.14,3.0,web,yes,1
104406,29,15716.0,East,2025-08-16,2026-06-13,4,745.0,245.51,5.0,web,yes,1
102351,24,40723.0,Budapest,2023-02-16,2026-05-15,7,865.78,120.32,4.0,partner,no,0
104229,31,46341.0,East,2023-05-03,2026-03-28,8,572.18,82.03,3.0,web,no,0
101350,21,33299.0,Budapest,2023-12-04,2026-05-31,8,828.79,101.5,5.0,web,yes,0
105274,63,,South,2025-03-19,2026-04-30,7,441.77,51.2,3.0,web,yes,0
104996,52,23898.0,Budapest,2023-09-25,2026-06-02,5,153.43,42.4,3.0,store,yes,0
100681,18,56345.0,Budapest,2025-08-01,2026-03-18,7,393.28,55.88,3.0,mobile,yes,1
100181,34,33925.0,North,2023-05-11,2026-04-06,7,355.16,46.1,5.0,web,no,0
104796,37,18001.0,Budapest ,2023-05-25,2026-05-05,5,302.8,58.13,2.0,mobile,no,1
105188,38,31314.0,East,2025-09-30,2026-06-04,11,580.63,47.17,3.0,mobile,no,0
103329,34,,West,2025-12-17,2026-06-15,6,470.14,97.1,5.0,web,yes,0
100279,44,16325.0,South,2025-01-26,2026-05-08,3,140.51,56.48,2.0,store,yes,0
100290,47,15000.0,Budapest,2024-03-01,2026-04-02,4,321.0,76.42,2.0,store,no,0
104883,26,31817.0,East,2025-09-17,2026-06-03,6,251.61,48.91,4.0,store,no,0
100994,59,43631.0,Budapest,2024-05-14,2026-05-22,11,1061.62,88.12,2.0,Mobile,yes,0
102624,57,,North,2025-01-16,2026-05-22,4,119.28,30.58,3.0,mobile,yes,0
104905,40,43214.0,East,2024-04-21,2023-11-28,7,466.37,70.44,4.0,web,no,0
105571,46,38897.0,Budapest,2023-04-13,2026-05-30,9,735.46,72.97,2.0,store,no,0
104832,31,47258.0,Budapest,2024-10-18,2026-06-06,7,622.08,87.52,4.0,web,yes,0
100271,52,51036.0,Budapest,2023-07-13,2026-05-04,8,712.23,79.14,4.0,mobile,no,0
102178,38,60008.0,South,2025-08-03,2026-06-01,7,264.12,36.91,5.0,mobile,yes,0
104921,36,52669.0,West,2025-07-31,2026-06-21,7,323.37,38.86,3.0,mobile,no,0
102418,31,28797.0,East,2024-08-10,2026-04-10,6,403.28,90.98,4.0,store,no,0
104685,48,36380.0,North,2024-10-08,2026-05-28,8,853.66,115.8,3.0,mobile,yes,0
100112,43,24037.0,Budapest,2024-09-03,2026-05-13,6,393.97,72.83,2.0,web,yes,0
101392,54,21182.0,South,2025-06-03,2026-04-28,7,567.55,82.91,5.0,web,yes,0
100221,39,39825.0,Budapest,2025-05-15,2026-03-15,8,345.89,45.68,3.0,mobile,yes,1
105214,46,57550.0,North,2023-09-09,2026-06-08,9,240.86,32.09,4.0,web,no,0
100084,51,31597.0,Budapest,2025-05-31,2026-03-31,2,157.98,67.05,3.0,web,yes,0
104777,42,15000.0,West,2025-12-05,2026-03-17,4,480.4,107.39,3.0,store,no,1
100462,48,27491.0,Budapest,2024-07-02,2026-04-11,4,282.08,65.53,4.0,store,yes,0
105300,71,37980.0,Budapest,2024-12-14,2026-06-08,8,460.63,60.68,3.0,mobile,no,0
100552,25,15000.0,Budapest,2024-05-03,2026-05-15,6,436.29,72.39,4.0,web,yes,0
105066,58,15277.0,West,2024-09-30,2026-05-22,3,196.7,72.54,4.0,web,yes,0
103704,20,51165.0,East,2024-06-18,2026-06-01,2,146.84,62.18,3.0,web,no,0
102799,36,48051.0,East,2025-09-19,2026-06-06,6,181.4,38.01,5.0,web,no,0
102147,30,26787.0,Budapest,2025-10-31,2026-05-17,7,533.59,78.93,2.0,web,yes,0
105790,55,37336.0,West,2024-03-31,2026-05-29,9,365.56,51.46,3.0,web,yes,1
102639,39,48974.0,South,2024-11-03,2026-05-14,8,574.7,65.32,4.0,mobile,no,0
100651,55,78797.0,West,2025-12-28,2026-06-28,3,149.06,46.45,4.0,mobile,yes,0
100709,44,28786.0,West,2024-03-01,2026-05-03,10,453.19,46.84,5.0,mobile,yes,0
103818,38,118870.0,Budapest,2024-05-14,2026-04-10,3,321.17,109.79,4.0,web,yes,0
102438,63,,East,2024-11-01,2026-05-08,6,343.58,58.71,5.0,store,no,0
104202,57,17092.0,South,2023-04-12,2026-04-25,6,345.55,56.88,3.0,store,yes,0
101425,43,44362.0,West,2025-08-15,2026-04-06,6,380.74,71.89,5.0,store,no,0
101217,44,,Budapest ,2023-06-21,2026-04-22,5,369.87,87.25,5.0,mobile,no,0
104602,60,19773.0,North,2025-11-15,2026-06-10,5,306.84,61.23,3.0,store,yes,0
101925,44,29636.0,Budapest,2023-09-16,2026-05-07,6,253.33,40.9,4.0,store,no,1
102768,54,56260.0,East,2023-01-27,2026-06-28,5,257.51,49.71,4.0,partner,yes,0
102717,55,20355.0,West,2024-04-26,2026-05-31,6,255.77,37.47,4.0,web,yes,0
100315,34,85581.0,West,2023-02-14,2026-04-23,5,428.89,90.9,3.0,mobile,yes,0
104818,50,42481.0,West,2024-02-20,2026-06-28,4,206.22,61.15,4.0,store,yes,0
101428,47,23279.0,Budapest,2024-07-16,2026-04-23,7,1027.64,126.07,4.0,web,yes,0
104583,41,29504.0,South,2024-06-22,2026-04-08,4,489.46,106.74,3.0,mobile,yes,1
104776,48,50096.0,Budapest,2024-03-22,2026-05-17,8,766.15,86.11,5.0,web,yes,0
104756,40,33252.0,East,2024-11-05,2026-05-12,8,564.08,58.8,3.0,mobile,no,0
104035,46,27728.0,Budapest,2024-11-10,2026-06-15,10,682.78,66.61,3.0,partner,yes,0
105545,43,65460.0,East,2024-05-10,2026-04-20,5,481.48,89.99,5.0,,yes,0
104438,32,40989.0,Budapest,2025-03-16,2026-04-19,7,960.87,158.29,2.0,partner,yes,1
105225,71,42736.0,West,2024-11-25,2026-05-04,9,574.61,59.12,5.0,web,yes,0
105874,42,41995.0,Budapest,2024-07-26,2026-05-06,4,595.59,156.56,4.0,web,no,0
102616,44,44106.0,West,2023-07-11,2026-06-17,5,352.79,73.87,4.0,mobile,yes,0
100685,56,69701.0,East,2024-08-21,2026-03-24,6,253.48,41.28,3.0,web,yes,1
104418,48,18112.0,Budapest,2023-02-23,2026-05-22,5,131.94,24.97,4.0,web,no,1
102894,52,35011.0,East,2025-11-05,2026-05-19,8,178.98,22.83,4.0,web,no,0
102754,35,97943.0,Budapest,2023-08-14,2026-04-12,5,406.03,97.16,4.0,store,no,0
105113,22,36760.0,South,2025-03-23,2026-04-09,5,172.33,34.46,4.0,web,yes,0
100327,25,16133.0,South,2025-05-22,2026-04-17,2,155.17,78.06,5.0,store,no,1
105039,52,17722.0,North,2023-12-26,2026-04-01,6,191.82,35.49,5.0,mobile,yes,0
103483,44,33480.0,South,2024-12-01,2026-06-22,5,439.23,86.32,3.0,partner,no,0
103858,34,41941.0,West,2025-02-12,2026-04-17,8,286.97,34.73,5.0,mobile,yes,0
105213,40,49288.0,North,2025-05-20,2026-06-28,8,741.65,86.43,3.0,web,no,0
104111,26,56957.0,Budapest,2023-07-20,2026-05-16,8,452.68,59.66,5.0,web,yes,0
104097,65,24533.0,East,2025-05-13,2026-04-27,3,156.11,50.32,3.0,web,yes,0
102371,45,39762.0,West,2023-01-29,2026-06-24,7,553.67,68.47,4.0,mobile,no,0
103827,55,21853.0,Budapest,2024-02-07,2026-03-26,8,1019.22,113.17,4.0,partner,no,0
100349,63,28715.0,East,2023-07-23,2026-04-28,5,742.65,148.84,4.0,mobile,yes,1
101627,39,26649.0,West,2025-08-08,2026-06-28,10,402.77,40.53,2.0,partner,no,0
105646,30,20676.0,Budapest,2024-02-21,2026-04-14,11,644.02,55.3,3.0,web,no,0
100872,37,39659.0,Budapest,2024-07-06,2026-05-06,11,1217.69,99.19,3.0,mobile,no,0
102997,49,34185.0,East,2024-05-16,2026-05-21,6,505.38,73.42,3.0,store,no,0
103259,46,19910.0,East,2024-08-06,2026-06-08,4,291.64,75.06,4.0,web,no,0
104729,35,46271.0,East,2024-04-21,2026-06-28,4,226.6,64.62,3.0,store,no,0
102122,35,23277.0,Budapest,2023-11-30,2026-04-25,7,566.91,65.07,3.0,mobile,yes,0
102821,56,21830.0,Budapest,2025-10-12,2026-03-09,6,550.11,85.94,4.0,web,yes,0
100086,38,18986.0,Budapest,2025-10-08,2026-05-11,5,383.49,92.16,3.0,store,yes,0
102852,60,17804.0,West,2024-01-11,2026-06-07,4,253.64,77.73,5.0,web,yes,0
101878,44,23266.0,Budapest,2025-04-16,2026-05-08,8,660.58,71.16,5.0,store,yes,0
104761,65,33188.0,West,2025-11-05,2026-04-27,4,271.19,60.98,3.0,,yes,0
105158,32,64871.0,East,2023-04-24,2026-04-24,4,198.36,46.96,4.0,store,no,0
103320,44,,Budapest,2023-05-13,2026-05-24,5,356.57,61.32,3.0,web,yes,0
100495,28,15000.0,South,2024-08-03,2026-06-28,6,698.54,124.05,4.0,store,no,1
103822,46,42505.0,East,2025-01-09,2026-03-27,8,247.6,28.11,4.0,partner,yes,0
103323,43,31801.0,East,2023-03-04,2026-04-26,3,121.68,46.2,4.0,web,yes,1
102793,49,22110.0,South,2023-02-03,2026-06-03,7,321.1,47.99,5.0,web,yes,0
101271,56,42657.0,North,2024-09-20,2026-05-14,10,591.79,61.35,3.0,store,no,0
102688,47,49393.0,East,2023-03-06,2026-03-10,3,113.88,35.57,4.0,web,yes,1
102667,47,31762.0,North,2023-11-21,2026-06-12,8,579.37,81.04,3.0,mobile,no,0
104980,19,60152.0,North,2023-04-13,2026-02-28,3,171.26,60.84,4.0,mobile,no,0
100619,56,24694.0,Budapest,2024-11-26,2026-06-06,3,210.72,68.67,,web,yes,0
105156,35,19176.0,Budapest,2023-03-24,2026-03-29,10,742.56,70.45,3.0,web,no,0
102663,55,17701.0,West,2025-08-23,2026-05-04,6,378.55,52.61,2.0,partner,no,1
102654,63,31913.0,South,2025-09-22,2026-04-19,7,474.77,64.27,2.0,web,yes,0
102585,18,47769.0,Budapest,2024-01-02,2026-03-13,11,1025.59,93.52,4.0,store,yes,1
102442,24,39997.0,Budapest,2024-08-30,2026-06-21,7,318.05,44.98,5.0,web,no,0
104942,45,26432.0,Budapest,2023-12-24,2026-05-19,6,709.63,108.37,4.0,partner,yes,0
101414,60,55506.0,North,2023-09-16,2026-06-28,5,430.24,85.87,4.0,mobile,no,0
102202,22,22814.0,North,2023-02-08,2026-06-19,5,275.97,50.91,3.0,partner,no,1
103266,42,49424.0,Budapest,2025-10-30,2026-04-23,8,726.39,79.34,5.0,store,yes,0
104501,63,17667.0,Budapest,2023-04-21,2026-05-03,2,373.5,185.9,3.0,web,yes,0
100870,30,93812.0,Budapest,2025-02-22,2026-05-14,8,702.37,89.12,4.0,mobile,no,0
102007,33,107441.0,West,2023-12-05,2026-06-11,4,201.6,45.86,3.0,mobile,yes,0
105109,61,27662.0,West,2024-08-19,2026-05-01,6,524.97,88.01,3.0,mobile,yes,0
100357,46,35072.0,South,2025-05-04,2026-03-06,6,204.99,44.06,4.0,web,no,0
101163,19,19667.0,South,2023-09-26,2026-06-28,5,334.73,77.31,5.0,mobile,yes,0
104580,39,,Budapest,2024-02-13,2026-04-30,5,327.66,73.06,4.0,web,yes,0
103127,37,58267.0,East,2024-06-29,2026-06-02,2,104.21,49.07,5.0,web,yes,0
105951,54,54659.0,West,2024-04-08,2026-04-22,4,190.05,45.19,3.0,store,yes,0
101891,37,40635.0,Budapest,2024-09-19,2026-06-28,6,608.16,109.1,5.0,mobile,no,0
100580,35,50202.0,West,2024-01-07,2026-04-02,4,185.63,47.34,2.0,partner,no,1
102586,57,36734.0,West,2024-12-18,2026-04-29,5,667.77,160.26,3.0,web,yes,0
101692,61,33247.0,North,2024-08-09,2026-04-30,8,733.23,99.38,2.0,mobile,no,0
100863,53,111608.0,South,2023-03-05,2026-02-27,6,405.31,62.67,4.0,web,no,1
104205,41,40323.0,South,2024-06-06,2026-06-28,10,356.08,34.73,3.0,store,yes,0
104478,23,61497.0,Budapest,2024-11-26,2026-04-27,3,256.0,77.46,2.0,mobile,no,1
104247,63,15000.0,South,2024-01-15,2026-06-28,8,858.39,103.17,3.0,web,yes,0
105029,36,50343.0,East,2025-12-22,2026-05-09,3,205.61,62.53,4.0,mobile,yes,0
101117,46,58690.0,Budapest,2025-02-03,2026-04-20,6,437.67,60.01,3.0,web,no,0
101542,20,46629.0,Budapest,2024-08-25,2026-05-13,6,629.13,84.01,4.0,web,yes,1
105459,31,52355.0,Budapest,2023-02-19,2026-06-01,9,316.06,34.29,3.0,store,no,0
104641,44,19057.0,Budapest,2023-07-24,2026-05-02,6,381.14,51.81,4.0,mobile,no,0
105549,26,49642.0,East,2025-05-15,2026-04-18,9,410.82,46.0,4.0,web,no,0
103276,40,43589.0,South,2023-10-13,2026-05-13,3,204.48,78.58,4.0,web,no,0
102935,38,17300.0,East,2023-05-13,2026-03-16,4,289.53,72.05,3.0,store,no,1
105327,45,48077.0,East,2023-07-27,2026-04-18,4,335.39,95.9,4.0,,no,0
105343,25,16198.0,South,2024-12-08,2026-03-13,4,162.72,40.37,3.0,web,yes,1
105940,33,26322.0,South,2025-11-19,2026-04-26,3,110.52,39.83,4.0,store,yes,0
103834,55,29320.0,West,2023-03-14,2026-06-05,4,169.83,51.33,4.0,store,yes,0
105756,59,32309.0,East,2024-06-20,2026-03-28,7,369.98,57.79,5.0,mobile,yes,0
104603,43,32638.0,North,2025-04-04,2026-06-28,5,182.01,37.29,4.0,store,no,0
105788,30,35718.0,South,2025-07-16,2026-06-16,5,390.94,94.85,4.0,web,yes,0
102053,56,35974.0,West,2024-07-17,2026-06-28,8,394.69,51.11,4.0,partner,yes,0
101777,49,16837.0,East,2025-12-20,2026-06-28,5,140.33,28.42,3.0,web,no,0
103308,39,21473.0,Budapest,2024-02-23,2026-06-19,4,224.86,66.61,3.0,partner,yes,1
104326,36,44655.0,East,2025-07-18,2026-04-09,2,129.36,74.75,3.0,web,no,0
101593,36,21822.0,North,2025-03-09,2026-06-01,14,437.45,34.25,4.0,,yes,0
101724,49,66499.0,East,2025-08-22,2026-05-22,4,333.14,79.04,3.0,web,no,0
105143,46,57285.0,Budapest,2024-10-05,2026-05-29,4,122.88,28.87,5.0,store,no,0
104088,32,31059.0,East,2025-08-03,2026-04-13,11,1144.62,95.09,3.0,store,no,0
100491,36,61020.0,East,2024-01-26,2026-04-06,3,128.93,49.01,3.0,web,no,1
105068,61,36136.0,West,2023-11-06,2026-06-12,6,577.32,105.11,5.0,mobile,no,0
101007,66,40129.0,North,2024-03-21,2026-06-12,9,499.66,63.09,5.0,store,yes,0
103185,45,26147.0,Budapest,2024-08-11,2026-05-27,8,391.01,56.02,4.0,store,no,0
103506,30,,East,2025-09-03,2026-04-24,5,250.14,51.42,5.0,mobile,no,0
101418,18,37550.0,East,2024-01-14,2026-06-19,4,339.59,89.6,4.0,store,yes,0
100026,64,37409.0,Budapest,2025-09-06,2026-04-27,7,525.22,73.01,4.0,store,yes,0
101114,23,51169.0,North,2023-04-01,2026-05-21,7,852.55,141.09,4.0,mobile,yes,0
105445,48,23876.0,North,2023-09-21,2026-04-24,4,164.58,54.36,3.0,web,yes,0
101553,42,40019.0,Budapest,2025-08-23,2026-05-25,5,361.81,58.98,3.0,web,yes,0
105149,41,21792.0,North,2023-06-09,2026-04-28,11,801.39,78.14,4.0,web,no,1
104506,48,49531.0,West,2025-02-15,2026-06-24,9,595.13,77.54,2.0,store,no,0
100434,53,15000.0,South,2024-04-14,2026-06-09,6,355.14,61.92,3.0,partner,no,0
103949,29,40569.0,South,2025-08-28,2026-05-31,4,272.93,53.72,4.0,mobile,no,0
102842,22,51389.0,West,2024-02-27,2026-05-24,7,855.27,128.76,4.0,web,yes,0
104061,49,37956.0,North,2023-04-17,2026-05-06,6,369.49,58.01,3.0,store,yes,0
102998,33,15000.0,Budapest,2023-04-15,2026-06-28,6,536.0,89.95,5.0,mobile,no,0
103750,49,34095.0,Budapest,2024-07-29,2026-06-23,5,183.26,38.47,4.0,web,yes,1
103319,45,50290.0,Budapest,2024-03-13,2026-05-02,7,579.86,86.72,5.0,store,yes,0
104480,28,15000.0,North,2023-01-11,2026-04-25,4,194.37,51.82,5.0,store,yes,0
104854,46,22325.0,Budapest,2023-04-30,2026-03-27,7,448.65,63.57,3.0,store,yes,0
105802,56,17354.0,East,2025-06-30,2026-04-23,8,492.35,54.18,4.0,web,no,0
101103,38,30826.0,South,2023-03-31,2026-04-27,5,209.18,42.65,3.0,mobile,no,0
104051,53,48771.0,North,2025-12-18,2026-06-08,2,71.12,40.03,4.0,web,no,1
105926,48,31304.0,Budapest,2023-03-02,2026-05-28,4,405.05,98.88,5.0,web,yes,0
105342,71,53920.0,Budapest,2024-05-19,2026-06-14,12,1124.15,102.4,4.0,web,yes,0
100195,27,46273.0,Budapest ,2024-12-20,2026-06-25,6,520.03,94.93,3.0,web,yes,0
100616,41,15307.0,South,2025-07-03,2026-05-26,8,524.3,74.21,4.0,web,no,0
100644,37,16975.0,Budapest,2024-03-30,2026-04-02,5,144.27,33.19,4.0,web,no,1
104333,59,25840.0,Budapest,2025-09-19,2026-04-08,4,359.82,80.04,3.0,mobile,yes,1
102705,50,16114.0,East,2025-03-21,2026-06-17,1,35.1,37.51,4.0,mobile,no,0
105096,27,24044.0,East,2023-02-11,2026-04-26,8,670.6,76.85,,store,no,1
100331,36,33715.0,South,2024-06-18,2026-05-12,5,343.28,67.94,4.0,mobile,no,0
104992,37,19290.0,South,2024-12-03,2026-06-01,9,551.88,56.67,4.0,store,no,0
103780,48,30786.0,North,2023-06-18,2026-05-22,6,437.21,71.84,2.0,store,no,0
103150,39,80527.0,Budapest,2024-08-15,2026-04-14,10,400.37,41.92,2.0,web,yes,1
103341,53,52433.0,West,2024-08-22,2024-07-12,7,541.26,85.21,4.0,web,no,1
100484,49,22194.0,Budapest,2023-09-02,2026-06-05,3,111.53,40.61,2.0,store,yes,1
104089,34,20921.0,Budapest,2025-12-13,2026-06-28,9,724.67,116.56,4.0,web,no,0
102499,59,29484.0,South,2024-08-30,2026-04-26,5,332.53,65.64,2.0,mobile,no,1
102060,18,26657.0,Budapest,2024-01-19,2026-06-07,5,329.44,61.07,3.0,store,no,0
103950,52,33926.0,Budapest,2023-07-06,2026-04-04,8,347.84,45.36,2.0,mobile,no,0
100033,29,46294.0,Budapest,2023-12-14,2026-06-28,9,417.8,41.31,3.0,web,yes,0
100665,48,27384.0,West,2024-01-22,2026-05-22,7,597.65,77.92,4.0,web,yes,0
104746,29,58963.0,Budapest,2025-10-11,2026-04-02,9,1647.23,198.9,4.0,mobile,no,0
103525,45,,West,2025-10-30,2026-05-16,3,118.41,37.44,5.0,web,no,0
101445,33,55559.0,Budapest,2025-01-29,2026-06-01,8,419.66,57.93,5.0,web,no,0
105527,63,44049.0,Budapest,2024-02-04,2026-06-21,8,380.47,49.69,3.0,web,yes,0
102413,32,25538.0,West,2025-11-01,2026-05-07,4,387.81,73.43,4.0,mobile,no,1
105887,18,92699.0,Budapest,2025-05-12,2026-04-22,8,339.5,53.05,2.0,partner,yes,0
101706,32,16671.0,North,2023-06-09,2026-05-08,6,296.49,57.6,3.0,mobile,no,0
104691,30,35006.0,West,2025-09-29,2026-04-28,4,375.75,88.92,1.0,store,no,0
103593,30,18671.0,South,2023-10-05,2026-05-25,8,444.69,52.2,3.0,partner,yes,0
103586,44,16928.0,South,2023-10-15,2026-05-19,11,1050.09,100.54,3.0,store,yes,0
102278,23,15822.0,Budapest,2023-11-24,2026-05-11,10,604.49,86.58,5.0,store,yes,0
101402,21,31860.0,Budapest,2024-08-10,2026-06-19,4,183.34,41.43,5.0,web,yes,1
103382,57,15000.0,South,2023-01-05,2026-05-15,6,510.21,81.99,3.0,web,no,0
100171,44,29896.0,Budapest,2023-07-03,2026-04-25,4,175.65,44.78,4.0,partner,yes,0
100541,27,15000.0,North,2025-03-10,2026-03-23,4,113.59,32.68,4.0,store,yes,0
103183,31,19578.0,West,2024-10-08,2026-04-02,5,201.84,36.92,4.0,web,no,1
104518,40,,Budapest,2024-03-29,2026-04-20,5,318.99,63.61,4.0,mobile,yes,0
102489,48,37865.0,Budapest,2025-03-13,2026-04-03,6,330.2,51.07,2.0,store,no,0
102751,41,34706.0,Budapest,2024-12-14,2026-05-10,8,469.48,61.94,3.0,store,yes,0
100675,38,26539.0,East,2025-08-19,2026-05-29,12,650.49,55.43,5.0,mobile,yes,0
102952,41,23270.0,South,2024-10-11,2026-06-17,6,466.87,67.16,4.0,mobile,yes,1
102374,53,40230.0,Budapest,2023-07-22,2026-06-28,6,252.99,46.81,4.0,web,yes,0
101816,36,30343.0,East,2025-02-08,2026-06-28,2,120.35,57.2,4.0,web,no,0
102875,28,22001.0,Budapest,2025-08-08,2026-06-09,5,551.95,126.04,3.0,web,yes,0
102101,56,28135.0,South,2023-03-09,2026-02-04,9,406.34,47.87,3.0,web,no,1
103162,47,18223.0,North,2024-02-11,2026-05-17,10,936.7,104.67,3.0,store,no,0
105078,30,28400.0,Budapest,2025-11-10,2026-06-01,6,486.35,89.65,4.0,mobile,yes,1
102102,62,17752.0,Budapest,2023-06-13,2026-06-28,5,544.02,109.27,5.0,web,yes,0
105106,35,19655.0,West,2024-04-08,2026-03-02,8,789.77,94.79,4.0,web,yes,0
102837,18,40153.0,East,2025-09-21,2026-04-30,8,671.72,80.24,5.0,mobile,no,0
101549,37,52392.0,Budapest,2023-10-20,2026-05-06,5,444.55,76.47,4.0,web,no,0
103654,27,38347.0,Budapest,2024-01-10,2026-06-16,6,391.45,66.7,2.0,mobile,yes,0
102411,47,37832.0,East,2024-01-02,2026-06-03,7,383.81,43.73,5.0,mobile,no,0
100356,34,32921.0,East,2025-09-01,2026-04-05,10,1802.8,185.29,4.0,mobile,yes,0
102526,48,27050.0,Budapest,2023-09-05,2026-06-07,6,1044.03,192.32,4.0,store,yes,0
104960,47,54696.0,East,2024-05-29,2026-04-30,9,802.89,85.74,4.0,partner,yes,0
103429,50,39431.0,North,2023-07-27,2026-06-03,6,668.7,96.64,3.0,mobile,yes,0
105339,58,19884.0,South,2023-01-16,2026-05-26,6,208.32,32.9,4.0,mobile,yes,0
104297,45,29936.0,West,2025-05-05,2026-06-03,3,279.79,97.82,4.0,store,no,1
101052,30,37574.0,Budapest,2023-06-17,2026-04-26,5,421.96,70.35,3.0,web,yes,0
102322,31,21990.0,Budapest,2023-01-26,2026-04-26,5,408.53,85.41,3.0,mobile,yes,0
103594,25,28396.0,Budapest,2023-02-22,2026-04-25,8,341.11,60.01,4.0,mobile,no,1
103659,22,25739.0,South,2023-03-29,2026-04-12,8,992.81,128.07,3.0,partner,yes,0
101752,49,39266.0,Budapest,2024-03-10,2026-04-04,11,695.08,68.64,4.0,web,yes,0
103804,41,17566.0,Budapest,2025-01-26,2026-05-30,7,347.03,46.41,4.0,store,no,0
101773,50,47039.0,East,2023-02-17,2026-05-29,6,432.72,62.21,2.0,web,no,0
101197,51,21972.0,Budapest,2024-09-08,2026-05-18,4,174.56,46.54,4.0,web,no,0
101879,35,-12000.0,East,2025-06-25,2026-03-07,6,360.89,51.75,4.0,partner,yes,0
102017,26,25364.0,Budapest,2023-11-30,2026-04-12,5,362.73,75.25,3.0,store,no,1
102006,49,23673.0,North,2025-05-12,2026-03-11,4,244.03,71.65,2.0,store,yes,0
104890,44,42838.0,North,2024-11-04,2026-04-24,3,152.57,57.77,3.0,web,yes,1
101483,56,38879.0,East,2025-08-19,2026-05-21,7,507.81,77.22,1.0,mobile,yes,0
100329,32,41567.0,East,2023-09-09,2026-04-18,12,445.75,37.36,4.0,web,no,0
100649,26,15000.0,East,2025-07-21,2026-05-14,3,183.09,62.5,3.0,partner,yes,0
104003,35,,South,2025-11-22,2026-06-03,6,197.74,38.75,5.0,web,yes,0
101124,68,,Budapest,2024-01-08,2026-05-23,4,146.59,38.47,4.0,store,no,0
102810,41,27351.0,Budapest,2023-03-24,2026-05-04,6,325.95,53.21,3.0,store,yes,0
105325,28,69157.0,Budapest,2024-12-30,2026-04-27,6,320.19,41.72,3.0,web,no,1
102551,45,24508.0,East,2025-08-07,2026-05-31,7,238.13,41.44,2.0,mobile,yes,1
102877,62,20997.0,Budapest,2023-11-27,2026-05-09,7,448.75,59.58,1.0,store,no,0
102830,62,49622.0,South,2023-09-15,2026-05-06,7,625.56,81.09,3.0,partner,yes,0
105047,45,28747.0,Budapest,2024-07-31,2026-04-27,9,671.83,86.29,4.0,store,yes,0
101260,41,51983.0,North,2025-03-18,2026-04-15,10,294.37,29.35,5.0,web,yes,0
103077,51,15000.0,Budapest,2023-09-11,2026-05-22,9,359.73,45.09,3.0,store,no,0
103451,48,31360.0,East,2023-08-18,2026-04-29,6,548.53,94.88,5.0,partner,no,0
102729,31,34306.0,West,2024-07-29,2026-05-04,5,132.84,31.24,4.0,web,yes,0
101520,56,53922.0,Budapest,2024-03-20,2026-06-14,6,672.29,100.93,3.0,web,no,1
101379,42,59621.0,East,2025-03-29,2026-04-25,4,154.59,43.46,3.0,mobile,no,0
104405,26,23445.0,West,2025-11-26,2026-05-25,6,175.9,37.83,3.0,web,no,0
101024,48,19058.0,East,2023-08-14,2026-04-25,8,795.67,111.31,5.0,mobile,yes,0
103035,32,23070.0,North,2024-10-08,2026-05-03,5,126.88,27.14,3.0,mobile,yes,0
104289,18,46537.0,North,2024-03-18,2026-04-30,8,649.85,88.05,4.0,mobile,yes,0
102410,43,19188.0,North,2024-03-28,2026-04-22,8,742.64,112.28,4.0,mobile,yes,0
100913,41,49760.0,North,2023-06-23,2026-03-12,8,348.43,40.53,3.0,mobile,yes,0
104085,36,43883.0,East,2025-03-31,2026-05-10,8,485.7,52.06,3.0,mobile,no,0
101676,63,17080.0,North,2023-11-12,2026-06-03,8,417.98,65.88,4.0,mobile,yes,0
101747,22,29396.0,South,2025-12-13,2026-05-16,6,476.8,79.04,3.0,mobile,yes,0
104726,38,26328.0,Budapest,2025-11-26,2026-05-15,10,1492.53,136.18,4.0,partner,yes,0
101737,37,16936.0,North,2024-04-13,2026-06-01,5,313.8,58.12,3.0,store,no,0
101630,21,18675.0,West,2023-08-15,2026-04-26,6,207.85,32.92,5.0,store,no,0
104608,55,27006.0,Budapest,2023-11-01,2026-05-06,6,400.43,65.3,4.0,partner,no,0
100431,62,58592.0,North,2023-06-28,2026-06-13,7,684.75,98.5,4.0,web,no,0
101809,49,23434.0,Wset,2025-05-09,2026-06-24,6,564.66,95.58,3.0,partner,yes,0
104415,31,34697.0,Budapest,2023-06-01,2026-04-11,3,156.97,64.45,3.0,web,yes,0
103605,18,15000.0,North,2024-01-22,2026-03-09,4,332.68,65.6,2.0,web,yes,1
103442,35,15000.0,Budapest,2024-07-29,2026-05-18,7,380.81,44.44,4.0,partner,yes,0
103520,38,62905.0,South,2024-04-05,2026-06-22,9,351.99,42.23,4.0,web,yes,0
104880,25,94450.0,West,2025-02-14,2026-05-20,6,220.13,33.86,3.0,store,yes,0
102223,57,37672.0,West,2024-01-18,2026-03-15,5,513.68,102.42,3.0,,yes,1
103870,47,55118.0,West,2025-04-15,2026-06-27,4,285.66,78.08,4.0,partner,no,0
103270,23,35943.0,Budapest,2025-04-03,2026-06-11,5,180.78,37.16,5.0,store,yes,0
105381,38,16397.0,Budapest,2024-05-13,2026-06-19,2,140.21,59.59,5.0,mobile,yes,0
103686,29,24575.0,Budapest,2025-02-28,2026-06-05,5,207.3,57.85,2.0,web,no,0
105538,42,28559.0,East,2023-07-30,2026-06-18,3,150.25,42.68,3.0,web,yes,1
105853,38,23065.0,Budapest,2024-03-24,2026-05-15,6,445.91,107.16,3.0,web,yes,1
101996,40,15000.0,South,2024-01-24,2026-05-19,5,371.63,83.04,4.0,web,no,0
104307,32,44946.0,East,2025-10-02,2026-04-26,6,275.49,46.16,5.0,mobile,yes,0
102225,46,29283.0,North,2025-12-30,2026-04-08,7,503.9,64.32,3.0,web,yes,0
101107,56,25654.0,Budapest,2024-09-21,2026-05-08,7,456.5,57.59,5.0,mobile,yes,0
104966,36,30015.0,Budapest,2025-07-23,2026-04-19,4,156.67,34.23,4.0,web,yes,1
100819,34,20409.0,East,2024-11-06,2026-04-25,6,671.1,113.21,4.0,web,yes,0
105665,38,17901.0,Budapest,2024-12-21,2026-06-20,6,440.55,83.52,4.0,store,no,0
104382,34,19247.0,Budapest,2023-03-06,2026-04-27,6,737.24,116.31,4.0,mobile,yes,0
101698,38,49978.0,South,2023-02-16,2026-05-03,5,234.0,68.34,4.0,store,no,0
102573,40,27546.0,South,2023-07-27,2026-04-11,5,311.09,54.5,4.0,store,yes,1
100137,145,26182.0,North,2023-02-17,2026-05-02,9,900.51,108.77,5.0,partner,yes,0
103277,61,24530.0,West,2023-11-27,2026-04-19,14,1064.57,85.96,5.0,store,no,0
102955,18,21744.0,West,2024-01-19,2026-03-28,6,284.39,42.85,2.0,mobile,no,0
105346,52,47407.0,Budapest,2024-08-13,2026-04-07,4,122.0,32.39,3.0,mobile,yes,0
101181,19,51348.0,South,2023-01-16,2026-05-05,5,96.28,15.93,4.0,web,yes,0
104686,28,31038.0,West,2024-04-19,2026-06-09,7,374.02,44.62,4.0,mobile,yes,0
100889,43,41484.0,Budapest,2023-05-12,2026-05-21,7,957.47,126.41,5.0,mobile,yes,0
102690,27,58755.0,West,2023-06-22,2026-06-20,3,106.76,35.33,4.0,store,no,0
105137,64,,Budapest,2023-03-28,2026-05-02,6,330.37,54.52,4.0,store,yes,1
105482,44,49653.0,Budapest,2024-11-06,2026-03-17,6,397.46,68.9,3.0,mobile,no,0
100818,46,26562.0,East,2024-12-12,2026-05-25,4,131.34,34.51,2.0,web,no,0
101112,51,60620.0,West,2024-03-24,2026-04-11,8,809.43,88.06,3.0,mobile,yes,0
104868,32,26242.0,Budapest,2025-08-19,2026-06-09,3,259.55,105.65,3.0,web,no,0
102342,65,40364.0,Budapest,2025-12-23,2026-05-27,3,128.64,36.97,3.0,mobile,yes,0
104450,28,45122.0,Budapest,2024-04-08,2026-06-28,4,185.41,45.43,4.0,web,yes,0
103801,50,30158.0,Budapest,2024-12-09,2026-05-16,4,204.84,56.34,4.0,web,no,0
101265,49,40975.0,East,2025-05-13,2026-04-27,5,425.03,87.03,5.0,mobile,yes,0
100991,51,,East,2023-05-11,2026-06-19,4,317.88,87.62,4.0,web,no,0
105803,24,18638.0,South,2025-12-11,2026-05-27,9,575.02,57.89,3.0,store,no,0
101740,31,24359.0,South,2023-07-08,2026-06-24,5,427.8,72.38,4.0,mobile,no,0
103916,31,53447.0,Budapest,2024-03-02,2026-04-08,5,154.18,32.52,4.0,web,no,0
100354,48,15000.0,East,2024-04-26,2026-05-06,8,720.42,82.08,3.0,mobile,yes,0
104597,34,34725.0,West,2025-05-05,2026-06-28,4,205.35,45.09,2.0,web,no,0
102707,39,,North,2025-05-10,2026-06-12,4,145.3,38.97,3.0,web,no,0
104231,33,15000.0,North,2023-04-12,2026-03-11,9,340.84,34.8,5.0,mobile,yes,0
101490,54,21754.0,West,2025-07-13,2026-05-12,5,518.01,103.1,3.0,web,no,0
105513,45,40846.0,West,2023-03-07,2026-05-20,8,665.61,87.16,3.0,mobile,yes,0
101229,56,23793.0,North,2025-06-23,2026-05-23,4,278.62,67.65,4.0,,no,0
103110,37,21933.0,North,2025-10-13,2026-04-06,3,59.37,18.05,5.0,web,yes,0
102723,50,54810.0,West,2025-07-27,2026-06-28,3,92.84,38.53,4.0,store,yes,0
105714,40,40234.0,East,2024-11-04,2026-05-22,7,458.34,59.67,5.0,web,yes,0
105648,24,18520.0,Budapest,2025-09-23,2026-06-28,8,430.93,48.42,4.0,web,yes,0
100053,39,33021.0,South,2025-03-30,2026-06-06,5,543.59,95.45,5.0,store,yes,0
103160,33,29016.0,Budapest,2023-11-04,2026-04-29,5,424.8,82.83,5.0,web,yes,0
102777,58,17394.0,East,2025-11-30,2026-06-28,2,215.12,127.19,3.0,mobile,no,0
105755,61,28872.0,Budapest,2024-12-16,2026-06-10,10,679.38,75.57,3.0,,yes,1
104676,53,,Budapest,2025-06-27,2026-05-13,9,514.98,57.87,2.0,mobile,no,0
103693,29,15888.0,Budapest,2024-02-29,2026-05-12,3,172.51,57.16,0.0,,yes,0
101590,37,45198.0,Budapest,2023-08-01,2026-05-17,5,205.56,41.2,2.0,mobile,yes,0
101480,39,39509.0,West,2025-02-22,2026-05-23,6,213.36,32.62,4.0,partner,yes,0
101470,68,17533.0,Budapest,2025-05-05,2026-05-09,7,216.25,26.96,3.0,mobile,no,1
105476,49,66307.0,Budapest,2024-07-07,2026-04-19,5,156.53,32.28,5.0,web,yes,0
104376,29,37984.0,Budapest,2024-04-24,2026-06-28,8,928.61,123.85,4.0,store,no,0
102079,49,19496.0,Budapest,2024-12-08,2026-05-06,8,289.7,45.72,4.0,partner,yes,0
103490,62,34401.0,West,2024-08-29,2026-05-07,8,461.46,53.47,5.0,partner,yes,0
105947,44,22727.0,Budapest,2025-06-12,2026-06-13,3,202.73,71.62,4.0,web,no,0
103415,39,27761.0,Budapest,2024-09-01,2026-04-29,3,240.7,75.44,3.0,store,yes,0
100437,44,23611.0,Budapest,2023-12-10,2026-06-05,3,130.78,41.69,3.0,mobile,yes,0
104976,35,21356.0,West,2025-06-13,2026-06-19,9,348.69,47.38,4.0,web,no,1
104280,26,,East,2025-05-18,2026-04-30,3,314.38,114.03,4.0,partner,no,0
101589,59,36900.0,Budapest,2025-08-21,2026-04-27,7,283.12,40.1,2.0,mobile,yes,0
104441,29,20374.0,Budapest,2024-02-02,2026-05-03,4,151.26,38.19,2.0,web,no,0
101591,33,24880.0,Budapest,2023-10-22,2026-06-28,6,889.2,141.76,4.0,web,no,0
103289,30,15075.0,Budapest,2023-03-06,2026-05-25,6,733.16,92.88,4.0,web,no,0
100974,36,25655.0,North,2023-07-17,2026-06-04,7,286.89,43.27,3.0,partner,yes,0
101239,49,20040.0,Budapest,2024-07-19,2026-03-23,6,673.7,126.14,2.0,mobile,yes,1
102343,56,30734.0,South,2023-03-03,2026-04-10,5,528.39,103.64,5.0,mobile,yes,0
102504,25,90192.0,South,2023-01-15,2026-03-03,5,394.48,124.1,4.0,mobile,no,0
105376,47,28663.0,East,2024-10-01,2026-06-28,6,360.68,67.6,1.0,web,yes,0
105187,37,41343.0,Budapest,2023-09-24,2026-04-21,9,396.78,47.61,2.0,partner,yes,0
102232,28,20918.0,East,2025-07-04,2026-06-28,8,538.87,61.49,4.0,web,yes,0
102550,52,35153.0,Budapest,2024-11-10,2026-05-14,7,678.23,94.46,4.0,mobile,no,0
101498,44,35423.0,East,2024-03-21,2026-06-25,8,612.86,94.28,3.0,mobile,no,0
100450,32,15000.0,East,2023-03-14,2026-05-13,3,149.26,56.78,4.0,store,yes,0
102370,60,35190.0,East,2024-10-15,2026-05-16,2,153.31,72.65,3.0,web,no,0
103404,39,,North,2023-12-01,2026-05-12,5,234.88,51.98,3.0,mobile,yes,0
102423,61,,South,2025-05-29,2026-05-12,4,147.1,38.06,4.0,mobile,yes,1
105417,29,27004.0,Budapest,2024-04-03,2026-06-28,7,495.68,66.31,4.0,store,no,0
103943,46,27975.0,Budapest,2023-04-26,2026-04-20,5,314.98,64.77,4.0,store,yes,1
101552,33,15000.0,West,2023-02-27,2026-03-31,6,491.35,77.33,5.0,mobile,no,0
105348,50,22189.0,South,2024-05-19,2026-05-28,5,319.14,72.95,4.0,web,no,0
101147,46,38191.0,South,2023-04-28,2026-04-10,2,173.76,104.73,3.0,,no,0
105738,43,16438.0,East,2024-08-17,2026-04-26,9,399.96,45.4,3.0,store,no,0
102093,30,,East,2024-05-10,2026-06-01,7,686.71,81.18,4.0,web,yes,0
101314,36,27816.0,Budapest,2023-08-08,2026-04-17,6,687.6,108.19,3.0,mobile,yes,0
102016,54,30137.0,East,2024-04-11,2026-04-25,7,268.98,38.63,4.0,web,yes,0
103306,61,20610.0,Budapest,2023-07-05,2026-03-30,10,790.57,86.88,2.0,mobile,yes,0
102761,29,20789.0,East,2023-07-09,2026-05-11,1,71.09,73.72,4.0,mobile,yes,0
103706,31,25939.0,Budapest,2023-10-22,2026-04-23,2,157.03,80.58,4.0,web,yes,0
101382,44,69661.0,Budapest,2023-11-27,2026-06-20,3,133.13,38.67,3.0,web,no,1
103286,36,48872.0,East,2024-03-21,2026-04-22,10,778.41,77.44,5.0,web,yes,0
100414,44,15629.0,North,2024-03-27,2026-06-28,3,184.9,55.79,4.0,partner,yes,0
100942,37,15000.0,South,2025-03-14,2026-04-05,10,899.46,90.13,3.0,mobile,yes,0
100802,24,36324.0,Budapest,2025-01-06,2026-03-29,4,296.53,85.13,4.0,mobile,yes,0
102535,34,20105.0,North,2025-04-08,2026-06-27,4,103.03,29.05,3.0,store,yes,0
103981,24,36505.0,Budapest,2023-04-26,2026-05-16,5,367.2,66.57,5.0,web,yes,0
100257,58,35524.0,South,2025-08-10,2026-04-18,7,696.53,108.89,3.0,mobile,yes,0
105921,26,26745.0,West,2023-01-10,2026-06-23,12,592.89,46.43,4.0,store,no,0
102236,42,39713.0,South,2025-11-04,2026-03-22,7,534.83,84.63,,web,yes,0
100648,55,22589.0,West,2024-02-02,2026-06-27,3,138.59,45.87,4.0,web,yes,0
101768,38,41814.0,Budapest,2025-08-07,2026-04-16,4,334.93,90.48,3.0,web,yes,1
104129,29,15000.0,South,2024-09-09,2026-06-16,7,378.27,59.14,3.0,web,no,0
102524,51,44401.0,East,2023-07-01,2026-05-18,7,257.81,40.95,4.0,web,no,0
103899,26,43309.0,Budapest,2025-07-20,2026-02-19,10,272.38,27.53,4.0,mobile,no,0
102969,19,46387.0,East,2025-08-05,2026-05-08,6,524.6,70.65,4.0,partner,yes,0
100025,30,19231.0,South,2025-04-02,2026-05-03,6,211.25,32.45,3.0,store,yes,0
101089,36,25258.0,West,2023-12-28,2026-04-13,4,252.75,60.36,3.0,web,yes,1
105120,33,34332.0,West,2023-11-28,2026-04-15,5,290.63,60.29,4.0,mobile,yes,0
103129,42,24786.0,East,2023-11-15,2026-06-04,5,540.79,81.61,4.0,web,yes,0
100113,33,24598.0,Budapest,2023-08-10,2026-06-28,4,379.93,103.33,4.0,web,yes,0
102312,38,21499.0,Budapest,2025-06-12,2026-06-23,2,188.06,105.24,5.0,web,yes,0
102803,33,23089.0,Budapest ,2023-07-22,2026-04-06,7,412.06,61.17,5.0,web,no,0
100057,31,38441.0,West,2024-09-08,2026-05-21,8,488.57,56.51,4.0,web,no,0
101310,54,73339.0,North,2023-10-21,2026-02-27,6,912.6,152.1,3.0,web,yes,1
100696,64,34477.0,East,2023-06-20,2026-06-20,9,459.2,47.15,2.0,web,yes,0
105810,54,,South,2024-01-17,2026-05-19,1,111.3,106.52,5.0,store,yes,0
101228,21,20476.0,West,2025-02-09,2026-04-26,5,193.06,33.3,3.0,web,yes,1
102000,24,25416.0,East,2024-08-19,2026-02-02,3,137.67,53.15,5.0,partner,yes,0
100277,34,19314.0,Budapest,2023-01-13,2026-03-07,4,333.9,83.3,2.0,web,yes,1
102695,46,15000.0,South,2023-11-23,2026-04-26,5,598.42,131.14,4.0,store,yes,0
102943,56,43112.0,South,2025-06-28,2026-05-01,6,263.85,45.02,3.0,web,no,0
101834,38,20551.0,Budapest,2024-07-06,2026-06-03,4,242.78,69.67,3.0,mobile,yes,0
100683,48,64070.0,Budapest,2025-08-02,2026-05-17,7,793.87,110.62,3.0,mobile,yes,0
104943,46,26725.0,East,2025-10-07,2026-06-10,4,285.03,62.69,4.0,mobile,no,1
104358,53,26434.0,Budapest,2024-05-20,2026-04-21,4,446.94,127.37,4.0,mobile,yes,1
102900,42,42852.0,West,2023-03-10,2026-05-21,4,445.67,123.67,5.0,web,yes,0
101138,31,24366.0,West,2025-12-21,2026-06-28,5,152.53,41.16,3.0,web,no,0
103794,49,,Budapest,2024-03-01,2026-05-11,7,245.29,43.66,5.0,web,yes,0
105817,37,16623.0,Budapest,2023-01-12,2026-03-07,6,488.68,68.25,4.0,mobile,no,1
103046,40,,North,2024-08-16,2026-04-22,8,737.87,91.91,3.0,web,no,0
104360,18,24908.0,South,2023-03-30,2026-06-22,11,1136.19,97.13,2.0,store,yes,0
105019,55,42318.0,East,2025-07-22,2026-06-25,4,396.99,89.01,,web,yes,1
101347,37,31212.0,West,2023-11-23,2026-05-04,4,157.07,35.28,3.0,web,yes,0
103405,36,29199.0,South,2024-09-26,2026-03-13,4,264.62,68.49,2.0,store,yes,0
102982,39,25253.0,Budapest,2023-07-26,2026-04-14,5,174.97,43.42,4.0,mobile,yes,0
102835,41,33771.0,East,2025-11-02,2026-04-02,4,113.62,30.37,5.0,web,no,0
102385,53,15000.0,Budapest,2025-03-10,2026-03-26,9,583.35,73.3,3.0,web,no,1
103968,43,35497.0,Budapest,2025-02-07,2026-06-28,4,378.83,119.25,2.0,mobile,yes,0
105749,18,41217.0,North,2023-08-21,2026-06-19,3,199.68,57.91,5.0,web,yes,0
105808,40,31485.0,South,2024-02-14,2026-06-03,6,197.28,35.4,3.0,mobile,yes,0
103808,26,24551.0,East,2024-07-11,2026-05-07,9,1334.17,134.07,5.0,web,yes,0
102643,30,23563.0,East,2025-08-13,2026-06-05,4,168.2,43.81,3.0,web,yes,0
103413,41,26658.0,West,2024-02-10,2026-04-21,5,324.68,76.15,,web,yes,0
102603,38,40693.0,West,2024-05-27,2026-06-06,2,287.21,125.4,3.0,web,yes,0
105978,34,29840.0,West,2024-06-03,2026-06-13,4,236.18,64.01,4.0,mobile,yes,0
105014,40,26667.0,South,2025-04-27,2026-06-21,8,1133.92,120.07,3.0,web,no,0
104952,46,67364.0,South,2025-05-23,2026-06-28,3,256.03,87.35,4.0,partner,yes,0
100082,44,38738.0,West,2023-03-18,2026-06-23,8,418.63,51.76,5.0,web,yes,0
101973,18,46729.0,South,2023-05-28,2026-05-02,7,154.27,26.78,3.0,mobile,no,0
101715,31,32454.0,Budapest,2023-09-10,2026-05-26,4,164.97,53.31,3.0,web,yes,0
105272,47,44721.0,South,2024-12-08,2026-06-28,8,755.54,106.99,3.0,web,yes,0
105861,18,24369.0,East,2024-04-29,2026-05-18,3,281.71,96.2,3.0,partner,no,0
103662,44,54757.0,North,2023-09-11,2026-05-23,3,246.46,94.9,5.0,store,yes,0
101947,29,24767.0,Budapest,2024-10-16,2026-03-17,7,434.93,63.79,5.0,partner,yes,0
103911,34,21036.0,West,2024-01-30,2026-06-11,5,296.64,64.37,3.0,web,no,0
104771,26,41240.0,East,2024-01-27,2026-04-29,4,320.57,115.11,4.0,web,no,0
105829,46,18637.0,East,2024-10-16,2026-05-21,3,280.21,88.7,4.0,web,yes,0
101611,53,32799.0,Budapest,2023-03-21,2026-02-20,8,346.83,45.9,4.0,store,yes,1
105260,36,46887.0,Budapest,2024-05-27,2026-05-30,7,358.13,50.01,3.0,web,yes,0
105408,40,18331.0,Budapest,2023-01-19,2026-06-03,3,145.14,59.75,5.0,web,no,0
103443,47,23233.0,Budapest,2023-02-01,2026-06-01,4,130.95,33.99,4.0,store,no,0
105898,39,25940.0,South,2025-06-09,2026-02-05,4,201.31,41.72,2.0,web,yes,1
104651,58,55140.0,South,2025-03-15,2026-04-25,8,211.78,29.17,4.0,store,yes,0
100666,41,19565.0,East,2025-01-26,2026-06-14,7,571.36,99.97,4.0,store,no,0
102195,48,44132.0,East,2024-12-29,2026-04-20,6,236.7,39.7,4.0,,no,0
103771,38,30558.0,North,2023-01-13,2026-06-28,5,408.37,83.19,4.0,web,yes,0
105126,44,26247.0,Budapest,2025-12-29,2026-04-13,3,123.17,39.71,4.0,web,no,0
101018,37,19200.0,South,2025-07-25,2026-06-09,3,500.09,150.24,3.0,web,no,1
100558,42,17187.0,West,2024-08-05,2026-05-10,5,516.63,94.5,2.0,web,yes,0
103830,20,45886.0,East,2025-12-31,2026-03-02,9,518.46,63.53,3.0,mobile,yes,0
105712,47,34727.0,East,2024-11-01,2026-05-07,6,246.18,43.4,4.0,web,no,0
101208,26,27225.0,West,2023-06-22,2026-05-22,5,1045.47,209.38,3.0,web,no,0
102903,37,25709.0,Budapest,2024-09-03,2026-06-18,14,725.65,57.36,4.0,store,yes,0
103793,31,35276.0,Budapest,2024-05-27,2026-06-28,7,357.46,49.82,5.0,WEB,no,0
101511,24,29503.0,Budapest,2023-04-09,2026-04-20,6,219.64,32.83,4.0,mobile,no,0
105880,28,71381.0,Budapest,2023-08-20,2026-03-31,2,320.41,166.22,2.0,mobile,yes,1
103728,47,45245.0,Budapest,2024-04-27,2026-04-23,9,567.0,63.31,3.0,web,no,0
104103,34,43148.0,East,2024-02-20,2026-06-28,3,242.16,78.47,4.0,partner,yes,0
104105,48,38013.0,North,2024-06-11,2026-05-24,3,207.06,82.01,3.0,mobile,no,0
100267,35,26240.0,Budapest,2023-04-04,2026-04-20,5,319.68,64.04,4.0,web,yes,0
102722,25,75879.0,South,2023-07-05,2026-05-24,8,1228.33,146.85,5.0,mobile,yes,0
103387,40,51821.0,East,2024-08-28,2026-03-15,6,412.49,68.41,5.0,store,yes,0
102112,18,59953.0,East,2023-09-24,2026-05-13,8,594.59,63.0,3.0,web,yes,0
102978,37,38128.0,East,2024-07-26,2024-04-29,4,165.72,38.49,2.0,partner,yes,1
101910,62,27448.0,North,2025-10-01,2026-04-03,3,212.51,62.09,2.0,web,yes,0
103269,18,59709.0,North,2024-05-16,2026-05-17,6,332.11,56.36,4.0,partner,yes,0
103947,47,26847.0,Budapest,2023-10-10,2026-05-25,2,279.42,127.5,4.0,store,yes,0
103995,31,24473.0,Budapest,2025-05-02,2026-06-28,10,561.1,51.95,3.0,web,yes,0
104260,21,34701.0,Budapest,2023-11-15,2026-03-16,3,298.98,94.69,3.0,partner,yes,0
104484,67,33192.0,Budapest,2023-03-15,2026-04-22,4,223.13,61.26,3.0,mobile,yes,1
104462,67,15000.0,West,2025-10-06,2026-03-10,7,370.35,45.92,5.0,mobile,yes,0
103255,27,17728.0,Budapest,2024-09-21,2026-06-12,8,334.11,40.55,,store,yes,0
101785,44,40243.0,Budapest,2023-07-31,2026-04-28,3,199.33,60.78,4.0,web,yes,0
101238,33,34658.0,West,2023-10-29,2026-03-16,4,379.84,125.55,3.0,mobile,yes,0
105649,27,35435.0,West,2023-09-22,2026-06-28,7,147.85,23.49,3.0,web,yes,0
103039,40,31423.0,Budapest,2025-11-27,2026-06-10,3,273.16,89.46,3.0,web,yes,0
104371,58,,Budapest,2024-08-21,2026-04-06,7,499.45,68.99,4.0,web,yes,0
104891,43,31697.0,Budapest,2025-08-04,2026-04-12,7,535.92,109.17,4.0,web,no,0
105956,50,23601.0,East,2024-09-12,2026-04-05,3,200.27,60.05,4.0,mobile,no,1
102187,47,45879.0,South,2024-01-15,2026-04-14,6,601.17,85.59,4.0,web,no,0
105360,47,29651.0,South,2024-11-28,2026-05-13,6,1053.19,180.01,5.0,web,no,0
100909,56,15002.0,Budapest,2025-02-19,2026-04-26,6,438.92,65.41,3.0,partner,no,1
105915,36,50746.0,Budapest,2025-04-09,2026-04-02,4,274.64,69.58,4.0,partner,yes,0
101304,55,29639.0,Budapest,2025-04-13,2026-03-02,6,236.95,44.44,4.0,mobile,no,0
105632,53,31024.0,Budapest,2024-05-09,2026-02-22,6,93.68,20.77,3.0,mobile,yes,1
101628,44,64649.0,Budapest,2023-10-19,2026-03-15,5,292.47,55.76,4.0,partner,yes,0
101523,44,27447.0,North,2024-08-30,2026-06-28,8,440.24,51.08,5.0,mobile,yes,0
100836,21,22861.0,East,2023-01-03,2026-06-06,4,269.79,60.66,4.0,web,no,0
100359,26,22048.0,West,2024-08-22,2026-05-30,7,131.07,23.54,4.0,mobile,yes,0
100139,53,25857.0,South,2025-11-09,2026-05-07,8,339.7,48.18,3.0,web,yes,1
100300,30,34924.0,East,2024-08-16,2026-04-04,8,402.08,58.06,4.0,partner,yes,0
101557,46,31907.0,North,2023-10-30,2026-04-05,4,147.62,43.36,3.0,web,yes,0
101004,25,18919.0,Budapest,2023-03-30,2026-04-01,7,388.01,73.9,3.0,mobile,yes,1
100383,40,36145.0,South,2023-11-14,2026-06-28,5,366.86,60.7,3.0,mobile,yes,0
102827,42,45842.0,West,2025-10-03,2026-05-27,3,318.74,94.86,4.0,store,no,0
100762,57,35737.0,Budapest,2025-05-08,2026-05-21,8,602.86,62.53,2.0,mobile,no,0
103649,35,51859.0,Budapest,2023-05-11,2026-05-22,4,144.38,35.46,3.0,web,yes,0
102989,18,22287.0,Budapest,2023-10-06,2026-02-26,5,355.42,74.02,4.0,web,no,0
104590,27,34835.0,North,2024-04-11,2026-06-10,6,545.69,83.35,5.0,mobile,yes,0
104873,44,33213.0,East,2025-06-13,2026-06-28,4,166.15,40.81,3.0,store,yes,0
104140,47,25837.0,South,2025-03-26,2026-05-18,8,389.01,52.14,2.0,web,no,0
101403,48,33345.0,North,2024-05-20,2026-05-16,7,854.28,123.17,3.0,web,no,0
104403,56,51669.0,Budapest,2024-11-18,2026-05-10,6,207.71,38.34,4.0,mobile,no,0
105823,49,31781.0,South,2024-06-16,2026-06-01,3,197.14,66.08,3.0,store,yes,0
101933,38,32512.0,South,2025-08-22,2026-05-18,5,604.54,104.25,3.0,web,yes,0
103248,56,16531.0,South,2025-12-23,2026-03-09,6,396.98,61.99,4.0,web,no,1
104696,70,46546.0,East,2025-08-29,2026-05-27,9,585.3,52.15,1.0,web,no,0
104829,35,21572.0,South,2025-12-20,2026-05-20,2,295.39,139.78,3.0,mobile,yes,0
105878,18,53034.0,Budapest,2025-05-04,2026-06-05,8,467.38,56.78,5.0,web,yes,0
102861,70,30709.0,West,2024-06-08,2026-05-13,6,604.71,93.98,3.0,web,no,0
105519,51,32821.0,Budapest,2023-03-07,2026-05-26,4,268.7,79.32,4.0,web,yes,0
102789,52,25174.0,North,2023-04-19,2026-06-28,8,512.69,75.05,3.0,web,yes,1
100059,42,34898.0,Budapest,2025-12-03,2026-04-14,3,184.31,82.37,3.0,store,no,0
100077,41,45435.0,Budapest,2025-02-13,2026-05-07,6,313.76,50.96,4.0,mobile,yes,0
100797,50,21105.0,Budapest,2025-09-09,2026-05-14,5,307.19,57.1,3.0,store,yes,0
102417,45,21250.0,Budapest,2023-01-21,2026-05-04,6,799.11,120.27,4.0,partner,yes,0
105347,29,62651.0,South,2023-12-14,2026-05-06,5,356.56,71.74,3.0,store,yes,0
104411,43,,West,2023-08-03,2026-05-04,3,285.63,90.53,4.0,mobile,yes,0
100786,34,37403.0,West,2025-04-17,2026-05-09,7,428.75,65.83,4.0,mobile,no,0
105808,40,31485.0,South,2024-02-14,2026-06-03,6,197.28,35.4,3.0,mobile,yes,0
103018,42,32615.0,Budapest,2023-10-25,2026-06-22,8,463.98,58.1,3.0,web,no,0
102218,39,60098.0,North,2025-05-27,2026-04-16,4,234.26,55.62,4.0,mobile,yes,0
105541,59,40538.0,North,2025-02-13,2026-06-10,6,383.99,62.97,4.0,store,yes,0
104016,33,86686.0,East,2025-12-08,2026-03-17,5,518.26,98.96,4.0,web,yes,0
103544,30,37379.0,Budapest,2024-03-09,2026-06-12,7,299.46,35.63,4.0,mobile,yes,0
102779,18,33021.0,Budapest,2024-01-12,2026-05-26,8,348.27,45.78,4.0,store,yes,0
104369,51,40050.0,Budapest,2023-06-23,2026-04-05,4,367.1,98.23,4.0,mobile,no,0
104654,18,41685.0,Budapest,2023-12-11,2026-04-06,4,202.43,51.11,3.0,web,yes,0
100911,22,31384.0,South,2025-10-21,2026-04-22,7,367.96,58.81,3.0,store,yes,1
102173,18,32044.0,West,2024-05-05,2026-04-09,4,373.59,81.36,2.0,mobile,yes,0
103558,50,53636.0,North,2023-06-26,2026-05-02,7,455.07,62.34,5.0,mobile,yes,0
102310,38,16181.0,North,2025-09-23,2026-06-20,4,376.02,89.34,5.0,partner,no,0
105650,27,29305.0,Budapest,2024-06-10,2026-06-28,9,549.41,58.04,3.0,store,yes,0
101258,39,31647.0,South,2023-11-05,2026-04-05,10,975.49,87.92,4.0,partner,yes,0
102496,35,70538.0,East,2023-09-08,2026-06-28,4,177.14,38.4,5.0,mobile,yes,0
105284,42,15000.0,West,2025-02-28,2026-05-12,5,371.46,94.06,5.0,web,no,0
103612,34,23519.0,Budapest,2023-01-25,2026-04-15,4,110.83,28.92,4.0,mobile,yes,0
101179,42,37964.0,Budapest,2025-05-23,2026-03-31,5,259.67,78.48,4.0,partner,yes,1
104538,35,20272.0,South,2024-11-22,2026-05-22,4,452.39,110.32,2.0,store,yes,0
104924,58,80679.0,South,2024-10-30,2026-06-04,6,382.03,58.43,3.0,web,yes,0
100443,18,40344.0,South,2024-01-07,2026-04-15,6,351.22,58.92,4.0,store,no,0
101400,34,19529.0,West,2024-08-14,2026-04-08,2,153.79,62.49,5.0,store,yes,0
104199,50,42910.0,Budapest,2024-07-18,2026-06-28,4,211.46,52.38,4.0,mobile,yes,0
103335,43,20884.0,West,2024-07-28,2026-06-28,9,486.16,50.56,5.0,mobile,no,0
105752,64,42345.0,West,2025-02-04,2026-06-13,7,460.62,75.83,3.0,web,no,1
101055,65,37513.0,Budapest,2024-04-28,2026-05-02,6,263.68,46.81,4.0,web,yes,0
102772,39,74351.0,South,2024-04-17,2026-04-18,4,322.42,71.95,4.0,partner,no,0
105172,29,33509.0,East,2023-12-03,2026-05-07,3,78.91,29.8,5.0,store,no,0
104863,33,59503.0,Budapest,2025-02-25,2026-06-10,10,947.77,101.79,4.0,,no,0
101416,38,27861.0,South,2023-06-20,2026-06-28,6,656.25,108.65,4.0,store,yes,0
102373,47,20379.0,Budapest,2024-12-05,2026-06-28,8,1081.1,132.31,3.0,web,no,0
104261,27,30139.0,North,2024-01-07,2026-04-18,10,359.89,33.34,6.0,store,no,1
103007,29,36221.0,East,2025-10-09,2026-06-28,9,677.75,64.6,4.0,web,no,0
102816,33,57017.0,East,2024-10-26,2026-06-02,3,241.43,78.84,3.0,web,yes,0
105654,20,28637.0,West,2025-07-18,2026-04-21,8,629.21,77.83,5.0,mobile,yes,0
104772,53,32724.0,West,2024-12-03,2026-03-28,6,330.04,57.19,3.0,web,yes,0
101503,48,40900.0,West,2023-07-12,2026-04-10,4,251.79,67.57,3.0,web,no,0
103769,43,22256.0,East,2024-07-27,2026-05-16,11,1008.98,117.04,3.0,mobile,yes,0
103887,70,30998.0,North,2024-07-22,2026-06-16,4,381.79,76.76,5.0,store,yes,0
102012,44,41993.0,Budapest,2024-09-24,2026-05-08,8,517.94,64.89,2.0,store,yes,0
105177,33,31892.0,Budapest,2023-12-08,2026-03-25,5,236.12,49.21,4.0,mobile,no,1
104488,20,32410.0,Budapest,2023-09-17,2026-05-28,5,239.67,57.91,4.0,web,no,0
102893,44,66790.0,East,2023-02-19,2026-04-12,4,441.44,111.47,5.0,store,yes,1
104862,28,56908.0,North,2024-01-07,2026-05-31,9,968.33,95.24,4.0,store,yes,0
105718,33,30036.0,North,2023-09-23,2026-06-28,4,347.88,84.56,3.0,store,yes,0
104057,36,41657.0,Budapest,2024-07-21,2026-05-13,5,418.55,81.45,3.0,web,no,0
100007,45,15000.0,South,2023-10-30,2026-02-18,5,307.62,63.12,3.0,mobile,yes,1
102488,39,31691.0,South,2023-06-22,2026-06-07,4,214.09,54.18,4.0,web,yes,0
100679,42,19321.0,Budapest,2023-04-22,2026-06-11,7,733.96,92.64,5.0,web,yes,0
101944,30,,Budapest,2024-03-08,2026-05-29,7,995.54,136.94,3.0,mobile,yes,0
103758,53,48268.0,Budapest,2025-05-05,2026-05-07,6,162.64,31.57,3.0,mobile,yes,1
105551,31,33221.0,Budapest,2025-12-31,2026-05-02,7,345.44,51.44,2.0,web,no,0
103366,38,30244.0,Budapest,2023-01-31,2026-06-10,3,258.63,79.63,4.0,web,no,0
105095,29,,North,2024-07-21,2026-06-28,6,132.06,29.79,0.0,web,yes,0
102608,39,28455.0,Budapest,2025-09-03,2026-04-12,5,472.72,100.84,2.0,store,no,0
104919,18,,North,2023-12-15,2026-06-27,4,276.37,85.11,3.0,store,yes,0
105547,22,46501.0,North,2023-01-01,2026-06-05,8,284.19,50.7,3.0,mobile,no,0
101065,48,24987.0,Budapest,2023-08-28,2026-04-25,4,707.38,192.14,3.0,web,yes,0
103774,47,20373.0,South,2025-12-22,2026-06-11,8,406.65,44.34,3.0,mobile,yes,0
102243,45,38087.0,West,2024-05-19,2026-06-28,4,261.49,72.86,3.0,partner,yes,0
101475,50,16426.0,West,2023-06-09,2026-05-03,7,211.89,31.13,4.0,web,no,0
104473,27,48105.0,East,2024-08-16,2026-04-25,6,454.46,78.67,4.0,store,yes,0
101890,18,47194.0,West,2024-07-17,2026-04-19,4,360.86,86.23,3.0,mobile,yes,1
103685,18,65118.0,Budapest,2023-02-21,2026-04-14,7,270.56,43.17,5.0,WEB,yes,0
102022,44,40258.0,Budapest,2024-05-11,2026-05-29,8,369.22,51.11,2.0,web,yes,0
105856,44,35043.0,South,2025-06-06,2026-06-10,5,142.73,27.65,5.0,web,yes,0
104294,49,35794.0,East,2024-02-05,2026-06-14,6,457.44,69.57,3.0,web,yes,0
102659,46,37815.0,Budapest,2025-05-26,2024-12-02,7,357.18,63.16,5.0,mobile,yes,0
102468,40,47420.0,East,2024-12-16,2026-06-11,7,504.67,70.3,3.0,mobile,yes,0
102785,35,58717.0,Budapest,2024-08-01,2026-04-29,4,223.05,49.41,4.0,store,no,1
101131,46,20145.0,North,2024-08-04,2026-03-16,4,139.44,36.52,4.0,mobile,yes,0
101462,41,27541.0,East,2025-10-21,2026-05-08,7,295.41,39.16,3.0,mobile,no,0
103826,52,47295.0,East,2025-08-15,2026-06-28,7,413.28,62.36,4.0,web,yes,0
105461,77,50524.0,East,2024-01-25,2026-05-27,9,-276.8457331404309,68.29,3.0,mobile,yes,1
103347,32,36595.0,South,2023-06-25,2026-05-23,8,213.29,26.08,3.0,web,no,0
103689,28,,East,2024-07-10,2026-05-11,8,1109.03,122.33,3.0,web,yes,0
100223,40,42100.0,East,2023-08-08,2026-03-24,10,1025.9,100.32,3.0,mobile,no,0
105744,42,72959.0,North,2025-10-22,2026-06-02,5,310.97,67.04,5.0,web,yes,0
100049,39,57686.0,East,2024-12-31,2026-02-17,6,551.41,90.9,3.0,web,yes,0
100574,34,28283.0,South,2024-08-23,2024-07-13,4,351.7,79.93,4.0,mobile,yes,0
101237,34,32966.0,Budapest,2024-02-22,2026-06-09,6,440.32,68.69,4.0,web,no,0
104587,42,32424.0,West,2023-10-30,2026-06-28,2,188.8,114.87,4.0,mobile,yes,0
105850,55,15392.0,South,2023-04-26,2026-05-24,8,1283.55,166.67,5.0,,yes,0
105420,22,,West,2025-01-25,2026-03-20,3,430.52,115.39,3.0,partner,yes,0
102283,41,,Budapest,2025-06-21,2026-03-30,5,147.91,32.09,5.0,web,no,0
104054,62,15000.0,West,2024-07-25,2026-06-03,3,105.22,37.85,3.0,web,yes,0
100268,62,42585.0,Budapest,2025-05-27,2026-05-17,8,923.9,129.95,4.0,store,no,0
101105,46,30292.0,Budapest,2025-12-01,2026-03-06,5,402.52,81.59,3.0,web,yes,1
102306,33,36413.0,Budapest,2024-03-11,2026-05-21,5,597.2,123.42,3.0,web,yes,0
104744,35,17109.0,Budapest,2024-01-11,2026-04-22,8,1114.16,166.85,5.0,store,no,0
101936,52,15000.0,Budapest,2023-08-09,2026-03-20,6,182.57,27.64,5.0,web,yes,0
100387,40,58763.0,East,2025-03-19,2026-06-28,8,554.41,65.74,4.0,web,no,0
101702,54,19894.0,North,2025-02-17,2026-06-13,10,423.68,49.18,4.0,mobile,no,0
101629,55,15189.0,Budapest,2025-08-16,2026-06-02,5,236.74,49.34,3.0,web,yes,0
103238,38,58771.0,Budapest,2023-01-10,2026-06-28,5,338.75,63.96,4.0,mobile,yes,0
102715,7,86626.0,South,2023-11-05,2026-03-30,6,278.3,47.92,4.0,web,yes,0
104565,37,40630.0,Budapest,2025-02-04,2026-06-14,6,403.01,76.91,4.0,mobile,yes,0
105273,48,40810.0,South,2025-10-30,2026-05-25,6,575.48,98.11,5.0,partner,yes,0
101564,29,33753.0,North,2025-03-16,2026-04-26,9,345.89,55.3,4.0,mobile,yes,0
103618,48,23938.0,Budapest,2024-10-29,2026-05-09,4,239.33,51.87,4.0,web,yes,0
100210,37,20652.0,West,2024-10-29,2026-03-07,5,137.91,32.31,4.0,store,yes,0
100910,22,31495.0,Budapest,2024-08-01,2026-05-19,6,358.12,70.89,5.0,web,yes,0
101290,36,30173.0,East,2024-03-31,2026-06-28,6,305.52,47.7,5.0,web,yes,0
104553,46,19141.0,Budapest,2025-07-20,2026-02-04,5,425.19,85.95,4.0,partner,no,0
103897,112,46609.0,Budapest,2025-08-26,2026-06-28,4,323.61,71.73,2.0,mobile,no,0
101843,43,60278.0,Budapest,2023-05-14,2026-05-31,4,210.2,47.01,4.0,web,yes,0
102498,18,30962.0,Budapest,2025-08-22,2026-06-08,4,172.41,57.03,3.0,partner,no,0
105634,64,47408.0,Budapest,2025-04-11,2026-05-05,5,801.83,144.17,4.0,web,yes,0
103679,34,28254.0,Budapest,2023-05-23,2026-05-10,5,155.47,34.77,4.0,web,yes,0
100959,47,54388.0,West,2024-01-30,2026-03-31,5,220.97,41.22,5.0,web,yes,0
101794,40,26501.0,East,2023-10-24,2026-04-13,11,814.44,81.8,3.0,web,yes,0
102089,30,20249.0,East,2024-03-14,2026-04-02,4,301.55,72.81,3.0,mobile,yes,1
102703,18,44084.0,West,2025-08-26,2026-05-17,4,336.31,75.36,3.0,web,no,0
100332,38,32554.0,Budapest,2023-03-30,2026-04-19,7,322.06,42.16,4.0,partner,no,1
103373,39,67517.0,South,2025-12-18,2026-05-22,7,265.06,42.01,4.0,mobile,yes,0
104792,63,20494.0,Budapest,2023-08-29,2026-04-24,7,535.46,64.16,5.0,store,yes,0
103923,25,49858.0,West,2024-10-13,2026-05-17,5,204.4,44.52,3.0,mobile,yes,0
102460,52,26876.0,East,2025-03-16,2026-03-25,8,678.6,77.89,2.0,mobile,yes,0
101775,38,62618.0,East,2024-04-12,2026-06-05,5,213.8,41.87,4.0,mobile,yes,0
105086,26,28205.0,West,2024-10-20,2026-06-23,7,512.02,63.76,3.0,partner,no,0
103403,60,39510.0,East,2023-10-17,2026-03-24,7,379.74,51.53,3.0,mobile,yes,0
103754,62,23180.0,South,2023-07-08,2026-05-24,5,230.83,48.65,5.0,web,yes,0
105991,52,,Budapest,2023-02-12,2026-05-21,3,160.59,50.28,5.0,partner,yes,0
105379,26,32261.0,Budapest,2023-06-27,2026-05-27,6,598.36,96.08,3.0,mobile,yes,0
104076,42,34192.0,West,2023-12-01,2026-03-17,9,489.94,52.75,4.0,store,yes,0
103807,39,31930.0,East,2024-08-18,2026-06-28,7,478.87,73.99,3.0,mobile,yes,0
102843,28,29151.0,West,2025-05-26,2026-04-27,4,266.99,80.37,3.0,web,no,1
101711,33,24661.0,South,2023-10-18,2026-06-09,7,392.16,59.42,5.0,mobile,no,0
104605,46,33935.0,East,2024-01-04,2026-05-07,5,401.07,75.53,3.0,mobile,yes,0
102479,32,41755.0,West,2024-02-25,2026-05-10,12,1374.49,100.41,4.0,web,no,0
101367,25,27273.0,Budapest,2025-11-20,2026-04-14,7,419.59,53.18,5.0,web,yes,0
100174,23,51555.0,North,2024-11-19,2026-06-17,4,121.76,40.1,3.0,mobile,yes,0
104086,38,60545.0,North,2025-03-03,2026-04-12,7,364.98,49.32,2.0,store,yes,0
104443,26,33112.0,South,2024-08-10,2026-04-10,5,409.25,74.02,4.0,partner,yes,0
102930,37,44908.0,East,2025-01-12,2026-05-23,9,556.09,54.54,2.0,web,no,0
105254,48,25766.0,South,2025-04-14,2026-05-11,10,355.61,36.72,3.0,web,yes,0
103456,50,24140.0,South,2025-01-04,2026-05-18,8,360.22,53.58,3.0,web,yes,0
101953,41,52852.0,South,2025-08-12,2026-06-13,4,146.86,31.84,3.0,store,yes,0
103241,45,,North,2023-12-29,2026-05-14,4,184.79,45.57,3.0,web,no,0
105051,31,16534.0,Budapest,2024-08-05,2026-03-31,8,328.7,47.11,5.0,web,yes,0
102037,30,28285.0,North,2024-11-29,2026-05-18,6,295.81,40.59,4.0,mobile,yes,0
103922,57,23448.0,South,2025-10-16,2026-06-07,10,730.73,67.98,5.0,mobile,yes,0
104424,39,70909.0,Budapest,2024-07-23,2026-05-31,7,335.29,45.21,3.0,web,yes,0
100019,38,46500.0,South,2023-03-27,2026-04-05,7,319.51,50.22,3.0,store,yes,0
100001,58,82839.0,South,2025-10-06,2026-05-22,5,503.84,84.6,5.0,mobile,yes,0
102175,47,24033.0,West,2023-03-13,2026-04-24,6,318.29,54.47,4.0,web,yes,0
101357,38,75458.0,East,2025-06-22,2026-05-16,7,883.91,127.03,,store,yes,0
105902,42,25772.0,Budapest,2025-04-11,2026-06-28,4,486.08,105.09,3.0,mobile,yes,0
103218,36,41379.0,Budapest,2024-03-09,2026-06-12,13,1010.21,82.84,3.0,partner,no,0
103196,41,53289.0,West,2025-06-22,2026-06-28,5,314.11,70.7,3.0,web,yes,0
100397,27,27365.0,South,2024-09-11,2026-05-11,6,238.64,36.37,2.0,store,no,0
105724,54,15000.0,North,2025-01-24,2026-04-06,6,452.12,65.98,3.0,web,yes,0
103380,43,16442.0,North,2023-12-12,2026-04-27,9,1194.84,120.66,4.0,web,no,0
101813,39,29311.0,South,2023-10-22,2026-04-07,4,426.17,106.57,4.0,,yes,0
103653,21,95045.0,Budapest,2023-05-20,2026-04-03,5,122.91,28.03,3.0,web,no,0
104373,78,28355.0,West,2023-10-04,2026-05-10,7,312.82,41.11,4.0,web,no,0
100817,52,23670.0,North,2025-11-11,2026-05-18,6,566.35,117.12,4.0,mobile,yes,0
101573,24,18637.0,East,2024-06-21,2026-05-26,7,770.36,118.55,3.0,web,no,0
104174,38,15000.0,Budapest,2023-01-09,2026-05-28,3,230.34,72.81,4.0,web,no,0
101801,38,21179.0,East,2023-01-30,2026-06-12,6,405.26,71.02,2.0,web,yes,0
102281,50,31207.0,West,2023-12-02,2026-03-27,7,360.49,47.35,4.0,mobile,yes,0
103786,26,33807.0,North,2025-08-29,2026-03-03,9,626.43,54.49,5.0,mobile,yes,0
104770,52,30497.0,East,2023-02-23,2026-05-10,6,261.46,40.43,3.0,store,no,0
104839,24,,Budapest,2024-06-23,2026-06-05,14,1408.8,89.12,4.0,web,yes,0
104560,42,34320.0,East,2024-04-14,2026-05-05,5,299.7,54.2,3.0,store,no,1
103322,41,83288.0,West,2024-10-30,2026-04-18,5,216.83,45.98,3.0,web,no,0
105199,39,28687.0,South,2024-10-11,2026-03-29,7,386.42,60.73,4.0,web,no,0
104512,53,28071.0,West,2025-11-07,2026-06-02,6,452.49,83.92,2.0,store,yes,0
103493,32,35109.0,South,2023-08-21,2026-04-26,3,470.28,152.29,3.0,store,no,0
105493,26,37142.0,Budapest,2025-04-05,2026-06-19,8,870.88,103.22,2.0,web,yes,0
104217,30,46389.0,East,2023-07-09,2026-06-28,3,607.11,159.15,4.0,mobile,yes,1
105299,32,18261.0,Budapest,2025-12-18,2026-04-04,5,203.4,54.47,4.0,store,yes,0
100555,60,27000.0,Budapest,2025-01-19,2026-05-16,6,342.26,59.71,5.0,web,no,0
101160,47,26491.0,South,2024-05-28,2026-05-09,9,575.32,62.15,4.0,web,no,0
101214,40,36733.0,West,2024-11-22,2026-04-13,3,136.09,36.03,3.0,mobile,no,0
103168,34,27235.0,Budapest,2024-12-01,2026-04-05,8,892.94,102.72,4.0,web,yes,0
101326,28,37752.0,South,2024-09-03,2026-05-21,8,231.93,27.28,5.0,web,yes,0
105326,45,70420.0,Budapest ,2025-05-16,2026-04-20,11,653.26,63.95,4.0,web,no,0
104828,50,74926.0,West,2025-04-25,2026-06-15,5,397.99,84.72,5.0,mobile,yes,0
100701,28,34759.0,Budapest,2025-03-08,2026-05-22,7,262.12,38.67,4.0,web,yes,0
102701,48,22487.0,East,2023-10-23,2026-03-09,8,630.99,75.38,2.0,web,yes,0
104317,46,22812.0,North,2024-04-09,2026-06-07,4,207.57,54.95,3.0,web,no,0
101848,40,25006.0,East,2023-08-13,2026-06-07,4,1135.66,273.4,4.0,web,no,0
105058,33,29882.0,East,2023-08-27,2026-05-18,8,818.59,98.34,5.0,web,no,0
103906,35,27536.0,East,2025-09-14,2026-03-30,5,277.86,55.82,5.0,store,no,0
101456,41,37994.0,Budapest,2024-12-28,2026-04-06,8,522.23,70.12,,mobile,yes,0
105045,41,27308.0,Budapest,2024-09-22,2026-05-28,5,290.87,57.92,5.0,mobile,no,0
105605,36,37887.0,East,2024-12-04,2026-05-14,5,469.54,84.7,3.0,web,yes,0
104467,33,41228.0,Budapest,2024-10-17,2026-06-28,3,112.59,46.59,3.0,web,yes,0
100867,73,48039.0,South,2023-05-17,2026-05-14,6,572.95,111.68,5.0,mobile,yes,0
104610,31,36699.0,North,2025-10-17,2026-03-31,5,370.57,78.66,4.0,store,yes,0
101645,29,37152.0,Budapest,2024-12-16,2026-04-24,3,359.33,108.43,5.0,mobile,yes,0
102141,43,17204.0,North,2023-01-10,2026-05-26,5,409.62,97.25,3.0,web,yes,1
104044,51,34934.0,North,2023-10-01,2026-06-08,5,96.89,17.77,4.0,mobile,yes,0
103485,48,15000.0,East,2024-07-08,2026-03-21,6,455.64,85.25,3.0,store,yes,0
101491,25,39345.0,Budapest,2025-06-10,2026-05-28,4,154.15,46.86,3.0,partner,yes,0
103124,44,24336.0,West,2023-03-16,2027-02-13,7,713.39,102.21,4.0,web,yes,0
100730,36,,West,2025-12-20,2026-06-13,4,470.42,115.95,3.0,mobile,no,0
103888,49,95853.0,South,2023-08-15,2026-05-10,6,265.29,42.05,4.0,store,no,0
103791,30,23249.0,Budapest,2023-11-13,2026-06-28,5,583.73,121.49,3.0,web,no,0
102621,53,15305.0,South,2025-04-03,2026-04-02,6,187.29,31.43,5.0,partner,yes,0
101937,50,38147.0,West,2024-01-25,2026-05-05,4,125.82,31.7,3.0,web,no,0
103182,36,62989.0,Budapest,2023-02-16,2026-06-22,5,561.36,114.79,3.0,web,yes,0
101111,35,42903.0,Budapest,2025-10-16,2026-06-19,9,480.27,60.4,3.0,partner,yes,0
104896,57,20577.0,West,2025-01-20,2026-04-17,7,283.16,38.89,2.0,partner,yes,0
105845,58,20291.0,West,2023-07-08,2026-04-23,5,645.86,139.97,3.0,mobile,yes,0
102395,31,21353.0,East,2024-05-31,2026-05-11,6,335.89,53.59,,web,no,0
101186,47,25843.0,South,2025-05-08,2026-04-01,8,589.02,65.43,3.0,web,no,1
102008,22,55958.0,Budapest,2024-06-13,2026-05-27,6,661.29,95.21,4.0,store,yes,0
100194,71,,South,2024-02-29,2026-04-11,6,299.4,59.59,3.0,mobile,yes,0
101516,61,19247.0,Budapest,2023-11-23,2026-03-18,5,183.71,35.26,4.0,mobile,no,1
100579,37,71063.0,South,2025-01-10,2026-04-10,3,111.57,37.31,3.0,partner,no,0
102124,63,43439.0,Budapest,2025-10-28,2026-04-26,5,192.05,37.12,5.0,web,no,0
101430,46,36662.0,West,2023-06-17,2026-04-29,5,369.13,83.35,4.0,partner,yes,0
100772,43,30182.0,East,2024-02-23,2026-06-17,3,72.62,27.53,3.0,mobile,yes,0
103619,39,25033.0,Budapest,2024-02-10,2026-03-17,3,248.08,77.7,1.0,mobile,yes,0
102396,39,48496.0,North,2025-07-03,2026-04-21,4,202.69,45.88,2.0,mobile,yes,0
105977,36,46521.0,South,2025-08-31,2026-06-16,4,122.63,36.12,2.0,web,yes,0
101847,35,23435.0,Budapest,2023-07-28,2026-03-20,2,284.08,128.76,3.0,mobile,no,1
100132,41,21534.0,North,2024-04-22,2026-05-29,4,292.52,62.71,4.0,mobile,yes,0
100179,56,44246.0,North,2025-02-15,2026-06-02,10,942.42,84.94,3.0,web,yes,0
105386,46,22975.0,South,2025-03-06,2026-06-20,6,795.22,125.51,4.0,web,yes,0
105478,35,29198.0,West,2024-01-18,2026-06-03,2,170.22,78.63,4.0,store,no,0
103607,32,,Budapest,2023-01-29,2026-05-08,3,171.22,70.89,4.0,mobile,yes,0
102581,37,30645.0,Budapest,2024-09-28,2026-02-27,6,559.7,100.98,4.0,mobile,yes,0
103665,37,21838.0,Budapest,2025-12-20,2026-04-17,5,231.26,47.4,4.0,web,yes,0
103394,28,27576.0,Budapest,2023-06-25,2026-06-28,5,279.14,58.67,3.0,web,yes,1
102653,31,41078.0,South,2023-04-27,2026-04-13,1,89.76,98.64,3.0,partner,yes,0
103755,35,33835.0,West,2025-11-18,2026-06-24,5,296.07,61.08,4.0,mobile,no,0
102074,30,37980.0,South,2025-10-17,2026-04-20,8,794.33,80.77,3.0,mobile,yes,0
100659,37,33368.0,East,2025-03-18,2027-02-25,13,1311.84,84.3,2.0,store,yes,0
101897,25,72976.0,East,2023-08-25,2026-05-05,3,194.15,60.75,5.0,mobile,no,0
104435,37,32629.0,East,2023-05-04,2026-05-11,7,491.59,83.36,3.0,web,yes,1
102607,28,51746.0,East,2023-04-10,2026-05-11,8,437.09,56.18,3.0,web,no,0
102222,34,98627.0,West,2024-03-31,2026-05-09,6,203.45,28.54,5.0,store,no,0
105710,44,31073.0,East,2025-07-25,2026-03-13,5,486.3,109.39,4.0,mobile,yes,0
102380,46,,East,2025-04-05,2026-05-24,10,519.47,48.07,3.0,mobile,yes,0
101448,49,29258.0,East,2025-12-02,2026-04-21,4,132.57,45.1,3.0,web,no,0
100343,45,43449.0,South,2025-04-22,2026-05-16,5,398.53,66.46,3.0,store,yes,0
105049,47,46267.0,Budapest,2023-03-30,2026-05-24,6,380.37,69.91,1.0,web,yes,1
102528,55,26578.0,North,2024-01-07,2026-04-10,2,148.1,76.71,4.0,mobile,yes,1
100728,33,18132.0,Budapest,2024-11-12,2026-05-09,3,258.8,78.65,4.0,web,no,1
104748,41,75520.0,East,2023-05-15,2026-06-28,4,213.1,67.02,3.0,store,yes,0
100977,39,58670.0,West,2025-08-09,2026-05-03,7,1123.9,138.29,,store,no,1
102918,29,45256.0,South,2024-10-01,2026-04-22,5,595.06,99.12,3.0,web,yes,0
104185,46,103437.0,North,2024-02-23,2026-04-23,4,181.0,47.05,3.0,web,yes,0
101929,38,26446.0,Budapest,2025-08-25,2026-05-19,10,522.78,75.33,5.0,web,yes,0
105121,36,31218.0,East,2024-07-14,2026-04-27,3,186.4,55.75,4.0,partner,yes,0
105794,45,,Budapest,2023-03-09,2026-06-28,10,453.71,43.42,3.0,web,no,1
101300,63,30785.0,West,2024-04-13,2026-06-28,6,180.89,30.17,4.0,mobile,yes,0
104197,7,18475.0,Budapest,2025-04-28,2026-05-31,5,546.38,114.92,5.0,web,no,0
105539,57,38980.0,West,2025-04-21,2026-03-29,7,503.11,67.43,3.0,store,no,0
100661,55,51691.0,Budapest,2024-12-18,2026-05-16,9,272.1,27.13,4.0,web,yes,0
101791,54,34435.0,South,2025-07-26,2026-06-04,5,237.68,46.7,3.0,store,no,0
103430,40,42652.0,South,2024-12-11,2026-05-07,6,304.91,60.3,2.0,store,yes,0
104164,50,20118.0,West,2023-04-29,2026-03-04,7,351.71,59.74,5.0,mobile,no,1
100494,54,52505.0,Budapest,2024-07-26,2026-05-24,8,445.74,80.71,3.0,web,no,0
103149,44,35723.0,South,2024-03-06,2026-04-14,6,929.58,136.55,5.0,web,yes,0
104236,67,30775.0,Budapest,2023-01-26,2026-06-18,5,233.64,46.56,4.0,web,no,0
105496,56,36541.0,Budapest,2024-05-24,2026-04-05,8,289.31,36.78,3.0,web,no,0
104815,48,23776.0,West,2025-06-22,2026-06-15,2,126.5,60.06,4.0,web,yes,0
105553,53,57251.0,West,2023-10-02,2026-02-26,7,386.87,59.06,4.0,mobile,yes,0
101086,35,23738.0,South,2023-04-01,2026-05-28,6,624.98,98.49,3.0,store,no,0
105694,51,37148.0,South,2023-08-18,2026-03-28,4,206.59,51.58,4.0,web,yes,0
100695,24,20168.0,North,2024-05-05,2026-04-28,5,197.21,42.34,3.0,mobile,yes,0
101279,44,,South,2023-01-17,2026-06-28,7,606.9,77.34,2.0,mobile,yes,0
104253,31,36775.0,Budapest,2025-06-26,2026-06-01,6,166.85,37.81,3.0,partner,no,0
101622,41,49475.0,West,2025-02-24,2026-05-06,6,373.2,74.16,4.0,store,yes,0
102562,35,24254.0,East,2023-12-07,2026-05-30,9,796.93,78.86,2.0,web,no,0
104212,51,29143.0,West,2023-12-18,2026-06-28,6,282.17,44.68,5.0,web,no,0
105444,48,44727.0,South,2023-09-05,2026-05-15,8,306.57,33.75,4.0,web,no,0
100068,49,31678.0,Budapest,2023-06-18,2026-06-12,10,1089.92,91.68,5.0,web,yes,0
103695,62,15783.0,South,2025-11-11,2026-05-02,3,224.43,64.59,4.0,mobile,yes,0
103048,52,16783.0,East,2023-09-03,2026-05-12,5,559.55,117.41,2.0,web,no,0
102270,38,24403.0,South,2023-05-08,2026-05-04,10,540.03,50.56,5.0,web,yes,0
104242,37,32239.0,South,2024-06-05,2026-06-28,6,375.66,65.28,5.0,web,no,1
104751,69,20487.0,Budapest,2024-08-07,2026-06-03,7,324.38,41.18,2.0,web,yes,0
100821,25,42750.0,Budapest,2025-06-09,2026-05-25,6,402.78,72.37,4.0,mobile,yes,0
101227,61,40101.0,West,2025-04-06,2026-06-03,4,200.0,53.17,3.0,web,yes,0
101678,37,30568.0,West,2024-07-03,2026-06-28,3,212.17,64.63,5.0,partner,yes,0
105037,57,27924.0,North,2024-11-29,2026-06-19,6,283.88,47.67,3.0,mobile,yes,0
102868,35,41008.0,East,2025-01-15,2026-04-15,4,210.96,58.68,5.0,web,yes,0
104400,45,26169.0,South,2024-10-17,2026-04-22,8,325.0,42.97,5.0,store,yes,0
102368,45,19536.0,West,2023-07-21,2026-05-31,5,269.64,61.36,4.0,store,no,0
103075,34,52555.0,South,2023-03-20,2026-03-10,6,419.62,86.21,5.0,store,yes,0
103927,40,19814.0,East,2024-02-14,2026-06-19,4,132.95,36.03,5.0,mobile,yes,0
102513,55,42931.0,Budapest,2024-01-15,2026-04-09,10,959.82,90.55,3.0,mobile,yes,0
102724,38,20281.0,West,2023-01-27,2026-06-01,6,179.33,29.44,3.0,store,yes,0
105374,40,,East,2023-09-04,2026-05-03,11,418.19,47.28,5.0,partner,no,0
105130,57,16973.0,North,2025-03-10,2026-04-30,10,606.66,58.94,5.0,store,no,0
104458,23,60669.0,East,2025-04-29,2026-05-21,11,487.87,52.86,4.0,web,yes,0
101144,53,25378.0,South,2025-09-28,2026-04-20,3,192.39,65.07,4.0,web,no,0
100398,49,39552.0,Budapest,2024-08-11,2026-04-11,7,895.06,110.03,4.0,web,yes,0
100787,32,28114.0,South,2023-07-22,2026-06-28,8,1106.76,122.15,3.0,mobile,no,1
105165,64,19452.0,East,2023-12-14,2026-05-07,7,521.27,72.78,3.0,store,no,0
103951,39,21111.0,West,2025-07-31,2026-04-24,3,216.95,78.29,3.0,web,no,0
101399,52,21320.0,East,2025-10-06,2026-05-24,8,1098.35,144.21,4.0,partner,yes,0
101660,36,38293.0,Budapest,2023-05-28,2026-05-17,9,633.93,78.45,3.0,mobile,yes,0
105958,33,32424.0,Budapest,2025-09-05,2026-05-06,4,527.72,117.3,4.0,web,yes,0
102221,43,29946.0,West,2025-04-02,2026-03-27,5,273.99,56.63,4.0,web,no,0
100980,57,32557.0,Budapest,2023-08-25,2026-05-15,6,261.77,45.34,4.0,store,no,0
102332,57,40096.0,West,2024-11-20,2026-05-03,4,544.86,123.88,,mobile,yes,0
101299,40,40811.0,South,2025-12-31,2026-05-20,3,159.18,62.01,4.0,partner,no,0
103400,37,29774.0,East,2023-03-09,2026-04-20,7,432.59,52.38,3.0,mobile,yes,0
103832,30,32815.0,East,2024-11-19,2026-05-27,4,234.7,55.04,3.0,web,yes,0
100083,51,,South,2025-01-23,2026-06-04,4,248.99,56.69,4.0,mobile,no,0
105699,50,20994.0,South,2024-04-09,2026-04-25,7,643.08,89.96,5.0,store,no,0
103521,52,23359.0,East,2024-11-20,2026-06-20,5,247.56,50.46,3.0,partner,yes,0
104714,60,39822.0,North,2023-06-09,2026-06-12,4,370.17,82.13,3.0,web,yes,0
103974,43,20734.0,Budapest,2023-03-06,2026-04-24,5,389.18,86.75,2.0,web,yes,0
104747,40,33470.0,West,2024-11-27,2026-04-18,4,99.24,24.59,3.0,mobile,no,0
103290,45,33429.0,West,2023-09-10,2026-06-28,8,287.66,32.89,4.0,web,yes,0
102904,47,25487.0,North,2024-11-23,2026-06-09,4,226.41,57.92,3.0,web,yes,1
100424,30,52004.0,Budapest,2023-03-02,2026-06-16,8,754.01,126.49,4.0,store,yes,0
105217,40,17858.0,West,2024-04-05,2026-05-24,4,154.22,38.79,4.0,store,yes,0
101905,41,27647.0,East,2024-08-21,2026-03-21,7,433.2,52.85,4.0,partner,yes,0
105470,39,56411.0,Budapest,2025-01-08,2026-03-07,8,164.03,22.92,5.0,store,yes,0
101531,44,31227.0,Budapest,2024-09-04,2026-06-13,3,326.33,103.28,3.0,web,no,0
104275,44,,Budapest,2024-06-01,2026-04-09,7,518.95,74.16,4.0,web,no,0
101566,40,30005.0,West,2024-10-02,2026-06-26,4,148.55,43.33,2.0,store,no,0
104678,43,17009.0,Budapest,2024-01-10,2026-05-27,7,291.63,50.23,3.0,store,yes,0
102750,30,55313.0,Budapest,2025-10-22,2026-03-15,2,141.64,93.16,4.0,mobile,yes,0
100840,46,64475.0,West,2023-07-15,2026-04-24,5,217.01,47.13,5.0,store,no,0
100501,29,37940.0,South,2024-07-28,2026-04-25,5,502.26,112.72,4.0,partner,no,0
103312,63,21811.0,North,2023-07-23,2026-05-04,6,285.34,50.72,3.0,mobile,yes,0
100142,21,26519.0,West,2025-02-11,2026-05-13,4,205.53,50.7,3.0,web,yes,0
104975,40,52120.0,East,2024-03-09,2026-05-13,8,631.0,71.79,3.0,mobile,yes,1
102606,48,36172.0,Budapest,2025-11-25,2026-05-12,8,275.17,42.59,4.0,web,no,0
103545,51,,Budapest,2023-12-14,2026-05-22,6,183.72,31.31,5.0,mobile,yes,0
101378,39,,South,2023-06-09,2026-05-27,5,478.52,112.55,3.0,partner,yes,0
104687,54,62460.0,Budapest,2023-06-08,2026-05-27,10,962.98,94.29,5.0,store,yes,0
105917,27,48605.0,South,2024-06-06,2026-06-25,5,272.43,55.14,4.0,store,no,0
102267,20,21023.0,South,2025-11-08,2026-05-19,4,334.31,81.8,3.0,partner,yes,0
104728,25,58239.0,Budapest,2024-09-19,2026-06-28,6,542.93,76.64,4.0,mobile,no,0
101139,39,38998.0,Budapest,2025-12-18,2026-06-27,4,355.65,89.0,3.0,store,yes,0
102258,46,26180.0,South,2024-09-08,2026-05-04,7,354.07,58.9,5.0,web,yes,0
104710,48,31243.0,West,2025-10-19,2026-06-06,11,284.02,23.41,4.0,mobile,no,0
101788,42,24060.0,East,2023-05-11,2026-03-11,4,228.89,51.01,5.0,store,no,0
103675,28,21085.0,South,2025-03-08,2026-05-15,7,438.44,52.16,3.0,web,yes,1
100551,38,17500.0,West,2024-03-11,2026-04-05,6,1647.35,200.87,2.0,store,no,1
100460,36,21974.0,East,2024-10-30,2026-06-28,4,180.92,46.17,4.0,store,no,0
102020,45,26072.0,West,2024-03-14,2026-02-17,7,594.81,90.42,2.0,mobile,yes,0
100949,54,36285.0,South,2024-10-08,2026-05-06,4,671.77,143.07,4.0,store,no,0
105814,29,24054.0,East,2024-12-15,2026-06-19,1,151.0,153.2,2.0,partner,yes,0
103159,35,36880.0,North,2024-06-07,2026-05-28,5,299.89,59.18,4.0,web,yes,0
100533,30,45310.0,West,2023-07-20,2026-06-20,8,363.09,44.87,5.0,store,yes,0
105939,37,35710.0,East,2024-03-18,2026-05-09,5,420.3,98.24,5.0,web,yes,0
101830,57,21773.0,West,2023-06-17,2026-05-24,10,1123.68,112.07,4.0,web,no,0
105479,54,47028.0,East,2024-09-11,2026-05-17,4,187.53,59.7,4.0,store,yes,0
105333,26,52173.0,Budapest,2023-10-12,2026-06-21,6,314.56,50.11,3.0,web,no,0
105858,43,15852.0,West,2024-05-16,2026-05-16,7,195.96,33.86,5.0,mobile,yes,0
103414,47,,Budapest,2023-03-09,2026-06-24,2,199.7,95.99,4.0,partner,no,0
101603,46,23844.0,East,2023-07-14,2026-04-13,8,432.65,51.24,3.0,mobile,yes,0
102239,40,20415.0,West,2025-09-10,2026-04-17,5,356.07,67.44,4.0,mobile,yes,0
100640,48,45984.0,South,2025-07-30,2026-06-14,6,227.72,42.88,2.0,web,yes,1
105827,27,52927.0,East,2024-02-03,2026-03-29,12,268.98,23.15,4.0,,yes,0
100968,34,20219.0,Budapest,2025-06-06,2026-03-31,6,550.82,93.91,5.0,web,no,0
105092,35,77961.0,South,2024-08-30,2026-06-28,5,238.62,45.3,3.0,web,yes,0
103753,55,,West,2024-10-02,2026-05-01,5,163.92,38.35,4.0,web,no,1
101684,42,44420.0,Budapest,2024-03-26,2026-06-28,3,297.75,92.07,4.0,store,yes,0
102249,42,19171.0,West,2025-06-21,2026-06-23,9,833.82,121.77,4.0,web,yes,0
104150,45,46084.0,West,2024-05-20,2026-04-27,8,297.81,42.62,5.0,mobile,no,0
105390,31,19297.0,North,2025-05-03,2026-04-15,5,361.54,87.22,3.0,web,no,0
103358,45,20509.0,West,2024-08-11,2026-05-21,6,648.45,101.29,4.0,mobile,no,0
100156,39,20348.0,East,2025-12-21,2026-06-28,9,291.34,37.25,3.0,web,no,0
102296,45,40900.0,Budapest,2023-06-15,2026-06-28,3,88.91,27.01,3.0,web,yes,0
103617,63,,West,2023-03-19,2026-03-01,2,253.23,127.71,4.0,web,no,0
104867,44,19418.0,Budapest,2023-05-21,2026-06-19,4,154.28,36.37,2.0,web,no,0
101090,38,15000.0,West,2024-04-17,2026-06-28,5,506.12,109.63,5.0,web,no,0
103790,47,35157.0,East,2023-07-07,2026-05-19,7,226.47,36.19,2.0,partner,no,0
102320,48,44647.0,North,2023-02-07,2026-05-30,5,182.48,35.24,3.0,mobile,yes,0
102941,65,32106.0,North,2025-01-10,2026-05-09,4,236.8,66.77,3.0,web,no,0
105097,59,58051.0,East,2023-11-14,2026-04-14,4,163.39,45.37,3.0,web,yes,0
100289,37,32247.0,East,2025-11-03,2026-05-09,8,747.42,92.25,4.0,web,yes,0
100931,28,20598.0,Budapest,2024-11-09,2026-05-21,7,270.41,37.1,1.0,web,yes,0
102910,48,36526.0,East,2023-08-12,2026-05-21,4,200.24,53.45,5.0,web,yes,0
103625,52,29725.0,East,2025-10-15,2026-03-11,5,341.01,80.14,3.0,store,no,1
104682,22,75554.0,Budapest,2024-10-19,2026-04-28,4,285.85,77.22,3.0,store,yes,0
102885,47,0.0,East,2023-10-16,2026-06-14,7,284.13,36.23,5.0,mobile,yes,0
105642,28,33804.0,South,2023-02-18,2026-05-21,5,329.22,64.1,5.0,web,no,0
103484,62,15811.0,East,2024-10-17,2026-05-25,5,369.43,70.57,4.0,mobile,yes,0
105475,27,44108.0,East,2025-06-04,2026-06-27,5,261.9,57.39,3.0,web,yes,0
103001,56,47209.0,South,2025-10-04,2026-05-15,4,83.82,20.62,5.0,store,yes,0
104474,36,46932.0,Budapest,2025-11-01,2026-04-10,6,448.04,59.47,4.0,store,yes,1
103389,31,19200.0,West,2025-12-07,2026-05-13,6,534.43,81.61,3.0,web,yes,0
105949,42,20049.0,West,2025-06-14,2026-05-23,6,636.57,109.92,5.0,mobile,yes,1
100943,58,44541.0,Budapest,2024-08-12,2026-02-20,6,454.12,67.69,2.0,mobile,no,0
102355,42,47122.0,West,2025-10-23,2026-04-18,10,468.14,42.94,4.0,mobile,yes,0
104790,42,40118.0,East,2025-03-19,2026-06-15,6,575.75,108.94,3.0,web,no,0
105200,50,73122.0,East,2025-03-24,2026-04-19,5,292.89,61.37,5.0,web,yes,1
105624,20,15803.0,East,2023-10-20,2026-05-01,7,1026.3,133.6,5.0,mobile,yes,0
101699,60,15540.0,North,2025-03-22,2026-04-13,4,167.97,46.13,5.0,web,no,0
105678,35,30039.0,East,2024-07-31,2026-05-11,4,286.04,72.3,2.0,partner,yes,1
104162,33,23963.0,Budapest,2024-07-01,2026-05-10,8,489.22,51.9,4.0,mobile,yes,0
105359,49,45158.0,West,2025-08-01,2026-04-29,5,364.66,57.34,5.0,web,yes,0
104021,51,20143.0,Budapest,2023-07-03,2026-06-13,3,301.86,87.91,4.0,web,yes,0
104251,18,35682.0,West,2024-06-23,2026-04-17,6,246.67,42.32,3.0,store,yes,1
100986,25,58669.0,North,2024-06-18,2026-06-20,3,177.78,77.17,3.0,mobile,yes,0
103969,42,45593.0,West,2023-10-20,2026-06-28,7,678.93,100.41,3.0,web,yes,0
103144,25,30642.0,Budapest,2023-03-10,2026-04-10,8,225.84,28.81,4.0,mobile,yes,1
103672,40,38348.0,East,2025-05-14,2026-05-21,3,263.35,84.71,4.0,partner,yes,0
105759,41,84515.0,Budapest,2025-01-07,2026-05-28,7,235.49,36.84,3.0,web,yes,0
100982,53,22514.0,South,2023-01-01,2026-05-07,5,183.82,41.74,2.0,partner,yes,1
103568,65,44637.0,Wset,2023-01-12,2026-05-13,5,507.61,88.17,4.0,store,yes,0
103488,38,34946.0,South,2025-02-20,2026-04-24,4,249.58,67.51,4.0,mobile,no,0
105489,67,35130.0,West,2024-11-10,2026-05-20,6,651.03,99.29,5.0,web,yes,0
103482,39,41397.0,East,2024-08-18,2026-06-09,6,584.69,96.24,3.0,web,yes,0
104320,37,24748.0,West,2025-11-04,2026-04-23,3,96.28,34.7,4.0,web,yes,0
103537,25,22648.0,Budapest,2025-08-14,2026-04-13,5,677.3,132.61,4.0,store,yes,0
101474,50,31494.0,West,2023-12-11,2026-06-13,7,544.31,79.67,4.0,mobile,yes,0
104576,54,25776.0,Budapest,2023-04-20,2026-04-23,10,1691.14,175.64,3.0,mobile,yes,0
105674,50,40478.0,East,2024-10-11,2026-05-28,7,554.88,75.18,4.0,store,yes,0
104783,45,33495.0,North,2025-01-10,2026-05-08,6,487.28,67.86,3.0,web,yes,0
101458,36,,West,2024-04-22,2026-04-13,7,501.42,68.55,4.0,store,yes,0
101396,38,25638.0,Budapest,2025-04-03,2026-05-14,10,284.85,30.83,3.0,store,yes,0
100265,40,28974.0,North,2024-06-17,2026-06-10,6,149.18,24.91,2.0,mobile,yes,0
102749,18,59630.0,West,2024-02-08,2026-05-17,4,207.63,65.7,3.0,store,no,0
104782,48,31485.0,North,2025-01-15,2026-06-12,6,336.21,74.68,4.0,mobile,yes,0
102693,38,30890.0,South,2024-11-20,2026-04-05,5,105.59,25.46,4.0,web,no,0
103868,34,17861.0,Budapest,2024-06-07,2026-04-17,9,585.32,67.38,3.0,store,yes,0
100930,33,15000.0,South,2025-07-12,2026-04-09,6,238.31,44.33,3.0,partner,yes,0
104901,26,43406.0,West,2025-05-18,2026-06-14,9,665.85,62.84,3.0,web,no,0
103642,25,27888.0,Budapest,2025-12-28,2026-04-05,5,244.43,57.61,4.0,web,no,0
102401,18,26668.0,East,2025-12-06,2026-05-02,5,310.24,64.38,3.0,mobile,no,0
102179,53,42470.0,Budapest,2023-11-16,2026-05-21,3,269.74,93.72,3.0,mobile,no,0
105640,43,28570.0,East,2024-01-25,2026-06-28,6,236.62,35.61,4.0,partner,yes,0
100247,54,52777.0,East,2025-02-12,2026-04-13,3,124.1,52.99,3.0,partner,no,1
101595,37,70167.0,South,2023-01-07,2026-05-14,7,236.57,40.99,5.0,mobile,yes,0
101759,49,44070.0,North,2025-03-07,2026-05-06,5,435.63,82.38,3.0,web,no,0
105871,57,19567.0,East,2024-08-01,2026-05-04,9,403.15,40.72,3.0,web,no,0
104020,27,20735.0,South,2024-11-25,2026-06-11,4,237.99,62.59,5.0,store,no,0
100924,39,19320.0,East,2024-01-22,2026-06-28,6,153.36,24.4,4.0,mobile,yes,0
103361,43,44620.0,Budapest,2023-05-02,2026-04-21,9,364.66,46.15,,web,no,0
100269,24,23299.0,Budapest,2023-08-11,2026-05-15,4,140.92,34.77,4.0,web,yes,0
100670,40,46114.0,West,2023-04-06,2026-03-23,4,288.24,70.1,4.0,store,no,0
103918,67,17532.0,East,2025-04-04,2026-03-28,6,312.42,51.78,4.0,web,yes,1
101911,45,19687.0,Budapest,2025-06-12,2026-03-21,9,661.25,69.96,3.0,partner,no,0
104191,38,18995.0,Budapest,2024-11-13,2026-03-23,7,507.64,62.63,3.0,partner,no,0
101153,28,66122.0,Budapest,2025-02-16,2026-06-13,9,451.35,50.99,4.0,partner,yes,0
105537,28,68789.0,Budapest,2025-03-14,2026-06-28,5,326.48,52.8,4.0,mobile,yes,1
104944,69,28661.0,North,2023-01-22,2026-05-05,5,486.52,95.79,5.0,mobile,yes,0
105806,48,24228.0,South,2023-04-10,2026-06-12,10,530.13,61.37,2.0,mobile,yes,0
104524,69,33128.0,South,2024-11-01,2026-06-28,6,354.7,62.33,4.0,mobile,yes,1
102697,36,52340.0,South,2023-08-31,2026-06-06,7,688.13,85.37,4.0,web,yes,1
102592,44,76318.0,North,2023-10-09,2026-04-02,6,278.55,45.45,4.0,web,yes,0
105098,32,23116.0,East,2023-04-06,2026-05-17,8,628.35,65.11,5.0,mobile,yes,1
101782,42,40112.0,South,2025-02-14,2026-06-16,4,286.1,66.25,3.0,web,no,0
102414,41,29694.0,East,2024-03-05,2026-03-24,6,387.42,81.22,2.0,web,no,1
103014,43,23859.0,East,2023-05-27,2026-04-18,4,289.76,64.1,5.0,web,yes,0
105266,43,38282.0,Budapest,2025-07-07,2026-06-28,4,141.71,42.71,5.0,web,no,0
102308,38,19443.0,West,2024-12-22,2026-05-09,5,171.28,29.06,4.0,mobile,no,0
103115,53,39558.0,West,2023-07-02,2026-04-21,11,427.55,42.55,2.0,mobile,yes,0
100688,55,15000.0,North,2025-08-22,2026-06-19,6,590.44,132.24,4.0,store,no,0
101916,47,35665.0,Budapest,2024-03-21,2026-04-02,4,256.66,72.41,4.0,partner,yes,0
105677,33,20085.0,Budapest,2025-12-27,2026-03-28,7,849.88,141.29,4.0,web,no,1
100613,44,80389.0,North,2025-12-23,2026-06-14,10,456.51,46.48,3.0,mobile,no,0
103072,60,,North,2024-05-16,2026-06-16,5,343.22,65.8,4.0,web,yes,0
105692,67,,Budapest,2023-07-03,2026-05-03,4,179.91,52.03,2.0,store,no,0
102268,21,25196.0,West,2024-07-17,2026-06-28,4,426.06,100.63,5.0,web,yes,0
105786,37,39459.0,South,2023-07-07,2026-05-07,7,414.3,55.07,4.0,web,no,0
102534,19,23914.0,Budapest,2024-11-24,2026-05-04,14,1270.6,93.09,4.0,partner,yes,0
100040,36,33618.0,East,2023-08-27,2026-04-10,8,259.86,32.05,4.0,mobile,no,0
101899,30,50211.0,Budapest,2024-04-25,2026-04-26,5,454.14,79.61,4.0,partner,yes,0
101650,40,,South,2024-12-20,2026-03-16,8,1097.1,144.12,3.0,store,yes,0
105816,45,68070.0,South,2023-04-23,2026-06-28,7,540.77,75.59,2.0,store,yes,0
100259,28,28785.0,Budapest,2024-12-03,2026-05-21,8,439.28,51.69,3.0,mobile,yes,1
102925,59,70859.0,Budapest ,2024-04-12,2026-06-08,7,664.35,91.46,3.0,mobile,no,0
102435,37,,East,2024-10-29,2026-04-26,4,435.86,97.62,3.0,store,yes,0
100848,57,47449.0,East,2023-01-12,2026-05-18,9,704.91,67.09,3.0,web,no,0
102823,44,29907.0,Budapest,2023-12-08,2026-03-14,6,271.68,39.16,4.0,Mobile,yes,0
104425,40,38024.0,East,2025-12-18,2026-06-21,9,728.79,86.94,4.0,mobile,yes,0
105110,50,19758.0,South,2024-11-03,2026-03-24,6,252.58,45.53,3.0,web,no,1
103998,48,57681.0,West,2023-09-29,2026-03-23,2,298.39,137.58,4.0,web,yes,0
104184,66,28594.0,West,2024-09-21,2026-06-04,7,822.01,98.05,5.0,web,no,0
101234,35,26230.0,East,2024-09-02,2026-05-30,7,657.23,81.86,2.0,web,yes,1
101128,39,52316.0,East,2025-10-27,2026-06-11,6,359.7,57.65,3.0,mobile,yes,1
103529,39,42135.0,South,2023-11-18,2026-05-09,6,187.75,41.04,4.0,store,yes,0
101968,52,35018.0,South,2024-10-28,2026-06-28,6,417.07,70.7,5.0,store,no,0
100559,46,39196.0,East,2025-08-27,2026-06-28,6,153.19,26.37,3.0,store,yes,0
100905,47,39978.0,North,2024-07-03,2026-04-07,9,417.74,47.18,3.0,mobile,no,0
102615,49,32481.0,Budapest,2025-09-03,2026-05-24,9,852.02,82.05,5.0,web,no,0
100485,58,34090.0,Budapest,2023-04-16,2026-05-09,5,332.48,64.86,4.0,partner,no,0
102212,23,31162.0,West,2025-03-27,2026-04-26,2,241.05,119.95,4.0,partner,yes,0
101321,36,53879.0,West,2023-08-12,2026-05-17,3,205.29,75.29,4.0,web,yes,0
103371,46,45173.0,North,2025-12-02,2026-04-08,6,275.66,52.47,3.0,store,yes,1
102556,47,17172.0,East,2025-12-06,2026-03-10,10,634.92,71.21,3.0,web,yes,1
100008,38,27326.0,South,2025-12-22,2026-05-02,5,372.64,72.6,2.0,store,no,1
102316,54,35684.0,Budapest,2024-04-28,2026-03-21,4,113.39,26.6,4.0,mobile,no,1
105104,37,93067.0,East,2023-02-28,2026-05-02,3,93.86,31.95,2.0,mobile,no,0
104408,25,45967.0,West,2025-03-08,2026-05-21,6,369.74,46.74,2.0,mobile,no,0
104339,40,59340.0,West,2025-04-27,2026-04-23,10,1259.99,113.78,3.0,web,yes,0
105296,57,25862.0,East,2025-07-05,2026-06-28,4,399.67,84.45,3.0,store,no,0
101451,35,32601.0,South,2025-10-21,2026-06-28,11,588.36,52.39,5.0,web,yes,1
101202,26,54486.0,East,2025-03-19,2026-05-01,3,262.11,86.39,4.0,web,yes,0
102427,46,57280.0,Budapest,2024-12-22,2026-05-07,5,412.45,83.12,3.0,store,yes,1
102649,46,43896.0,East,2023-08-29,2026-04-29,6,534.92,73.88,3.0,mobile,no,1
101815,38,22140.0,South,2024-11-19,2026-05-08,5,279.45,51.98,3.0,mobile,no,1
102727,48,15000.0,South,2024-03-23,2026-05-15,3,353.62,123.36,4.0,partner,yes,0
100774,31,35118.0,South,2023-07-25,2026-06-17,10,785.52,79.25,3.0,partner,yes,0
102275,41,39576.0,South,2024-02-16,2026-04-28,4,243.21,58.21,5.0,web,no,0
101012,31,47867.0,East,2023-02-21,2026-05-02,7,590.03,72.69,2.0,partner,yes,0
104193,43,29909.0,East,2023-11-14,2026-03-18,4,179.48,48.28,4.0,web,yes,0
103548,35,45627.0,North,2024-07-27,2026-04-23,8,269.87,50.46,4.0,mobile,yes,0
101992,44,27288.0,East,2024-02-20,2026-05-29,9,602.43,68.88,5.0,partner,no,0
101278,50,24999.0,Budapest,2024-07-30,2026-05-12,5,590.44,97.29,3.0,mobile,yes,1
101784,44,25837.0,Budapest,2025-06-25,2026-06-28,7,269.71,40.51,5.0,web,yes,0
105828,32,24518.0,Budapest,2024-03-17,2026-04-26,5,530.47,105.19,3.0,web,yes,0
100447,46,58256.0,North,2023-03-08,2026-04-27,8,283.69,36.77,5.0,mobile,no,0
100881,33,34229.0,West,2025-05-10,2026-06-13,4,213.77,59.78,3.0,web,yes,0
104120,26,18869.0,West,2023-04-27,2026-03-16,10,527.18,55.33,3.0,web,yes,0
105377,50,16513.0,Budapest,2023-04-25,2026-04-15,5,322.46,67.71,3.0,store,yes,0
102728,18,,Budapest,2025-11-29,2026-06-18,4,286.69,65.74,4.0,web,yes,0
103049,57,61395.0,North,2025-12-04,2026-02-24,3,165.04,51.35,9.0,partner,yes,0
100782,65,,North,2024-01-26,2026-04-05,8,605.59,62.18,4.0,web,yes,1
102652,18,49723.0,West,2024-10-08,2026-06-01,4,274.14,83.35,4.0,partner,yes,0
105862,61,33052.0,Budapest,2023-11-24,2026-03-22,5,395.05,91.46,4.0,partner,yes,0
101750,18,44765.0,West,2024-02-02,2026-04-30,6,314.21,59.42,5.0,store,yes,0
102127,22,44909.0,Budapest,2024-08-15,2026-03-17,4,241.06,58.12,3.0,web,yes,1
103734,36,21950.0,East,2024-11-01,2026-05-22,5,864.09,198.64,4.0,web,no,0
102792,37,31793.0,Budapest,2025-09-29,2026-05-20,6,564.28,87.27,5.0,store,yes,0
102424,37,15098.0,Budapest,2024-01-20,2026-04-21,8,942.59,114.53,4.0,partner,yes,0
105892,44,31245.0,East,2024-04-28,2026-05-30,7,308.86,48.81,5.0,web,yes,0
105195,38,24412.0,North,2025-08-21,2026-06-28,8,524.47,73.3,3.0,mobile,no,0
100884,34,28311.0,West,2024-12-04,2026-06-07,3,258.28,96.23,3.0,store,yes,0
103396,37,15000.0,North,2024-01-16,2026-05-08,3,301.69,88.82,3.0,mobile,yes,0
101092,48,50644.0,East,2025-04-10,2026-04-30,6,742.01,124.77,2.0,mobile,yes,1
105608,62,60206.0,East,2023-03-17,2026-04-29,5,190.19,44.8,4.0,web,yes,0
104148,42,45677.0,East,2024-09-13,2026-04-20,4,352.26,120.02,4.0,web,yes,0
100532,22,40572.0,East,2023-04-23,2026-05-30,8,619.95,87.5,4.0,partner,yes,0
104773,47,35422.0,Budapest,2025-04-22,2026-05-18,6,730.7,110.61,3.0,mobile,yes,0
102439,54,33742.0,West,2024-10-29,2026-04-11,7,815.16,101.28,2.0,partner,yes,0
104887,36,73212.0,Budapest,2025-06-26,2026-05-30,7,448.83,67.86,3.0,mobile,yes,0
104439,47,24595.0,Budapest,2025-12-10,2026-06-06,4,284.0,81.14,5.0,partner,no,0
104530,56,39934.0,East,2025-01-28,2026-05-28,8,778.5,92.26,3.0,mobile,yes,0
104936,37,37869.0,Budapest,2023-08-08,2026-04-27,9,532.03,54.88,3.0,web,no,0
102291,48,22629.0,North,2024-12-23,2026-04-18,4,122.25,30.22,3.0,store,yes,0
101728,44,22990.0,South,2023-06-25,2026-04-21,2,131.92,80.82,2.0,web,yes,1
100611,32,27089.0,East,2023-06-02,2026-06-28,8,353.45,42.2,4.0,store,no,0
100571,46,19813.0,Budapest,2023-06-08,2026-05-14,7,523.02,77.38,5.0,mobile,yes,0
103816,31,44207.0,West,2024-05-07,2026-06-24,6,220.23,38.99,4.0,web,yes,0
101318,48,39723.0,Budapest,2025-11-05,2026-06-28,5,539.75,109.32,3.0,partner,yes,0
100344,42,59462.0,East,2025-07-11,2026-05-14,4,441.11,112.48,5.0,mobile,no,0
100588,31,39414.0,Budapest,2024-11-20,2026-05-28,7,398.34,48.9,4.0,partner,yes,0
104703,21,23297.0,West,2023-04-12,2026-06-27,6,277.63,48.89,4.0,web,no,0
100637,55,28769.0,East,2023-02-12,2026-05-30,11,721.47,61.68,4.0,web,yes,0
100435,43,20048.0,Budapest,2024-06-28,2026-04-29,7,583.73,83.18,5.0,mobile,yes,1
101904,37,31141.0,Budapest,2023-05-22,2026-05-06,8,682.02,80.75,5.0,mobile,no,0
100098,67,41750.0,Budapest,2024-08-14,2026-06-02,5,285.53,71.21,3.0,mobile,no,0
103215,31,88291.0,Budapest,2025-01-06,2026-06-28,5,221.42,51.48,5.0,web,yes,0
103465,30,59097.0,South,2024-03-06,2026-06-28,8,227.99,32.22,4.0,partner,yes,0
105279,51,26012.0,Budapest,2024-04-19,2026-04-29,8,806.54,105.74,4.0,web,yes,0
105746,57,39711.0,Budapest,2025-08-10,2026-04-19,7,321.22,59.46,4.0,partner,yes,0
102070,45,17741.0,West,2023-01-05,2026-04-14,10,459.92,52.46,4.0,partner,yes,0
101538,47,83377.0,South,2024-10-22,2026-04-04,7,342.44,57.09,3.0,store,yes,0
104732,46,45001.0,North,2025-04-30,2026-06-22,6,651.01,101.3,3.0,web,yes,0
105209,47,48645.0,Budapest,2025-11-25,2026-04-24,5,406.88,75.27,3.0,store,yes,1
104797,31,64679.0,Budapest,2025-04-13,2026-06-28,8,532.6,64.85,4.0,web,yes,1
103362,49,26459.0,West,2023-07-14,2026-04-29,3,85.33,32.34,3.0,mobile,yes,0
101518,25,24733.0,North,2024-02-23,2026-06-07,4,276.67,68.02,5.0,mobile,no,0
100966,31,17660.0,West,2023-04-03,2026-06-28,9,247.83,32.39,4.0,mobile,yes,0
105304,41,24498.0,Budapest,2023-04-30,2026-06-09,6,436.29,82.18,3.0,store,no,0
100529,20,71493.0,South,2024-02-29,2026-05-01,5,381.09,77.85,4.0,mobile,no,0
100177,35,23767.0,West,2023-05-02,2026-05-14,6,388.34,54.6,4.0,store,yes,0
102471,43,29430.0,West,2025-09-28,2026-04-10,5,241.27,50.88,4.0,mobile,yes,0
104546,28,30881.0,Budapest,2025-08-25,2026-03-21,7,401.37,49.87,4.0,store,no,0
105622,46,58169.0,Budapest,2025-10-12,2026-05-09,9,527.86,59.22,5.0,web,yes,0
103002,44,44304.0,East,2025-06-27,2026-05-22,9,561.04,70.18,4.0,web,yes,0
105160,35,32874.0,Budapest,2023-10-31,2026-06-04,8,389.97,73.49,4.0,web,no,0
100573,38,,Wset,2023-11-16,2026-03-15,7,584.99,85.95,3.0,mobile,yes,1
103304,51,26965.0,North,2023-10-19,2026-04-10,7,656.38,90.84,5.0,mobile,no,0
100593,31,31629.0,Budapest,2024-06-23,2026-04-09,4,388.46,91.7,5.0,mobile,yes,1
105000,46,22075.0,East,2025-09-24,2026-05-27,9,898.37,89.84,2.0,partner,no,0
103063,66,27356.0,Budapest,2024-05-18,2026-03-24,3,263.28,84.8,4.0,mobile,yes,1
104669,29,40946.0,South,2025-07-13,2026-05-01,4,261.16,70.58,4.0,web,no,0
102375,50,29278.0,West,2025-04-12,2026-05-30,7,316.92,59.61,4.0,mobile,yes,0
103065,26,88424.0,West,2024-02-08,2026-06-28,7,803.41,112.78,4.0,web,no,0
105659,40,24031.0,Budapest,2023-03-11,2026-05-10,5,178.04,60.49,4.0,web,yes,0
104356,18,29110.0,East,2025-06-14,2026-05-04,3,223.62,63.81,5.0,mobile,no,1
105835,70,44907.0,East,2023-06-18,2026-05-11,6,191.48,36.25,4.0,web,yes,0
102209,30,37338.0,Budapest ,2023-06-11,2026-03-24,10,912.62,92.82,5.0,mobile,yes,0
104195,43,24640.0,Budapest,2023-02-16,2026-04-22,8,530.11,67.4,5.0,web,yes,0
102493,41,43666.0,Budapest,2023-06-28,2026-06-12,5,455.32,99.79,4.0,web,yes,0
103945,31,15000.0,Budapest,2023-12-09,2026-05-11,10,394.51,37.03,4.0,web,yes,0
100384,47,23980.0,West,2023-05-30,2026-05-15,10,415.73,38.68,4.0,store,no,0
100853,37,31007.0,South,2025-09-09,2026-06-04,4,326.13,89.82,2.0,store,no,0
101881,56,33472.0,West,2023-10-11,2026-05-08,4,152.02,38.49,3.0,web,yes,0
100371,32,20925.0,South,2025-12-20,2026-06-17,9,399.83,45.43,4.0,store,yes,0
104615,51,24105.0,Budapest,2023-08-29,2026-05-12,7,-180.95895100765154,77.76,3.0,mobile,no,1
104255,32,45460.0,South,2023-02-16,2026-04-24,7,1442.53,170.74,4.0,mobile,yes,0
105232,34,43536.0,North,2023-02-19,2026-06-28,11,1307.73,97.53,4.0,partner,no,1
105197,38,15000.0,West,2024-10-30,2026-06-21,5,384.94,76.11,4.0,web,yes,0
105993,60,73435.0,North,2023-06-18,2026-03-08,8,486.32,63.84,3.0,store,no,0
101106,60,28180.0,South,2024-11-19,2026-04-11,2,141.26,72.63,4.0,web,no,0
103683,39,37087.0,West,2025-09-14,2026-05-19,5,180.24,36.66,4.0,partner,yes,0
102362,47,39495.0,Budapest,2024-05-22,2026-04-04,3,138.25,53.7,3.0,partner,yes,0
105436,112,24354.0,Budapest,2025-03-23,2026-05-02,7,271.47,32.2,5.0,mobile,yes,0
101337,45,39724.0,Budapest,2023-08-11,2026-04-28,8,438.69,58.61,5.0,mobile,yes,0
102190,18,,North,2024-03-03,2026-05-01,8,376.65,47.62,4.0,store,yes,0
105533,48,15000.0,West,2025-05-07,2026-05-28,5,358.56,64.52,2.0,web,yes,0
105434,29,35785.0,West,2024-08-05,2026-04-12,9,725.05,74.11,4.0,store,no,0
103765,66,22405.0,Budapest,2024-03-31,2026-03-28,7,738.57,100.14,3.0,mobile,no,0
102247,39,28598.0,Budapest,2025-06-30,2026-06-07,10,904.45,115.81,3.0,web,yes,0
104141,55,63736.0,West,2024-05-21,2026-04-18,2,109.15,48.19,5.0,web,yes,0
105846,46,38633.0,North,2024-02-25,2026-04-30,7,441.83,72.62,4.0,mobile,yes,0
101172,37,17999.0,South,2023-12-27,2026-06-28,8,500.4,59.19,3.0,mobile,yes,0
103709,43,22911.0,West,2024-07-27,2026-04-22,7,611.5,90.52,5.0,store,no,1
104764,40,40374.0,West,2024-04-08,2026-05-13,3,349.08,128.9,5.0,store,no,0
101423,51,27991.0,West,2024-06-11,2026-06-28,6,268.7,45.14,4.0,web,no,0
102687,48,59647.0,Budapest,2025-07-12,2026-06-10,7,666.05,85.45,5.0,store,yes,0
105411,63,22614.0,Budapest,2024-11-03,2026-06-03,8,636.76,87.69,3.0,web,yes,1
104481,52,46573.0,West,2024-01-19,2026-03-29,5,276.19,64.46,3.0,partner,yes,0
103785,40,,East,2024-04-05,2026-05-19,7,1264.5,187.98,3.0,mobile,yes,0
104999,30,47771.0,West,2023-02-25,2026-06-27,8,597.18,61.27,5.0,mobile,no,0
101465,30,15000.0,East,2024-03-06,2026-05-04,4,249.66,64.22,5.0,partner,yes,0
100875,55,20331.0,East,2025-05-19,2026-06-28,3,402.53,135.54,3.0,web,no,0
102298,42,15000.0,Budapest,2024-07-13,2026-06-21,5,598.87,103.62,5.0,web,no,0
102644,24,31680.0,South,2023-01-25,2026-04-30,3,301.63,122.15,,web,no,0
103340,51,15399.0,East,2025-02-18,2026-06-06,8,749.37,82.37,3.0,web,yes,0
105218,30,15000.0,Budapest,2025-03-17,2026-05-29,4,299.77,62.67,5.0,web,yes,0
101252,46,47818.0,Budapest,2024-10-01,2026-06-12,3,305.27,97.03,5.0,mobile,yes,0
104146,25,32627.0,Budapest,2024-06-28,2026-03-04,5,187.7,37.17,3.0,partner,yes,0
100841,29,118958.0,Budapest,2025-10-03,2026-04-27,6,522.29,86.86,3.0,store,yes,0
104252,39,31899.0,Budapest,2025-10-27,2026-06-16,9,768.63,98.16,4.0,partner,no,0
100582,21,72766.0,East,2025-01-30,2026-03-19,3,159.73,58.81,2.0,mobile,yes,0
100205,69,45988.0,Budapest ,2025-09-02,2026-06-28,8,465.95,59.23,4.0,web,no,0
101642,39,45123.0,Budapest,2023-07-30,2026-05-24,8,528.2,73.36,5.0,partner,yes,0
102015,44,37587.0,West,2023-09-03,2026-06-04,8,422.72,51.88,4.0,web,yes,0
103254,27,35230.0,West,2025-02-24,2026-06-28,4,82.28,24.15,5.0,store,no,0
100906,40,34415.0,East,2025-01-27,2026-05-24,7,372.84,60.43,4.0,store,no,0
100632,27,,South,2024-02-07,2026-06-06,5,438.27,102.84,4.0,web,yes,0
104268,32,,South,2024-09-16,2026-06-04,5,256.33,62.59,2.0,web,no,0
101975,18,25484.0,Budapest,2025-05-05,2026-06-14,8,758.04,77.89,4.0,store,yes,0
100163,24,42863.0,Budapest,2023-10-23,2026-04-10,10,445.12,45.2,4.0,web,yes,0
104328,45,19269.0,South,2025-02-08,2026-05-03,4,448.12,112.49,5.0,web,no,0
104100,51,56075.0,North,2023-02-21,2026-05-20,4,344.5,87.08,4.0,web,yes,0
105419,22,27452.0,Budapest,2024-12-08,2026-06-14,6,384.24,68.67,5.0,store,yes,0
103553,20,26252.0,West,2023-10-01,2026-05-02,3,185.84,65.48,4.0,mobile,no,0
100618,50,48849.0,West,2024-12-19,2026-06-18,4,412.28,87.2,3.0,store,yes,0
100876,24,47697.0,North,2023-01-20,2026-04-30,4,343.9,78.37,4.0,mobile,yes,0
101432,42,30257.0,East,2023-10-11,2026-06-28,11,506.6,49.0,4.0,,yes,0
102974,53,79954.0,North,2024-01-16,2026-05-26,7,351.07,45.55,3.0,web,yes,0
104170,34,25130.0,West,2025-02-13,2026-04-21,2,142.44,74.52,4.0,web,no,0
100548,57,30779.0,Budapest,2023-06-01,2026-06-28,4,554.48,134.91,5.0,mobile,yes,0
104446,36,31460.0,West,2025-07-22,2026-03-20,2,106.25,58.64,4.0,web,yes,0
105480,23,17297.0,North,2025-05-12,2026-06-23,9,220.84,26.76,4.0,store,yes,0
105483,39,35180.0,West,2023-06-09,2026-06-07,3,119.09,32.47,4.0,web,no,0
105688,54,22916.0,Budapest,2024-11-05,2026-06-28,5,393.2,81.74,3.0,WEB,yes,0
104343,52,45825.0,East,2023-06-28,2026-03-19,5,147.32,41.58,4.0,web,yes,0
105532,61,32746.0,South,2025-05-30,2026-04-09,5,211.54,39.41,5.0,web,yes,0
104916,41,41625.0,South,2023-10-20,2026-06-11,8,990.08,111.66,5.0,partner,yes,0
102857,39,71597.0,East,2023-08-25,2026-05-24,5,136.65,25.43,3.0,store,no,0
101862,40,61127.0,North,2024-08-27,2026-04-22,5,316.04,80.8,3.0,web,no,0
102660,48,58300.0,Budapest,2024-07-12,2026-06-12,7,376.9,52.95,4.0,mobile,no,0
105818,54,27252.0,Budapest,2024-04-05,2026-05-15,8,367.15,50.79,3.0,web,yes,0
100641,38,15000.0,South,2024-07-10,2026-04-08,5,513.57,104.42,4.0,web,no,0
104130,43,39231.0,North,2024-04-23,2026-05-27,6,238.41,47.0,4.0,web,no,0
101010,38,24253.0,West,2024-09-24,2026-05-13,12,1830.51,152.39,4.0,mobile,no,0
105897,30,27370.0,Budapest,2024-01-16,2026-05-10,7,380.0,65.53,3.0,web,no,0
100638,18,19821.0,East,2024-05-27,2026-06-17,6,262.75,42.72,4.0,store,yes,0
105472,41,24857.0,Budapest,2023-10-28,2026-06-12,7,787.56,132.47,4.0,web,no,0
104528,47,29061.0,East,2023-03-26,2026-06-16,7,540.21,69.69,4.0,mobile,no,0
102309,46,38183.0,East,2023-11-08,2026-06-28,9,283.2,34.09,5.0,web,yes,0
105894,23,26601.0,South,2023-01-15,2026-04-01,4,162.37,38.96,4.0,store,yes,0
103146,62,23572.0,East,2025-11-17,2026-06-22,4,220.72,57.29,2.0,store,yes,0
103823,46,41783.0,East,2024-03-13,2026-05-01,9,491.49,65.09,3.0,mobile,yes,0
102097,48,31142.0,Budapest,2025-01-14,2026-04-06,3,81.86,26.27,3.0,web,no,1
103552,44,34822.0,East,2024-02-09,2026-05-03,5,90.42,22.04,5.0,web,yes,0
101957,41,32233.0,East,2023-06-25,2026-06-06,7,460.83,65.05,,web,no,0
101373,36,15000.0,West,2024-12-02,2026-02-15,5,1182.67,208.68,3.0,mobile,yes,0
105733,25,43488.0,East,2024-09-21,2026-03-16,8,887.78,118.22,4.0,partner,no,1
100922,29,20708.0,South,2025-06-04,2026-04-03,4,270.67,67.75,4.0,store,yes,0
100547,33,39202.0,West,2023-06-19,2026-03-25,9,402.48,41.18,3.0,web,no,0
101450,56,46840.0,Budapest,2023-04-16,2026-06-21,6,423.89,85.38,4.0,mobile,yes,0
102805,40,42211.0,Budapest,2023-04-28,2026-04-16,4,179.59,40.18,4.0,store,yes,0
102611,38,46441.0,North,2024-12-22,2026-04-16,8,304.02,47.07,4.0,web,yes,0
101901,23,16464.0,East,2025-11-19,2026-05-20,7,330.39,53.53,4.0,web,no,0
102758,50,40064.0,East,2025-05-19,2026-05-24,6,236.19,47.15,4.0,web,no,0
102029,44,23065.0,East,2025-07-04,2026-02-21,5,483.42,88.96,3.0,partner,no,0
102302,42,42270.0,South,2025-03-19,2026-05-16,6,243.63,42.38,3.0,web,no,0
101886,40,28897.0,Budapest,2024-10-28,2026-04-14,5,578.76,121.95,3.0,web,yes,0
101643,41,69009.0,West,2025-02-16,2026-05-19,9,314.26,33.42,4.0,web,yes,0
100973,57,26681.0,Budapest,2025-07-16,2026-06-25,1,85.76,91.03,5.0,web,yes,0
105798,71,,North,2023-02-14,2026-06-03,8,528.47,65.14,5.0,web,yes,0
102098,52,29160.0,West,2025-12-07,2026-06-28,8,293.22,55.58,4.0,mobile,yes,0
105236,7,42742.0,East,2025-02-19,2026-04-10,8,384.9,45.96,3.0,mobile,no,1
104601,57,24423.0,East,2024-06-30,2026-04-12,6,426.16,75.77,5.0,store,no,0
105418,57,30985.0,North,2024-08-04,2026-06-06,6,669.06,104.66,5.0,mobile,no,0
105994,54,28598.0,North,2024-09-27,2026-04-25,6,317.22,48.78,3.0,web,yes,1
100837,26,34886.0,South,2025-08-27,2026-04-13,5,687.88,118.9,4.0,web,no,0
100602,56,63185.0,South,2023-06-19,2026-05-18,5,477.24,125.16,3.0,web,yes,0
102185,24,55848.0,East,2025-09-23,2026-04-29,5,355.09,65.88,4.0,web,yes,0
104794,63,28215.0,North,2024-12-21,2026-05-16,4,211.42,55.78,4.0,partner,yes,0
103556,37,30487.0,South,2025-07-12,2026-05-21,7,1011.65,167.78,4.0,web,yes,0
105175,58,35691.0,Budapest ,2023-06-04,2026-05-03,10,595.69,54.65,3.0,mobile,no,0
101583,36,31943.0,West,2025-04-05,2026-04-06,7,626.84,76.4,,web,yes,1
105170,42,15000.0,Budapest,2025-05-14,2026-05-29,8,436.17,51.32,4.0,store,no,0
103623,41,21095.0,West,2025-02-11,2026-05-08,12,631.08,63.61,4.0,partner,yes,0
105204,49,29520.0,West,2025-08-10,2026-05-30,4,238.28,55.7,4.0,web,yes,0
101071,20,27798.0,South,2024-08-12,2026-06-10,7,426.24,72.87,4.0,mobile,no,0
101776,41,33499.0,East,2023-09-17,2026-05-15,6,260.0,39.59,4.0,mobile,yes,0
105797,35,15082.0,West,2025-08-22,2026-05-02,6,603.34,99.62,5.0,mobile,yes,1
101284,27,31618.0,East,2024-07-19,2026-05-06,5,499.04,134.98,4.0,web,no,0
105013,57,53067.0,Budapest,2024-12-21,2026-06-12,6,229.27,36.41,3.0,mobile,yes,0
104404,44,74767.0,Budapest,2025-09-30,2026-05-17,4,304.18,75.67,2.0,mobile,no,1
105732,28,38357.0,North,2023-05-20,2026-05-31,9,856.03,141.59,5.0,web,no,0
101837,62,60986.0,Budapest,2025-09-07,2026-06-12,4,221.45,59.86,3.0,web,yes,0
105099,45,39873.0,South,2024-04-18,2026-06-04,8,591.25,67.05,4.0,web,no,0
101020,45,34430.0,West,2025-01-17,2026-05-13,8,521.79,57.81,5.0,mobile,no,0
100971,57,71977.0,Budapest,2025-09-12,2026-06-16,5,597.66,113.06,5.0,store,yes,0
101327,40,48134.0,West,2023-05-06,2026-04-13,3,390.81,114.64,2.0,partner,no,0
105190,42,29066.0,East,2023-05-30,2026-05-21,4,495.61,161.49,5.0,web,yes,0
100476,50,17233.0,Budapest,2023-09-27,2026-05-25,6,543.35,84.63,4.0,web,yes,0
102811,42,61217.0,Budapest,2023-02-17,2026-03-26,2,107.91,57.36,2.0,store,yes,1
104519,24,54539.0,South,2025-03-01,2026-05-16,6,197.02,40.63,4.0,mobile,no,0
101652,37,19173.0,Budapest,2025-07-07,2026-05-07,2,287.95,140.74,4.0,web,yes,0
105600,29,32444.0,West,2024-10-21,2026-04-30,7,1048.57,135.7,4.0,web,yes,0
105147,27,29191.0,North,2023-07-19,2026-05-17,6,305.24,60.97,4.0,web,no,0
102529,48,39313.0,South,2025-01-01,2026-05-05,3,111.75,37.96,4.0,store,no,0
103732,37,15000.0,North,2023-05-17,2026-05-17,8,444.82,55.82,4.0,web,yes,0
103546,33,19769.0,West,2024-10-26,2026-05-16,6,446.48,73.13,5.0,web,yes,0
103698,54,25670.0,Budapest,2025-08-19,2026-03-27,3,250.47,81.28,5.0,mobile,yes,0
101374,49,27336.0,South,2025-03-27,2026-06-28,6,414.92,69.9,4.0,store,yes,0
100740,53,66680.0,West,2023-09-15,2026-02-23,2,210.27,87.5,4.0,web,yes,1
104634,38,32505.0,Budapest,2024-11-06,2026-05-31,5,313.56,67.51,4.0,mobile,yes,1
104861,51,55640.0,West,2025-11-12,2025-09-16,7,767.71,110.05,5.0,web,yes,0
100868,56,28616.0,South,2025-12-03,2026-05-23,9,1169.32,162.71,5.0,web,no,0
102975,22,28691.0,West,2025-11-05,2026-05-10,6,282.3,49.02,4.0,web,no,0
101141,46,24683.0,West,2023-02-18,2026-06-28,6,383.88,60.67,4.0,mobile,no,0
100998,24,62864.0,Budapest,2023-09-11,2026-05-01,5,90.46,19.78,2.0,web,yes,0
101338,35,20120.0,East,2024-04-01,2026-06-28,2,90.76,53.58,4.0,mobile,yes,0
100542,52,50969.0,East,2025-08-10,2026-03-24,6,539.14,84.7,3.0,web,yes,0
101100,32,35895.0,Budapest,2024-03-04,2026-06-12,4,402.7,93.75,3.0,web,no,0
101133,18,35334.0,Budapest,2023-02-21,2026-03-13,3,591.17,194.67,4.0,web,yes,1
105851,59,47654.0,North,2023-01-05,2026-03-09,3,504.28,163.71,3.0,web,yes,0
103886,50,63704.0,Budapest,2025-02-13,2026-01-24,6,580.46,96.75,4.0,store,no,0
102259,40,38308.0,Budapest,2025-04-13,2026-04-16,7,634.28,74.44,3.0,store,no,1
104869,39,69104.0,West,2024-03-18,2026-05-29,6,306.09,43.88,5.0,mobile,no,0
103391,37,36422.0,Budapest,2023-05-24,2026-04-29,7,425.64,52.25,3.0,mobile,no,0
102963,49,37485.0,Budapest,2024-08-23,2026-04-25,2,56.67,24.97,3.0,store,no,1
100060,54,19365.0,Budapest,2024-07-14,2026-06-22,4,345.42,89.45,3.0,store,yes,0
103260,62,,Budapest,2024-05-15,2026-06-23,11,486.88,47.98,4.0,mobile,no,0
102207,60,30205.0,East,2023-01-08,2026-04-01,12,783.27,63.25,4.0,web,yes,0
101939,29,45589.0,Budapest,2025-02-04,2026-06-06,8,554.96,62.78,3.0,web,yes,0
103691,57,19931.0,Budapest,2024-02-17,2026-04-30,6,275.96,40.38,4.0,mobile,yes,0
105959,58,27533.0,East,2024-05-02,2026-04-10,8,884.32,110.59,5.0,store,yes,0
103435,40,38442.0,Budapest,2025-10-06,2026-04-20,4,222.06,55.23,3.0,store,yes,0
102814,30,21655.0,Budapest,2023-07-10,2026-05-26,6,370.55,65.18,3.0,partner,yes,0
105219,38,72793.0,Budapest,2025-03-17,2026-05-15,4,374.89,91.82,4.0,mobile,yes,0
103460,29,46032.0,South,2025-09-18,2026-04-13,7,920.39,124.31,4.0,partner,yes,0
101079,56,33690.0,East,2023-11-15,2026-04-30,5,241.57,62.34,3.0,WEB,yes,1
104557,36,22134.0,South,2025-12-27,2026-06-04,7,1024.83,151.55,2.0,web,no,0
105779,47,40327.0,South,2024-09-08,2026-03-30,2,594.77,264.13,4.0,web,no,1
104296,47,27338.0,West,2025-09-28,2026-05-03,8,375.48,50.36,3.0,mobile,no,0
103756,59,44306.0,West,2023-10-25,2026-05-27,7,558.53,95.74,3.0,mobile,yes,0
105207,38,27840.0,Budapest,2023-08-06,2026-05-22,9,540.2,74.89,3.0,mobile,no,1
102631,39,33384.0,Budapest,2023-01-09,2026-06-13,5,225.37,41.67,4.0,mobile,yes,0
104827,31,15000.0,Budapest,2025-10-26,2026-06-12,9,686.04,76.48,4.0,mobile,yes,0
103564,57,18512.0,Budapest,2025-12-16,2026-05-16,2,133.8,64.67,3.0,mobile,yes,0
103448,59,22787.0,South,2025-03-30,2026-04-01,3,154.83,55.54,4.0,mobile,no,0
100941,50,47887.0,Budapest,2023-07-01,2026-04-19,9,991.14,106.3,3.0,store,yes,1
101081,52,36391.0,Budapest,2023-07-27,2026-05-12,8,432.3,59.74,4.0,store,no,0
100188,34,30767.0,Budapest,2024-03-05,2026-06-05,6,516.63,80.08,4.0,web,yes,0
105844,40,23919.0,East,2025-04-24,2026-04-28,9,416.31,50.09,5.0,mobile,yes,1
104155,49,34690.0,East,2024-08-03,2026-06-28,6,627.79,100.15,5.0,web,yes,0
102086,25,56921.0,Budapest,2023-04-29,2026-06-28,7,654.26,95.63,3.0,store,no,0
102250,46,22071.0,West,2025-10-20,2026-04-26,5,430.4,71.86,4.0,web,no,0
103729,64,43378.0,East,2023-07-22,2026-05-22,8,474.57,62.81,3.0,mobile,yes,0
105903,37,45677.0,Budapest,2024-09-02,2026-03-23,10,753.24,76.06,5.0,mobile,no,0
102024,26,25579.0,Budapest,2024-10-25,2026-05-16,4,338.27,97.58,3.0,web,yes,1
103836,40,63711.0,West,2024-09-08,2026-05-29,4,311.88,64.43,3.0,web,no,0
101493,36,29764.0,East,2025-02-01,2026-05-28,2,116.82,55.55,4.0,store,yes,0
104627,48,44031.0,South,2023-08-14,2026-05-23,9,914.05,85.89,4.0,web,no,0
104087,48,,East,2024-08-13,2026-05-26,9,1089.69,126.14,4.0,mobile,no,0
100227,50,29092.0,Budapest,2023-11-12,2026-06-08,5,199.42,44.37,5.0,mobile,no,0
101014,52,18914.0,North,2025-02-10,2026-05-15,6,232.44,38.32,4.0,store,no,0
102584,53,32366.0,Budapest,2024-07-28,2026-03-24,5,390.57,82.27,4.0,web,no,1
101930,44,17462.0,West,2024-06-19,2026-06-01,7,219.28,25.53,4.0,mobile,yes,0
104386,30,22475.0,North,2025-02-28,2026-04-25,5,228.88,42.07,5.0,web,no,0
105413,38,22812.0,Budapest,2025-05-28,2026-04-23,4,254.87,57.27,3.0,store,yes,0
101405,50,35254.0,Budapest,2023-09-30,2026-05-10,7,1076.94,157.14,3.0,mobile,yes,0
102180,40,73484.0,North,2025-06-26,2025-04-01,6,406.78,60.48,5.0,web,yes,0
100698,18,52922.0,East,2025-10-07,2026-04-14,11,592.63,71.85,4.0,web,yes,0
101125,50,52168.0,West,2025-08-31,2026-06-28,4,296.71,76.42,4.0,web,yes,0
103283,52,19410.0,Budapest,2023-12-10,2026-06-15,8,332.88,40.86,4.0,mobile,yes,0
104004,35,25006.0,Budapest,2025-02-18,2026-04-30,7,748.54,109.19,2.0,web,no,1
105298,45,34694.0,Budapest,2025-09-06,2026-05-16,4,112.87,24.08,3.0,store,yes,0
101779,38,15339.0,West,2024-09-18,2026-06-11,4,364.22,89.7,5.0,web,yes,0
102635,32,24686.0,East,2025-11-13,2026-05-03,6,437.41,79.5,4.0,web,no,0
103092,21,87452.0,North,2025-05-30,2026-04-24,7,300.55,45.21,5.0,mobile,yes,0
104094,42,25152.0,Budapest,2025-12-24,2026-06-28,8,981.32,131.58,,mobile,no,0
101038,46,37798.0,West,2023-04-24,2026-03-30,4,158.39,40.35,3.0,store,yes,1
105020,65,20230.0,West,2025-10-09,2026-05-26,5,192.65,37.8,4.0,mobile,no,0
102257,53,33491.0,North,2023-05-17,2026-04-26,10,283.58,29.55,5.0,store,yes,0
105801,57,31032.0,West,2024-10-29,2026-06-25,6,459.26,67.46,4.0,store,yes,0
105965,38,34181.0,East,2023-12-25,2026-06-26,7,312.12,46.43,4.0,web,yes,0
100314,37,23349.0,West,2025-07-15,2026-05-19,2,199.97,95.6,1.0,web,yes,0
102650,43,35451.0,South,2024-12-23,2026-06-04,6,371.4,69.49,4.0,mobile,yes,0
102282,41,21803.0,Budapest,2025-02-06,2026-04-22,8,641.89,89.29,3.0,mobile,yes,1
103735,41,36850.0,Budapest,2024-02-20,2026-06-08,5,405.91,102.26,3.0,web,yes,1
104311,28,23951.0,East,2025-05-26,2026-04-30,5,504.29,116.17,4.0,,yes,0
102548,34,36449.0,Budapest,2023-08-31,2026-04-30,4,394.08,97.15,4.0,mobile,yes,0
101417,44,22430.0,East,2025-10-01,2026-06-28,5,229.73,43.04,4.0,web,yes,0
101037,50,,West,2024-06-27,2026-04-20,4,373.74,104.33,5.0,web,yes,1
102160,30,32673.0,Budapest,2025-12-25,2026-04-28,13,1056.22,76.65,5.0,web,yes,0
102985,54,37150.0,Budapest,2024-07-24,2026-06-28,6,559.54,110.28,4.0,,yes,0
103138,48,30262.0,Budapest,2024-02-28,2026-04-23,8,879.23,122.39,3.0,mobile,yes,0
105007,56,42110.0,South,2025-09-25,2026-06-28,5,458.73,78.51,3.0,store,yes,0
101755,37,,West,2023-08-13,2026-04-11,7,160.61,27.05,4.0,mobile,yes,1
105387,31,34093.0,Budapest,2023-11-28,2026-05-21,6,882.29,128.46,4.0,web,yes,0
104274,44,15000.0,South,2024-10-16,2026-04-11,6,378.86,63.03,2.0,web,yes,0
103860,43,19876.0,Budapest,2024-10-06,2026-05-31,5,325.08,67.09,3.0,mobile,yes,0
103667,29,,Budapest,2025-06-02,2026-06-09,6,546.3,108.46,3.0,partner,no,0
102521,55,25110.0,Budapest,2023-07-03,2026-03-28,3,125.18,37.59,4.0,mobile,yes,0
100874,33,34829.0,West,2023-04-16,2026-05-14,12,483.22,45.41,4.0,web,yes,0
104454,46,23905.0,East,2023-01-16,2026-04-27,11,714.68,66.58,4.0,web,yes,0
104513,43,38154.0,South,2025-06-04,2026-05-12,9,822.37,88.52,5.0,web,yes,0
101507,18,,South,2024-09-06,2026-04-07,3,137.81,55.71,3.0,partner,no,0
103935,51,20835.0,West,2024-06-18,2026-04-05,7,493.95,59.34,2.0,store,no,0
101924,44,36130.0,West,2024-11-03,2026-05-25,9,824.86,132.97,3.0,mobile,no,0
100449,36,,Budapest,2024-10-23,2026-05-25,6,165.5,29.92,3.0,mobile,yes,0
103500,18,36130.0,South,2024-09-24,2026-04-24,4,176.04,46.54,3.0,web,yes,1
103615,43,30265.0,East,2024-05-21,2026-05-19,3,254.27,87.24,4.0,web,no,0
105996,36,47212.0,West,2023-05-05,2026-04-05,7,199.19,33.91,2.0,store,no,0
105909,56,31131.0,Budapest,2025-11-01,2026-04-17,7,514.06,93.56,4.0,web,yes,0
103258,43,23387.0,Budapest,2025-09-05,2026-04-01,6,511.57,76.98,4.0,partner,yes,0
100362,52,29290.0,Budapest,2023-11-30,2026-05-16,8,285.77,39.52,4.0,mobile,yes,0
102184,54,62515.0,Budapest,2025-01-26,2026-06-15,6,422.14,69.21,3.0,web,no,0
101135,32,67527.0,North,2025-05-07,2026-06-07,7,339.35,49.56,3.0,web,yes,0
104856,32,64581.0,North,2023-05-17,2026-06-27,7,238.32,35.42,6.0,web,no,0
103200,27,15000.0,North,2024-11-12,2026-03-08,5,211.52,39.64,3.0,mobile,yes,1
105323,67,40023.0,South,2024-02-01,2026-04-24,6,617.78,97.44,2.0,mobile,no,1
103439,56,56249.0,Budapest,2023-06-06,2026-05-29,6,94.61,17.98,4.0,mobile,no,0
102156,25,48944.0,South,2025-05-06,2026-04-22,7,313.58,40.7,4.0,partner,yes,1
101831,51,34464.0,West,2023-08-14,2026-04-07,6,294.88,52.71,3.0,partner,no,0
101054,33,16162.0,Budapest,2025-02-21,2026-04-03,6,527.37,93.75,4.0,mobile,no,0
102461,54,21639.0,South,2025-04-09,2026-05-11,7,343.51,47.67,5.0,partner,yes,0
100023,39,26734.0,North,2023-10-02,2026-06-22,5,285.65,63.92,5.0,web,no,0
102067,38,,West,2025-10-16,2026-05-12,6,544.39,97.47,5.0,web,yes,0
101654,47,37916.0,Budapest,2025-08-13,2026-05-01,12,651.92,58.96,5.0,web,no,0
104900,18,17809.0,South,2025-03-11,2026-05-15,9,603.28,62.87,4.0,web,yes,0
104355,57,24079.0,North,2025-03-06,2026-05-21,3,188.03,67.94,4.0,mobile,yes,0
102744,60,,South,2024-07-14,2026-04-03,7,399.63,55.14,3.0,store,yes,0
104292,29,25260.0,Budapest,2025-07-06,2026-05-20,4,370.99,84.01,3.0,store,yes,0
104898,40,34273.0,West,2024-11-12,2026-05-06,7,685.98,112.86,4.0,store,no,0
102469,30,43463.0,East,2023-12-16,2026-04-28,7,411.98,51.45,,mobile,yes,1
102326,32,32039.0,North,2025-06-26,2026-06-04,9,785.23,76.88,5.0,web,yes,0
100461,45,15642.0,East,2023-06-11,2026-05-31,8,390.02,46.83,4.0,web,no,1
101068,41,28962.0,East,2024-05-31,2026-06-16,6,317.33,59.5,3.0,partner,yes,0
100088,46,15000.0,West,2023-02-28,2026-06-03,6,504.6,84.19,5.0,web,yes,0
101431,31,31493.0,North,2025-06-04,2026-06-10,9,819.48,76.79,4.0,store,yes,0
103781,50,46183.0,Budapest,2024-09-13,2026-05-04,5,389.55,79.35,5.0,web,yes,0
100283,38,19529.0,Budapest,2024-09-18,2026-05-26,5,200.05,37.86,5.0,web,no,0
102484,44,24076.0,Budapest,2023-12-09,2026-06-28,7,781.96,95.83,3.0,mobile,yes,0
100463,65,29544.0,North,2025-02-06,2026-04-30,6,427.77,94.31,3.0,store,yes,1
100213,51,42994.0,Budapest,2023-03-18,2026-04-26,5,337.4,61.16,4.0,web,yes,0
102589,55,43116.0,West,2023-10-29,2026-06-18,3,278.55,89.0,3.0,mobile,yes,0
105754,58,52396.0,South,2025-10-08,2026-04-05,4,237.67,60.63,4.0,mobile,no,0
102908,54,106843.0,Budapest,2024-08-08,2026-04-10,3,157.37,62.75,5.0,store,no,0
102582,27,36267.0,South,2025-04-20,2026-04-24,4,266.12,56.08,5.0,web,no,0
101369,36,27824.0,Budapest,2023-05-05,2026-05-13,6,665.49,100.46,4.0,partner,yes,0
100235,29,40062.0,North,2023-12-26,2026-06-12,4,125.58,31.74,3.0,web,no,0
104699,76,59754.0,East,2023-03-04,2026-06-06,5,159.81,32.86,3.0,store,yes,0
100598,62,40265.0,East,2023-08-10,2026-02-18,6,206.57,29.78,2.0,web,yes,0
105556,40,23766.0,South,2023-09-30,2026-04-04,5,189.58,46.29,2.0,mobile,yes,0
102251,24,28468.0,East,2025-12-30,2026-06-28,4,153.04,38.6,5.0,web,yes,0
104895,22,38132.0,East,2024-10-20,2026-02-27,4,310.25,75.16,3.0,mobile,yes,1
102284,38,26090.0,East,2023-01-08,2026-05-31,6,500.58,82.93,4.0,mobile,yes,0
100663,49,,Budapest,2023-11-13,2026-06-28,7,623.86,91.55,4.0,web,yes,0
105990,34,-5000.0,West,2025-04-24,2026-05-25,4,118.94,29.77,5.0,mobile,no,0
102286,41,59290.0,Budapest,2023-07-21,2026-06-04,3,104.57,40.73,4.0,web,no,1
103432,39,46341.0,East,2023-06-16,2026-06-23,7,537.78,72.59,5.0,web,yes,0
105687,33,50005.0,Budapest,2023-10-30,2026-06-18,3,219.65,68.45,3.0,web,yes,0
104344,25,41643.0,Budapest,2023-10-18,2026-06-15,4,273.37,78.0,3.0,partner,no,0
105840,46,47045.0,Budapest,2024-05-26,2026-03-26,2,147.97,77.16,4.0,web,yes,1
105504,37,53927.0,East,2023-10-28,2026-05-04,4,272.9,59.84,3.0,mobile,yes,0
103469,61,34426.0,Budapest,2024-02-25,2026-05-22,7,499.67,71.3,4.0,mobile,no,0
103581,58,38117.0,South,2025-10-14,2026-06-28,2,167.49,81.74,4.0,store,no,0
102991,33,28027.0,South,2024-11-26,2026-05-08,7,702.23,116.64,4.0,store,yes,0
105363,52,29136.0,Budapest,2023-11-30,2026-06-01,6,390.65,63.88,3.0,store,yes,1
100780,37,42652.0,South,2025-04-05,2026-05-13,4,300.98,86.77,3.0,store,yes,0
102545,40,58955.0,East,2024-12-18,2026-06-28,6,264.48,40.47,5.0,web,no,0
104479,42,34261.0,South,2025-11-13,2026-06-28,5,356.59,69.34,5.0,web,yes,0
104508,43,26773.0,Budapest,2023-01-17,2026-05-01,8,1874.04,217.73,4.0,web,no,0
104413,36,35451.0,South,2025-06-27,2026-06-28,5,189.73,38.54,4.0,web,yes,0
104348,30,31726.0,South,2024-09-02,2026-03-31,6,345.75,61.02,2.0,mobile,yes,1
104957,18,30383.0,South,2025-07-15,2026-02-25,10,535.02,41.59,5.0,partner,yes,0
105831,48,39404.0,East,2025-10-23,2026-03-24,7,666.85,89.51,4.0,web,yes,0
100686,40,37302.0,West,2023-04-22,2026-04-23,6,509.25,105.79,3.0,web,no,0
105293,61,18137.0,South,2023-03-24,2026-04-19,7,389.78,53.96,4.0,web,no,1
105781,27,21469.0,North,2025-11-03,2026-03-30,4,709.71,146.47,4.0,web,no,1
103244,36,24947.0,Budapest,2024-08-28,2026-05-20,8,291.11,34.28,3.0,web,yes,0
101749,49,,West,2024-03-18,2026-04-12,6,787.23,124.97,3.0,web,yes,0
103932,46,37845.0,East,2025-11-16,2026-05-28,8,474.47,58.94,4.0,mobile,yes,1
104664,27,45030.0,Budapest,2024-11-09,2026-05-24,4,419.99,91.16,2.0,store,no,0
102838,18,40108.0,Budapest,2023-09-25,2026-05-21,10,525.18,60.79,4.0,store,yes,0
103033,63,27650.0,Budapest,2023-11-22,2026-06-11,11,650.3,52.88,3.0,web,yes,0
102172,39,33876.0,Budapest,2025-03-09,2026-05-23,7,531.36,78.32,3.0,mobile,yes,0
103809,31,79517.0,North,2025-11-05,2026-04-15,9,291.57,37.11,2.0,mobile,no,0
101851,29,35194.0,Budapest,2024-04-28,2026-04-20,10,1486.94,130.74,3.0,mobile,yes,0
100488,30,36102.0,Budapest,2025-06-20,2026-06-28,4,467.43,96.94,4.0,mobile,yes,0
101689,53,74219.0,East,2024-07-12,2026-04-09,8,197.4,23.13,5.0,web,yes,0
102231,53,29105.0,Budapest,2024-06-24,2026-05-09,5,469.46,94.28,3.0,web,yes,0
103474,43,20271.0,West,2024-07-13,2026-04-23,10,392.18,45.81,4.0,web,yes,0
104398,67,36935.0,South,2025-10-23,2026-04-26,2,35.33,22.34,,web,no,0
102321,63,31159.0,Budapest,2023-03-05,2026-02-17,4,196.75,42.86,3.0,web,no,0
100783,29,25680.0,West,2024-01-23,2026-06-06,7,396.07,54.18,3.0,mobile,yes,0
100522,54,51629.0,West,2024-04-02,2026-05-15,5,349.81,54.76,2.0,mobile,no,1
100523,28,15000.0,Budapest,2024-11-01,2026-05-13,3,181.87,63.97,3.0,web,yes,0
104717,59,52701.0,West,2023-05-09,2026-03-08,6,390.23,72.97,3.0,mobile,yes,1
102940,36,32761.0,Budapest,2023-09-27,2026-04-12,7,509.84,70.14,3.0,partner,yes,0
104706,45,33051.0,Budapest,2024-09-20,2026-06-28,5,371.13,72.28,5.0,mobile,yes,0
104852,36,26698.0,South,2024-04-29,2026-03-24,9,511.19,64.51,3.0,mobile,yes,0
102399,25,40045.0,Budapest,2023-12-04,2026-06-18,2,162.54,96.44,4.0,partner,yes,0
102208,52,37003.0,West,2025-02-25,2026-06-04,6,262.83,41.06,4.0,web,no,0
105935,36,29215.0,Budapest,2023-06-13,2026-05-14,7,408.55,60.83,3.0,store,no,0
100781,55,29804.0,Budapest,2024-10-10,2026-04-24,9,772.05,82.95,2.0,web,yes,1
104713,29,39561.0,East,2024-07-29,2026-06-28,5,331.07,65.31,3.0,mobile,no,0
104041,47,17350.0,West,2025-04-20,2026-06-09,2,80.47,44.38,3.0,web,no,0
101512,28,100677.0,Budapest,2025-05-24,2026-05-01,3,239.29,70.9,3.0,mobile,yes,1
101883,64,53239.0,West,2023-03-07,2026-06-20,13,1414.73,116.41,3.0,web,yes,0
100652,39,71792.0,North,2023-07-17,2026-05-24,7,302.74,37.87,3.0,partner,no,0
104704,38,40802.0,West,2025-04-02,2026-06-19,7,517.66,65.45,3.0,mobile,no,0
101802,46,41341.0,East,2023-09-23,2026-06-06,4,170.82,40.0,4.0,store,no,0
100370,24,62355.0,North,2024-11-14,2026-03-18,6,466.65,87.6,4.0,store,yes,0
105262,29,31280.0,East,2023-08-21,2026-05-19,7,367.61,47.6,2.0,store,no,0
101416,38,27861.0,South,2023-06-20,2026-06-28,6,656.25,108.65,4.0,store,yes,0
100119,42,22661.0,West,2024-06-17,2026-05-11,4,254.24,57.19,3.0,store,no,0
100378,53,18122.0,West,2023-06-11,2026-06-10,6,1204.24,167.15,5.0,store,yes,0
100217,44,20295.0,Budapest,2023-11-08,2026-03-20,7,706.73,98.72,4.0,mobile,yes,0
102217,47,39465.0,Budapest,2024-01-05,2026-05-30,8,558.21,72.26,5.0,store,no,0
105282,32,18528.0,Budapest,2024-12-05,2026-05-31,5,246.68,46.66,5.0,mobile,yes,0
101614,45,36009.0,West,2025-10-14,2026-06-28,5,455.96,75.67,3.0,web,yes,0
102884,46,23122.0,Budapest,2023-04-26,2026-05-10,7,602.05,103.77,4.0,web,yes,0
104319,59,19412.0,South,2025-12-09,2026-04-22,6,413.82,72.78,4.0,partner,yes,0
105412,42,26256.0,South,2023-01-30,2026-06-13,7,798.01,104.67,3.0,web,no,0
100963,34,57532.0,Budapest,2025-11-20,2026-04-17,5,393.18,70.59,4.0,mobile,yes,1
105428,46,63564.0,South,2023-07-22,2026-06-28,5,222.15,34.45,3.0,web,no,0
102511,67,17127.0,West,2023-03-19,2026-06-03,8,340.55,51.09,4.0,web,no,0
105661,62,31197.0,Wset,2025-09-10,2026-05-21,9,480.18,68.27,4.0,store,no,0
104589,59,39386.0,East,2024-04-03,2026-05-27,4,117.2,32.13,5.0,web,no,0
104072,39,50596.0,East,2025-01-22,2026-06-18,5,851.4,175.42,4.0,partner,no,0
100360,29,27870.0,East,2024-02-22,2026-05-15,8,334.23,44.54,3.0,mobile,yes,0
101247,43,15304.0,East,2023-12-26,2026-05-14,6,186.66,34.3,3.0,store,yes,0
103409,18,113396.0,West,2025-05-17,2026-05-01,6,149.19,30.39,3.0,store,yes,0
104757,23,22971.0,West,2023-06-02,2026-03-20,7,373.33,56.27,4.0,store,yes,1
102416,38,22243.0,Budapest,2025-09-04,2026-05-28,6,491.71,97.26,5.0,store,yes,0
105610,43,35934.0,East,2024-10-26,2026-05-16,5,398.76,91.52,4.0,web,no,0
105682,53,26149.0,West,2023-03-13,2026-04-15,7,448.14,76.5,3.0,mobile,no,1
102186,40,,Budapest,2024-06-23,2026-05-05,4,123.63,26.68,3.0,partner,no,1
104040,33,33156.0,South,2025-06-18,2026-05-21,6,742.85,146.67,3.0,mobile,yes,1
102568,52,29623.0,Budapest,2023-09-21,2026-04-06,5,490.79,98.69,4.0,mobile,yes,1
103424,20,28169.0,West,2024-10-20,2026-04-04,8,621.63,72.43,4.0,web,yes,0
102038,38,,Budapest,2024-03-01,2026-04-30,11,738.18,74.9,3.0,mobile,yes,0
105122,40,35858.0,Budapest,2024-07-20,2026-04-14,6,528.55,92.7,2.0,mobile,yes,0
100773,51,48509.0,East,2024-02-06,2026-04-21,5,708.61,135.13,3.0,mobile,yes,1
101285,18,73619.0,North,2024-08-28,2026-04-26,5,127.08,25.73,4.0,partner,yes,0
105543,45,25358.0,East,2025-10-18,2026-04-24,3,366.56,107.93,5.0,mobile,yes,0
103563,35,21580.0,North,2023-10-09,2026-05-09,7,547.82,69.35,5.0,web,yes,0
105711,58,60187.0,South,2024-10-28,2026-05-25,3,313.67,97.63,4.0,mobile,no,0
102588,43,56520.0,Budapest,2023-08-01,2026-06-24,3,93.26,47.19,5.0,mobile,yes,0
105725,47,44033.0,South,2023-07-08,2026-04-22,5,302.69,57.7,3.0,web,yes,1
101415,41,34405.0,Budapest,2024-04-12,2026-04-11,6,428.23,70.95,4.0,mobile,no,0
101235,53,33611.0,Budapest,2025-06-14,2026-05-17,3,146.93,53.96,5.0,mobile,yes,0
104419,55,29908.0,Budapest,2025-11-13,2025-07-23,3,271.79,80.4,4.0,web,yes,1
100436,59,36739.0,Budapest,2024-01-12,2026-04-10,11,368.62,36.01,4.0,web,yes,0
101675,44,42319.0,South,2024-12-06,2026-04-27,3,675.36,176.49,3.0,mobile,no,0
103300,23,15000.0,Budapest,2024-05-17,2026-05-12,6,173.88,27.09,4.0,web,yes,0
100366,46,38189.0,West,2025-10-16,2026-05-05,8,545.96,59.59,5.0,web,no,0
103783,34,40790.0,North,2024-09-01,2026-02-06,7,586.48,71.48,2.0,mobile,yes,0
100232,18,51735.0,West,2023-12-03,2026-04-13,6,314.58,49.94,4.0,mobile,yes,0
105344,36,38588.0,East,2023-08-02,2026-03-25,6,435.73,68.69,5.0,web,yes,0
100148,68,49106.0,East,2023-02-17,2026-06-28,7,501.77,87.44,3.0,web,yes,0
105295,38,38682.0,South,2024-01-11,2026-04-22,4,270.23,77.99,3.0,,yes,0
103089,42,35014.0,East,2025-01-21,2026-04-25,6,291.95,44.35,2.0,,yes,0
104082,41,33971.0,Budapest,2024-08-27,2026-06-23,4,369.14,109.24,4.0,web,no,0
103555,40,51028.0,Budapest,2024-09-22,2026-05-10,10,723.26,79.49,3.0,web,yes,1
100408,34,36935.0,South,2025-09-21,2026-05-06,3,188.24,76.76,4.0,web,yes,1
105569,37,15000.0,Budapest,2024-07-11,2026-05-13,4,159.45,40.42,3.0,mobile,yes,0
103457,49,49045.0,North,2025-04-27,2026-04-12,2,191.36,93.73,5.0,web,yes,0
102091,55,56505.0,West,2023-07-21,2026-06-13,5,216.47,44.34,4.0,web,yes,0
100087,36,24017.0,South,2023-12-14,2023-10-04,6,570.78,103.28,3.0,mobile,no,0
103577,51,41633.0,South,2023-10-01,2026-05-06,6,380.83,63.57,4.0,web,yes,0
103272,27,24900.0,East,2023-08-24,2026-05-22,3,207.36,54.38,3.0,store,no,0
100845,50,15000.0,Budapest,2025-11-28,2026-04-11,5,308.33,60.69,2.0,mobile,no,0
101032,41,23614.0,East,2025-03-30,2026-05-06,5,131.44,27.51,4.0,web,no,0
103760,18,48147.0,Budapest,2023-12-22,2026-03-28,6,552.98,80.25,3.0,web,yes,1
104353,29,36943.0,East,2025-07-15,2026-05-16,3,77.75,30.32,5.0,mobile,no,0
103898,59,36394.0,West,2025-11-04,2026-06-03,6,492.55,94.01,3.0,store,yes,0
102988,42,,East,2024-03-15,2026-03-23,8,377.13,43.25,2.0,partner,yes,0
104374,57,31561.0,Budapest,2023-12-25,2026-04-09,7,926.55,121.56,4.0,web,no,0
102629,38,24773.0,Budapest,2024-06-21,2026-05-29,6,139.99,23.56,4.0,web,yes,1
103795,43,24384.0,East,2024-05-26,2026-05-15,4,245.62,73.1,4.0,web,no,1
103817,44,23421.0,West,2025-12-28,2026-06-04,3,273.24,106.15,4.0,web,no,0
100856,38,30027.0,West,2025-09-01,2026-05-03,7,334.49,50.45,3.0,web,no,0
103004,24,36843.0,South,2023-12-03,2026-05-06,5,212.47,37.02,5.0,web,yes,1
100079,18,24946.0,East,2025-11-27,2026-06-05,6,210.8,32.8,3.0,,no,0
102993,51,19583.0,Budapest,2023-11-24,2026-05-26,5,410.53,75.95,2.0,web,yes,0
102248,54,32761.0,East,2025-10-17,2026-02-20,6,331.69,64.94,5.0,web,yes,0
105912,32,24383.0,Budapest,2024-02-09,2026-03-25,5,-157.1724475259649,72.95,4.0,store,yes,0
105506,32,19237.0,West,2024-02-04,2026-06-23,8,778.03,102.61,4.0,web,yes,0
105546,44,38981.0,Budapest,2024-05-14,2026-04-29,5,354.12,71.11,5.0,mobile,no,0
100759,38,22551.0,Budapest,2024-08-18,2026-05-08,4,375.07,86.18,3.0,web,no,0
104330,44,35194.0,North,2023-04-22,2026-06-21,4,328.83,80.91,5.0,store,no,1
103356,27,31245.0,West,2023-12-29,2026-04-17,5,545.34,115.62,4.0,web,no,0
100789,60,23127.0,South,2024-06-22,2026-06-04,11,522.49,59.43,4.0,store,no,0
102280,39,,East,2025-06-24,2026-06-28,3,296.06,92.95,3.0,web,no,0
104305,41,50640.0,Budapest,2023-11-21,2026-06-28,10,564.32,49.81,3.0,store,no,0
104271,34,25478.0,North,2024-12-11,2026-05-07,7,561.8,80.12,3.0,mobile,yes,1
105003,49,55852.0,South,2024-07-23,2026-05-26,5,244.84,48.37,4.0,store,yes,0
105961,54,17191.0,Budapest,2023-11-13,2026-03-02,6,238.65,38.2,4.0,mobile,no,0
103632,26,46770.0,North,2025-11-25,2026-05-03,8,747.48,78.39,3.0,partner,yes,0
104510,48,52061.0,Budapest,2025-09-22,2026-05-19,9,716.21,94.61,4.0,store,no,0
104946,51,81970.0,South,2023-06-05,2026-05-24,10,547.29,51.68,4.0,partner,yes,0
102177,30,39404.0,West,2025-04-17,2026-05-01,4,363.71,83.93,3.0,mobile,yes,0
100425,56,63868.0,East,2023-03-10,2026-04-15,5,292.88,53.22,4.0,web,no,1
100393,32,19902.0,East,2024-09-03,2026-04-12,5,903.09,206.47,2.0,web,yes,0
104688,37,26964.0,West,2024-02-28,2026-06-14,7,380.64,52.07,4.0,store,yes,0
105697,57,50630.0,Budapest,2025-10-20,2026-06-20,9,510.61,63.14,4.0,store,yes,0
102240,54,40482.0,East,2024-11-20,2026-05-23,7,447.38,70.04,3.0,web,no,0
100105,27,30138.0,South,2023-08-20,2026-06-28,5,275.8,55.56,4.0,mobile,no,0
102673,45,43730.0,West,2025-12-16,2026-06-14,8,649.62,87.59,5.0,partner,yes,0
105516,43,36909.0,North,2025-08-30,2026-05-31,6,155.14,30.23,3.0,web,no,0
105485,20,21806.0,North,2025-07-21,2026-06-10,4,348.29,84.65,5.0,web,yes,0
102069,47,59033.0,Budapest,2024-12-16,2026-05-12,10,961.26,84.84,4.0,web,yes,0
105016,73,19269.0,Budapest,2023-03-15,2026-04-20,6,585.11,110.6,4.0,mobile,yes,0
103494,46,110851.0,East,2025-07-31,2026-06-28,6,699.18,116.97,3.0,mobile,no,0
101949,34,,Budapest,2025-05-28,2026-05-22,9,1455.01,143.51,3.0,web,no,1
101460,36,27113.0,West,2024-12-12,2026-06-14,3,257.36,67.34,4.0,mobile,no,0
101769,31,27028.0,Budapest,2024-10-24,2024-08-07,12,690.43,63.91,4.0,partner,no,0
103299,61,18440.0,West,2025-12-28,2026-04-22,7,242.37,37.46,5.0,mobile,yes,0
104013,18,53685.0,North,2024-03-29,2026-04-16,5,256.0,43.63,4.0,web,yes,0
104208,51,44753.0,Budapest,2025-12-22,2026-05-15,8,714.71,77.59,4.0,web,yes,0
105774,46,46432.0,East,2024-09-07,2026-04-20,7,321.37,46.94,4.0,mobile,yes,0
101588,42,15000.0,East,2023-01-03,2026-05-11,4,239.43,63.79,1.0,partner,no,1
104665,48,15000.0,East,2025-07-31,2026-05-19,6,262.17,45.77,4.0,web,no,0
101732,34,33080.0,Budapest,2025-08-25,2026-04-01,6,501.09,90.19,4.0,mobile,yes,0
105745,37,58678.0,East,2024-03-19,2026-05-10,4,297.67,61.74,4.0,web,yes,0
104698,44,45956.0,West,2025-12-07,2026-06-26,4,169.5,39.47,3.0,mobile,yes,0
100183,25,36119.0,West,2025-05-22,2026-05-17,6,483.56,78.0,4.0,store,yes,0
101792,26,22545.0,Budapest ,2024-10-08,2026-04-16,6,664.88,100.15,3.0,mobile,yes,0
102356,53,29779.0,South,2024-01-23,2026-03-29,10,688.6,66.97,2.0,store,yes,0
101941,61,83346.0,Budapest,2025-02-18,2026-06-07,8,329.54,35.85,4.0,web,no,0
100703,36,42861.0,Budapest,2025-07-02,2026-03-29,9,491.61,62.55,5.0,partner,yes,0
102443,54,34023.0,Budapest,2025-08-21,2026-06-08,4,338.12,78.77,2.0,web,yes,0
104025,27,16791.0,South,2024-10-13,2026-04-30,4,129.09,25.76,2.0,web,yes,0
100497,59,,West,2024-06-01,2026-05-24,6,650.81,102.04,3.0,mobile,no,1
104819,40,26693.0,East,2023-09-14,2026-06-07,6,282.32,49.79,2.0,web,no,0
100465,60,36124.0,East,2024-10-24,2026-06-25,3,66.13,22.39,3.0,mobile,yes,0
103842,18,39945.0,East,2025-04-07,2026-04-04,4,378.97,71.92,2.0,web,yes,0
105211,58,41019.0,West,2025-03-24,2026-06-18,5,349.15,66.62,3.0,mobile,no,0
100173,33,40873.0,Budapest,2023-06-04,2026-05-18,8,219.52,28.8,3.0,web,yes,0
102021,60,23917.0,East,2025-06-20,2026-03-20,5,359.88,66.03,3.0,web,yes,0
105783,54,25818.0,West,2024-05-14,2026-06-24,7,316.87,54.61,4.0,mobile,no,1
105369,39,40369.0,South,2024-06-29,2026-06-18,5,509.48,113.94,2.0,mobile,no,0
102541,35,25629.0,West,2025-02-10,2026-05-14,4,211.77,68.5,4.0,web,yes,0
105983,36,47579.0,South,2023-01-18,2026-06-20,2,245.55,106.56,3.0,mobile,yes,0
102010,46,20036.0,East,2024-04-11,2026-06-28,9,544.83,58.09,4.0,mobile,no,0
102261,50,94302.0,East,2024-07-06,2026-06-28,3,194.01,69.38,,web,no,0
103085,36,27906.0,South,2024-06-19,2026-04-01,7,277.43,44.13,5.0,web,no,0
102113,36,17264.0,Budapest,2025-05-26,2026-06-20,6,324.43,51.22,4.0,partner,yes,0
100901,51,22543.0,West,2024-04-18,2026-04-29,5,256.06,49.34,4.0,web,yes,0
101447,35,49809.0,North,2025-06-01,2026-06-14,9,846.76,87.97,5.0,mobile,no,0
101912,41,25875.0,Budapest,2023-11-26,2026-06-02,6,446.33,88.45,5.0,web,no,0
103543,44,31590.0,North,2025-09-23,2026-04-06,6,481.88,88.51,4.0,mobile,yes,0
102698,59,30748.0,Budapest,2024-11-04,2026-05-31,8,192.36,32.01,3.0,,no,0
104060,46,36481.0,South,2025-04-05,2026-04-01,5,481.7,108.01,4.0,partner,yes,0
103663,40,36018.0,North,2025-10-13,2026-04-15,3,160.09,56.76,4.0,web,yes,1
100742,39,46918.0,Budapest,2025-09-12,2026-04-22,7,229.72,33.11,4.0,web,yes,1
102294,41,36691.0,Budapest,2025-11-22,2026-04-28,4,424.66,98.76,5.0,web,yes,0
102453,33,,East,2025-12-14,2026-06-19,10,1227.74,106.71,4.0,web,yes,0
103859,30,40178.0,East,2023-12-10,2026-05-17,7,627.76,70.5,5.0,mobile,yes,0
104923,38,26769.0,Budapest,2025-04-28,2026-05-24,5,571.46,119.47,5.0,store,yes,1
101207,26,43025.0,East,2025-05-14,2026-06-28,9,581.99,62.27,5.0,mobile,yes,0
100510,50,38636.0,Budapest,2023-02-27,2026-03-27,4,218.77,64.19,3.0,mobile,yes,1
103717,46,22299.0,South,2023-11-13,2026-06-14,9,237.84,25.74,4.0,web,no,0
104998,74,23538.0,West,2024-06-02,2026-04-10,5,324.92,72.5,4.0,store,no,0
105084,35,,Budapest,2025-12-07,2026-06-28,2,124.21,60.2,3.0,,yes,1
104012,39,107674.0,Budapest,2025-07-01,2026-05-17,5,237.32,46.13,5.0,mobile,yes,0
105462,34,32538.0,Budapest,2025-03-27,2026-03-28,5,143.98,30.88,2.0,mobile,no,0
101550,31,40941.0,Budapest,2024-05-29,2026-04-15,7,315.64,54.98,4.0,web,yes,0
103030,32,34056.0,West,2023-08-09,2026-03-24,7,720.21,93.06,4.0,web,no,1
104547,38,46830.0,North,2023-04-27,2026-03-27,4,315.36,76.44,5.0,mobile,yes,1
102203,53,,North,2025-04-08,2026-05-09,5,185.23,37.98,3.0,web,no,0
102567,61,44947.0,Budapest,2023-11-21,2026-03-07,8,385.91,45.71,4.0,store,no,0
103831,41,32562.0,West,2024-07-01,2026-05-13,6,497.05,90.23,4.0,store,yes,0
102045,46,20427.0,North,2025-06-30,2026-05-24,10,577.32,50.12,4.0,partner,yes,0
100768,27,,Budapest,2023-12-21,2026-03-27,8,387.1,43.81,5.0,mobile,yes,0
105882,18,15000.0,Budapest,2024-09-12,2026-04-15,7,922.14,115.15,3.0,store,yes,0
103700,20,27689.0,West,2023-09-26,2026-06-16,9,276.38,33.06,3.0,web,no,0
101509,46,57993.0,Budapest,2024-06-30,2026-03-19,4,339.72,80.81,4.0,mobile,yes,0
103135,43,44235.0,South,2023-04-23,2026-04-03,6,333.13,46.88,5.0,web,yes,0
105868,50,32987.0,East,2023-04-15,2026-03-05,6,419.08,66.75,4.0,store,yes,0
100422,30,29623.0,Budapest,2025-05-23,2026-06-15,9,997.9,118.05,4.0,mobile,yes,0
100124,36,40111.0,West,2025-03-19,2026-03-26,8,485.08,59.83,4.0,web,yes,0
105006,61,16524.0,West,2024-06-19,2026-05-31,5,241.59,58.25,5.0,web,yes,0
104986,49,29918.0,Budapest,2025-08-26,2026-06-08,4,334.17,82.0,4.0,web,no,0
103293,47,15000.0,East,2025-10-01,2026-05-19,6,333.71,56.14,4.0,store,yes,0
100820,46,23278.0,Budapest,2024-10-10,2026-05-05,4,257.33,59.79,4.0,partner,no,0
101404,33,22943.0,Budapest,2025-02-26,2026-04-23,5,220.47,40.37,3.0,mobile,yes,0
101383,34,35473.0,East,2025-10-10,2026-05-18,8,378.1,36.29,5.0,partner,yes,0
102149,43,56026.0,South,2023-09-06,2026-05-02,5,479.91,84.61,4.0,store,yes,0
105070,45,32973.0,West,2025-09-27,2026-05-14,6,316.0,49.3,3.0,web,no,0
101576,60,20929.0,Budapest,2025-05-04,2026-03-17,10,1121.81,106.22,4.0,partner,no,0
101639,37,30509.0,Budapest,2025-10-05,2026-04-02,6,350.66,62.48,1.0,mobile,yes,1
101796,32,32043.0,Budapest,2024-10-02,2026-06-25,4,246.68,51.45,3.0,store,yes,0
103332,54,44682.0,Budapest,2023-11-30,2026-03-27,7,519.97,62.25,3.0,web,no,0
105804,38,21984.0,East,2024-03-17,2026-04-20,6,375.92,61.99,3.0,store,yes,0
105367,53,19198.0,West,2024-05-27,2026-06-28,8,442.14,56.94,4.0,web,yes,0
100400,58,24817.0,Wset,2025-04-10,2026-04-29,9,416.92,43.73,5.0,store,no,0
103152,45,,East,2025-06-27,2026-06-10,5,323.41,65.84,3.0,web,yes,0
102311,32,42381.0,North,2024-03-23,2026-03-27,2,167.43,111.57,3.0,store,no,0
100883,41,24555.0,North,2023-12-23,2026-05-05,8,535.39,70.43,3.0,web,no,0
103566,37,25142.0,South,2025-03-01,2026-05-18,7,435.21,63.99,3.0,mobile,yes,0
106000,22,44941.0,South,2025-07-28,2026-06-23,6,531.27,78.71,4.0,mobile,no,0
101180,41,46364.0,Budapest,2025-04-24,2026-05-27,4,161.06,49.62,4.0,web,yes,0
101353,55,27808.0,Budapest,2024-03-28,2026-05-25,6,702.02,135.26,4.0,partner,yes,0
105307,41,16668.0,North,2025-07-16,2026-05-06,4,159.77,41.37,4.0,web,yes,0
105486,64,57048.0,North,2025-04-27,2026-06-11,6,223.5,35.97,4.0,mobile,yes,1
102131,18,46588.0,Budapest,2023-01-28,2026-04-25,8,785.08,90.6,4.0,mobile,yes,0
100983,25,38976.0,South,2025-12-09,2026-03-24,5,718.29,135.85,3.0,web,no,1
100457,34,44155.0,North,2024-02-02,2026-06-06,6,818.79,124.99,4.0,mobile,yes,0
101487,52,21571.0,North,2024-11-18,2026-04-08,8,841.03,126.62,4.0,web,no,1
101080,45,34316.0,Budapest,2024-12-28,2026-05-23,9,372.35,36.4,4.0,partner,yes,0
101951,42,55716.0,North,2025-08-06,2026-04-21,10,1082.46,157.8,3.0,mobile,yes,0
105184,54,21866.0,East,2025-12-12,2026-05-31,6,301.08,44.92,2.0,store,yes,0
100690,27,40421.0,East,2025-05-26,2026-05-23,9,647.37,65.23,5.0,mobile,no,0
102430,35,34508.0,South,2025-06-27,2026-06-17,5,299.54,64.51,3.0,mobile,yes,0
100642,33,22586.0,South,2024-05-22,2026-06-09,6,296.03,51.69,4.0,store,yes,0
102393,39,55146.0,West,2025-12-22,2026-04-04,10,990.71,100.79,4.0,mobile,yes,0
102826,44,38202.0,South,2025-03-18,2026-02-27,7,619.91,78.8,4.0,store,yes,0
101954,27,41404.0,North,2025-01-04,2026-04-16,7,291.58,44.86,4.0,web,yes,0
103539,24,48581.0,Budapest,2025-02-04,2026-06-24,14,981.81,61.96,3.0,store,yes,0
103933,40,21421.0,West,2025-04-07,2026-05-10,7,668.79,84.06,3.0,mobile,yes,0
103059,32,35994.0,Budapest,2025-08-03,2026-03-07,12,1010.3,93.36,4.0,web,no,1
103959,33,15000.0,Budapest,2023-12-09,2026-03-18,7,976.68,106.88,4.0,mobile,yes,1
105927,43,15377.0,South,2024-08-15,2026-05-18,7,614.4,93.65,5.0,web,yes,0
102711,39,32291.0,North,2023-07-17,2026-03-05,7,418.93,61.46,3.0,store,yes,1
101084,30,72234.0,South,2024-08-28,2026-04-24,3,118.32,45.57,4.0,web,yes,0
104472,38,29598.0,Budapest,2024-05-03,2026-05-03,5,244.12,48.48,5.0,mobile,no,0
105747,66,30411.0,Budapest,2025-12-03,2026-06-16,7,766.38,98.83,4.0,web,no,0
104142,18,21922.0,East,2025-02-27,2026-04-26,3,93.49,30.66,4.0,store,no,0
101885,38,15784.0,Budapest,2023-08-30,2026-06-11,9,569.83,69.72,5.0,web,yes,0
105275,29,43791.0,West,2024-10-13,2026-04-29,11,255.35,25.81,5.0,web,no,0
100390,36,35610.0,South,2023-09-30,2026-04-24,9,214.16,22.77,5.0,web,no,0
102495,34,40267.0,North,2023-02-27,2026-06-28,7,465.45,63.57,4.0,mobile,no,0
101852,66,15065.0,North,2023-04-18,2026-05-23,7,466.81,65.9,4.0,store,yes,0
103037,43,44576.0,East,2023-02-19,2026-04-23,5,431.84,91.72,3.0,partner,no,0
104739,70,46520.0,Budapest,2024-12-14,2026-06-20,9,893.01,88.19,4.0,store,yes,0
103604,37,42745.0,Budapest,2025-04-25,2026-04-04,9,461.37,40.8,3.0,web,yes,0
100846,39,56115.0,North,2024-06-13,2026-06-03,7,248.11,40.38,2.0,web,yes,0
100543,55,24056.0,South,2024-06-30,2026-06-28,9,344.46,46.11,3.0,,yes,0
103725,44,26221.0,South,2023-06-08,2026-06-11,7,675.38,89.07,3.0,mobile,no,0
100092,45,34830.0,East,2025-02-08,2026-04-04,2,237.45,103.4,3.0,web,yes,0
103680,34,25400.0,Budapest,2024-07-11,2026-06-28,4,398.65,102.62,5.0,web,yes,0
105673,24,21681.0,West,2023-02-01,2026-05-24,4,92.69,24.33,3.0,mobile,yes,0
103948,28,59425.0,Budapest,2024-04-17,2026-06-16,7,300.48,46.88,5.0,web,no,0
101980,59,22383.0,Budapest,2023-08-28,2026-05-18,9,774.84,85.48,4.0,mobile,no,0
103245,60,,Budapest,2025-11-19,2026-06-13,12,627.65,65.1,4.0,web,yes,0
104935,34,26707.0,East,2024-12-06,2026-05-05,8,628.55,85.41,4.0,,yes,0
103151,28,39605.0,Budapest,2025-08-10,2026-04-24,6,1027.18,156.49,,web,no,0
104926,25,21509.0,West,2024-12-21,2026-04-15,7,1001.14,122.69,3.0,web,yes,0
104128,40,26251.0,West,2024-02-23,2026-05-29,8,309.52,39.48,5.0,partner,yes,0
104385,51,47623.0,South,2024-01-08,2026-04-12,13,350.22,30.82,4.0,store,no,0
102965,53,27196.0,Budapest,2025-06-11,2026-04-28,9,490.92,51.72,4.0,web,yes,0
103464,59,28247.0,Budapest,2024-04-06,2026-05-26,2,128.94,64.51,4.0,,yes,1
102530,48,39560.0,East,2023-08-06,2026-05-14,3,176.39,59.7,4.0,,no,0
105644,29,,West,2024-10-01,2026-06-21,10,942.51,88.08,5.0,mobile,yes,0
101677,46,19728.0,South,2025-03-30,2026-06-17,14,1036.31,77.59,3.0,web,yes,0
101049,56,45946.0,South,2023-11-05,2026-05-23,8,657.96,78.06,4.0,mobile,yes,0
102950,38,22648.0,South,2024-05-03,2026-05-02,6,340.9,57.76,5.0,web,yes,0
101961,30,15000.0,East,2024-08-07,2026-05-07,5,300.35,58.64,4.0,web,yes,0
102531,38,93010.0,East,2023-04-18,2026-05-22,5,170.38,35.08,2.0,mobile,yes,0
104645,41,21971.0,Budapest,2025-04-04,2026-05-20,4,608.15,146.63,6.0,mobile,no,0
104929,59,26322.0,East,2023-02-20,2026-04-17,7,475.64,60.72,3.0,store,yes,0
103983,58,40689.0,East,2023-12-30,2026-06-22,12,1794.07,127.09,4.0,partner,yes,0
100238,32,53187.0,South,2023-03-20,2026-04-22,7,691.47,90.75,5.0,mobile,yes,0
104173,44,,North,2025-03-31,2026-03-22,4,701.02,136.49,4.0,store,no,1
105557,25,18685.0,Budapest,2023-11-05,2026-05-13,13,836.17,61.3,3.0,web,yes,0
101134,37,15000.0,South,2024-04-06,2026-04-04,5,202.92,40.95,3.0,mobile,yes,0
102881,35,15000.0,Budapest,2023-06-06,2026-06-12,7,807.32,111.47,5.0,store,no,1
101806,32,65788.0,East,2025-05-11,2026-04-13,9,1228.58,132.05,5.0,mobile,no,0
104984,51,26227.0,Budapest,2025-02-11,2026-05-27,4,225.82,62.79,5.0,web,yes,0
100164,51,30851.0,Budapest,2025-08-18,2026-03-17,5,790.86,142.19,4.0,mobile,yes,0
105953,25,25134.0,West,2025-08-07,2026-06-14,7,362.02,47.75,5.0,web,no,0
105737,23,34784.0,East,2024-07-19,2026-05-14,4,136.68,36.35,4.0,store,no,1
105679,37,46918.0,South,2023-06-02,2026-06-18,3,307.75,99.21,5.0,mobile,yes,0
104542,35,39789.0,Budapest,2025-09-28,2026-04-12,3,201.34,55.37,4.0,mobile,yes,0
104535,18,18620.0,West,2023-09-16,2026-06-17,4,360.4,73.19,5.0,web,yes,0
104350,40,40218.0,South,2023-09-07,2026-05-01,2,190.04,84.47,4.0,store,no,0
100266,30,53543.0,Budapest,2023-12-25,2026-06-05,5,237.25,42.89,3.0,store,yes,0
103840,18,31889.0,Budapest,2025-11-10,2026-06-11,3,319.19,101.68,3.0,partner,yes,0
102002,38,32281.0,West,2024-02-27,2026-04-10,6,470.68,80.28,,store,no,1
101812,46,16107.0,West,2025-09-01,2026-06-28,12,691.1,55.16,3.0,mobile,yes,0
103278,48,,East,2025-07-25,2026-05-18,4,831.05,203.08,4.0,web,no,0
103890,40,28089.0,Budapest,2023-03-05,2026-04-28,6,269.45,37.77,3.0,partner,yes,0
102979,60,15000.0,East,2023-01-28,2026-05-28,5,249.73,55.6,3.0,store,yes,0
104284,47,40156.0,Budapest,2023-07-13,2026-06-28,8,201.62,29.68,4.0,partner,yes,0
102907,41,62791.0,North,2023-10-14,2026-05-13,9,275.2,30.49,3.0,web,no,0
104314,33,27339.0,South,2025-03-26,2026-06-24,6,236.69,44.39,3.0,partner,yes,0
105528,49,29063.0,Budapest,2023-09-05,2026-06-11,7,444.08,54.07,3.0,store,yes,0
101429,38,,South,2024-12-20,2026-04-04,4,302.61,72.25,3.0,mobile,yes,0
100399,75,15000.0,West,2024-11-25,2026-03-23,6,228.82,41.65,5.0,mobile,no,1
105142,50,20120.0,East,2025-12-09,2026-05-08,6,960.94,204.53,4.0,web,no,0
105031,18,33589.0,Budapest,2023-05-25,2026-04-04,10,394.23,40.98,3.0,web,yes,0
100948,30,49200.0,South,2023-02-05,2026-06-07,2,169.53,92.65,4.0,store,no,0
103079,34,53983.0,East,2025-08-28,2026-04-18,6,215.22,44.06,3.0,web,yes,1
103139,44,47386.0,South,2025-12-21,2026-04-13,9,566.53,50.17,4.0,web,no,1
105378,3,22947.0,South,2025-04-19,2026-06-28,7,751.37,108.68,4.0,web,yes,0
105578,35,18458.0,East,2024-06-30,2026-06-08,6,168.84,30.74,3.0,web,no,0
105604,55,22180.0,North,2025-01-11,2026-04-15,11,543.11,50.93,3.0,partner,no,0
105620,53,23313.0,Budapest,2023-01-08,2026-06-17,3,182.06,63.65,3.0,web,no,1
103230,29,28577.0,West,2025-08-13,2026-03-15,3,129.99,43.99,2.0,web,yes,1
104039,32,37973.0,West,2023-10-11,2026-05-08,6,413.42,66.31,3.0,mobile,no,0
101453,19,30090.0,South,2024-03-22,2026-05-03,6,504.04,93.98,3.0,web,no,0
100594,38,35722.0,East,2025-12-31,2026-04-27,9,984.56,115.25,5.0,store,yes,0
102726,44,39924.0,South,2023-11-26,2026-05-27,8,607.5,78.27,3.0,partner,no,0
100042,28,51849.0,South,2023-10-31,2026-06-14,10,718.17,72.91,4.0,web,yes,0
100561,32,36898.0,Budapest,2025-06-10,2026-04-02,3,220.2,73.52,4.0,mobile,no,0
104857,24,27253.0,West,2025-06-11,2026-06-14,4,81.06,27.47,4.0,mobile,no,0
104950,49,29035.0,East,2024-03-17,2026-05-01,7,633.12,85.36,4.0,web,no,0
100490,46,23823.0,East,2025-07-31,2026-04-02,6,321.71,72.54,4.0,partner,yes,0
100244,51,40417.0,East,2025-02-23,2026-05-30,5,402.84,75.02,3.0,store,no,0
103173,47,-12000.0,East,2024-04-18,2026-03-06,5,222.89,47.94,4.0,web,yes,0
101340,37,34564.0,West,2025-09-04,2026-03-06,5,364.46,69.79,2.0,partner,yes,0
103980,32,29637.0,East,2023-08-31,2026-03-18,10,165.69,17.7,5.0,web,yes,0
104166,36,36012.0,Budapest,2024-01-08,2026-06-02,4,196.69,52.81,3.0,partner,yes,0
100406,46,31866.0,South,2024-11-19,2026-04-16,3,134.63,40.87,4.0,store,yes,0
101443,58,95175.0,Budapest,2023-08-26,2026-05-17,8,813.62,94.62,3.0,store,yes,0
100262,52,35637.0,South,2024-07-19,2026-05-29,5,482.17,101.22,4.0,web,yes,0
103956,58,69064.0,East,2025-10-31,2026-05-20,4,105.54,27.81,3.0,mobile,yes,0
103538,49,,East,2024-01-04,2026-06-12,5,834.17,183.54,2.0,web,yes,0
105499,53,40661.0,Budapest,2025-08-17,2026-06-18,9,866.87,119.84,5.0,mobile,yes,0
101690,41,33840.0,West,2023-07-16,2026-05-21,7,738.98,99.19,3.0,web,yes,0
103479,35,,North,2023-01-30,2026-06-27,9,920.26,96.4,3.0,web,yes,0
101726,69,38679.0,Budapest ,2023-09-22,2026-06-18,5,372.38,70.77,4.0,web,no,0
101204,50,20561.0,East,2025-09-26,2026-04-23,11,545.73,46.97,4.0,partner,no,0
100835,29,43111.0,South,2025-08-22,2026-06-04,5,233.83,44.54,4.0,web,yes,0
101867,26,27185.0,North,2025-01-13,2026-02-20,6,789.98,118.41,5.0,web,yes,0
102497,41,19265.0,East,2024-07-10,2026-03-02,6,260.4,37.01,3.0,web,yes,0
103017,36,22563.0,North,2024-04-10,2026-04-19,7,341.09,61.83,5.0,mobile,no,1
104536,32,23129.0,Budapest,2025-07-14,2026-03-12,2,123.89,65.48,3.0,web,yes,0
102011,30,48187.0,Budapest,2025-07-08,2026-05-22,1,73.31,97.15,4.0,partner,yes,0
105500,52,,Budapest,2025-09-08,2026-03-28,6,401.05,49.03,2.0,web,yes,1
100341,23,23251.0,Budapest,2023-07-09,2026-04-21,5,442.78,83.46,3.0,store,yes,0
104196,41,34801.0,West,2023-10-13,2026-04-18,9,895.35,99.26,3.0,partner,yes,0
101602,44,36285.0,Budapest,2025-10-18,2026-04-24,4,368.53,84.45,5.0,partner,yes,0
102797,44,73606.0,East,2023-04-23,2026-04-04,9,634.76,67.2,3.0,mobile,yes,0
104875,46,63579.0,West,2025-04-02,2026-06-19,7,635.82,105.03,2.0,partner,no,0
105662,26,35907.0,Budapest,2024-04-10,2026-04-16,7,422.87,56.78,3.0,web,yes,0
100481,23,,West,2024-05-05,2026-03-14,12,734.17,61.39,2.0,store,no,1
103876,18,38482.0,West,2023-12-25,2026-06-14,6,274.23,44.58,5.0,web,yes,0
103726,42,38255.0,South,2024-05-04,2026-04-27,11,606.03,60.0,3.0,store,no,1
104394,42,,East,2023-07-28,2026-03-23,9,472.09,55.47,2.0,mobile,no,1
102786,63,20155.0,East,2025-04-27,2026-06-13,7,309.82,42.94,4.0,web,no,0
101524,40,15000.0,South,2024-09-10,2026-06-28,8,793.38,93.96,3.0,web,no,0
103622,43,24937.0,Budapest,2023-04-10,2026-04-12,2,211.24,79.07,3.0,store,no,0
104491,47,28626.0,East,2023-12-13,2026-05-10,3,185.86,62.76,4.0,web,yes,0
105350,51,17301.0,Budapest,2025-11-09,2026-05-06,5,140.23,36.52,4.0,partner,no,1
105591,37,38065.0,West,2024-12-27,2026-05-28,5,170.47,31.95,3.0,mobile,yes,0
105960,49,16161.0,Budapest,2024-10-25,2026-04-02,6,665.04,114.41,4.0,web,no,0
100800,39,49733.0,East,2024-10-10,2026-05-15,6,564.52,95.59,5.0,web,no,1
101767,61,45018.0,North,2024-05-21,2026-05-18,5,310.68,73.09,5.0,store,no,0
105988,42,27882.0,West,2024-01-16,2026-05-06,3,216.58,71.05,3.0,web,no,1
103026,27,20186.0,Budapest,2025-04-02,2026-06-03,5,408.11,78.44,3.0,,yes,0
102454,62,33256.0,South,2024-11-29,2026-06-10,6,342.1,54.68,3.0,,yes,0
104368,53,17176.0,East,2023-12-16,2026-05-09,3,176.22,78.58,4.0,mobile,yes,0
104765,38,31257.0,Wset,2025-04-07,2026-06-28,2,92.15,48.8,4.0,mobile,no,0
104881,36,76712.0,Budapest,2023-10-06,2026-05-15,8,288.6,34.49,4.0,web,no,0
103705,55,46608.0,Budapest,2024-10-22,2026-05-21,10,780.46,73.73,3.0,web,yes,0
105641,45,36828.0,West,2025-07-01,2026-05-29,7,439.66,58.09,4.0,store,no,0
100364,50,39706.0,Budapest,2025-06-06,2026-04-11,8,623.06,70.61,4.0,web,yes,0
101272,56,24799.0,West,2024-12-31,2026-06-24,6,630.31,103.98,4.0,partner,no,0
102004,42,28120.0,East,2025-02-10,2026-06-20,11,895.9,81.11,5.0,web,no,0
105425,44,43211.0,North,2023-12-06,2026-04-23,2,110.09,57.1,5.0,web,no,0
105400,26,34578.0,Budapest,2024-08-19,2026-06-21,3,167.37,45.79,3.0,partner,yes,0
105655,39,69497.0,Budapest,2023-04-04,2026-04-30,6,254.2,49.63,4.0,web,yes,0
104983,52,42846.0,Budapest,2023-02-14,2026-05-03,7,863.79,110.08,4.0,web,yes,0
100348,57,35000.0,Budapest,2024-08-31,2026-02-23,4,202.54,54.6,4.0,store,yes,0
103351,52,15000.0,Budapest,2025-08-09,2026-05-14,8,706.16,93.31,3.0,store,no,0
105847,62,27105.0,North,2023-01-28,2026-05-11,9,641.16,66.59,4.0,store,yes,0
103614,53,70720.0,North,2023-02-09,2026-05-16,8,350.89,49.32,4.0,web,yes,0
105570,18,25659.0,South,2023-05-03,2026-03-06,7,693.66,118.65,3.0,mobile,no,1
102563,36,27555.0,South,2023-01-27,2026-04-19,10,1120.54,120.96,4.0,store,yes,0
103028,56,18208.0,South,2024-07-13,2026-04-27,4,521.75,111.0,3.0,store,yes,0
104735,25,37281.0,North,2023-07-22,2026-05-16,5,462.13,100.36,4.0,web,yes,0
105529,33,15000.0,North,2025-01-09,2026-06-28,7,251.19,40.12,5.0,store,yes,0
101424,44,29656.0,West,2023-09-11,2026-06-28,4,299.55,80.61,4.0,mobile,yes,0
100657,47,39682.0,South,2024-07-05,2026-05-08,2,65.56,33.48,3.0,mobile,yes,1
103084,33,47428.0,South,2025-12-07,2026-06-05,5,239.92,48.18,4.0,web,no,0
105555,26,38441.0,East,2024-02-01,2026-06-05,5,632.55,126.27,4.0,store,yes,0
102103,58,20085.0,South,2023-11-25,2026-05-20,5,307.76,56.64,4.0,store,no,0
100633,40,25898.0,Budapest,2023-07-02,2026-06-02,8,350.48,37.91,4.0,store,yes,0
104886,19,56773.0,South,2023-05-18,2026-05-18,6,545.65,95.49,2.0,web,yes,0
102494,43,15000.0,North,2025-11-21,2026-06-22,5,103.6,22.7,2.0,store,yes,0
102666,53,18632.0,South,2024-05-15,2026-02-23,4,403.01,91.79,5.0,mobile,yes,0
104648,45,23713.0,Budapest,2024-01-04,2026-03-31,4,192.55,46.4,3.0,store,no,1
104668,52,19125.0,West,2023-02-07,2026-06-28,7,658.18,90.75,4.0,web,no,0
103843,43,15000.0,East,2024-04-24,2026-04-20,8,360.52,46.76,4.0,web,yes,0
104273,38,19276.0,South,2024-05-16,2026-06-28,5,270.38,62.39,3.0,mobile,yes,0
102335,49,44333.0,West,2024-07-28,2026-05-05,6,621.95,114.46,3.0,,yes,0
103549,49,15000.0,Budapest,2025-03-19,2026-03-31,2,77.89,43.75,5.0,mobile,no,0
104619,28,15441.0,West,2025-11-03,2026-04-18,8,345.48,37.86,4.0,partner,no,0
102501,43,52993.0,Budapest,2023-09-30,2026-04-30,3,263.6,79.09,2.0,web,yes,1
103620,33,57941.0,North,2025-11-21,2026-06-07,3,254.45,90.7,3.0,store,yes,0
101466,42,,East,2023-09-25,2026-05-09,3,128.25,43.97,4.0,web,yes,0
104849,57,68826.0,Budapest,2025-12-20,2026-05-02,10,224.78,27.96,4.0,store,no,0
105657,47,24128.0,North,2024-02-16,2026-03-21,5,453.02,80.08,5.0,web,no,1
104872,45,42514.0,Budapest,2025-04-28,2026-05-28,5,307.16,72.67,4.0,web,yes,0
100116,30,19678.0,South,2025-09-22,2026-06-03,3,111.49,36.4,4.0,store,yes,0
101822,60,31531.0,West,2024-07-10,2026-05-22,5,522.99,95.43,4.0,mobile,no,1
101495,24,15000.0,West,2025-12-12,2026-04-03,4,508.65,109.17,4.0,store,no,0
102402,45,38389.0,South,2025-06-26,2026-06-14,8,723.97,96.55,3.0,web,yes,0
103875,61,30226.0,North,2024-06-18,2026-05-11,10,659.43,56.41,,web,yes,0
101233,26,35437.0,Budapest,2023-05-02,2026-06-28,8,937.92,116.22,5.0,web,yes,0
102662,79,21140.0,West,2023-10-13,2026-05-05,3,223.53,84.01,3.0,web,yes,0
102818,36,72415.0,East,2023-05-08,2026-03-28,5,496.26,105.77,4.0,store,yes,0
101196,49,16682.0,Budapest,2024-04-07,2026-05-20,8,956.77,107.39,4.0,partner,yes,0
105509,32,39016.0,South,2024-01-02,2023-10-01,4,209.04,59.12,5.0,store,yes,0
101154,33,50972.0,Budapest,2024-04-07,2026-04-16,9,331.4,31.42,4.0,mobile,yes,0
103910,43,37648.0,South,2025-12-03,2026-05-21,4,322.85,80.16,4.0,store,no,0
105082,56,39916.0,East,2025-05-17,2026-04-29,9,846.18,90.33,2.0,mobile,yes,0
105356,29,27277.0,North,2025-02-28,2026-05-21,7,887.85,115.6,3.0,web,yes,0
100058,56,20766.0,East,2024-01-13,2026-05-28,3,240.57,80.72,4.0,mobile,yes,0
104826,49,22789.0,West,2023-04-13,2026-03-30,4,181.77,42.42,5.0,mobile,yes,0
103884,34,26754.0,West,2024-01-11,2026-04-25,2,148.72,69.99,5.0,web,yes,0
103062,29,28309.0,West,2025-05-10,2026-06-23,8,291.41,39.92,4.0,partner,no,0
105150,23,39114.0,Budapest,2024-06-15,2026-04-02,7,968.41,125.86,2.0,mobile,no,1
105970,23,24142.0,South,2025-08-02,2026-05-03,4,242.3,56.04,4.0,web,no,0
101736,38,29644.0,South,2025-01-16,2026-06-24,11,415.87,45.49,2.0,web,yes,0
105432,47,29324.0,West,2023-02-19,2026-04-02,7,423.31,69.34,4.0,web,no,0
102824,40,17573.0,North,2023-09-15,2026-05-21,6,385.16,59.31,2.0,store,yes,1
102197,47,33225.0,Budapest,2024-08-05,2026-06-28,6,344.69,58.91,4.0,mobile,no,0
100160,32,26405.0,South,2024-03-06,2026-05-11,7,865.77,118.29,4.0,partner,yes,0
105193,38,,Budapest,2024-11-19,2026-06-28,5,177.89,29.33,5.0,mobile,no,0
102476,38,57220.0,Budapest,2025-01-03,2026-05-10,6,233.15,43.31,4.0,web,yes,0
102565,30,38246.0,East,2024-05-08,2026-05-12,5,288.16,59.57,3.0,web,yes,0
104318,46,17934.0,South,2025-03-21,2026-05-14,7,523.69,99.55,3.0,,no,0
105075,37,88899.0,North,2024-10-19,2026-05-17,6,658.92,125.64,1.0,partner,yes,0
104163,33,57358.0,South,2023-10-11,2026-05-09,2,286.07,147.72,3.0,web,yes,0
102609,43,49679.0,East,2023-07-31,2026-05-21,5,299.95,52.33,4.0,web,yes,0
104662,40,26748.0,North,2023-09-13,2026-04-13,6,414.96,58.96,3.0,store,yes,0
100708,30,39848.0,South,2024-11-09,2026-04-17,4,165.93,38.96,3.0,mobile,yes,0
103047,50,42819.0,West,2024-08-22,2026-04-27,6,140.62,31.88,5.0,web,yes,0
105141,37,60662.0,East,2023-03-30,2026-04-19,11,784.48,61.34,5.0,web,yes,0
101094,38,65739.0,Budapest,2025-07-18,2026-06-27,2,81.62,39.23,5.0,store,yes,0
104600,18,22987.0,West,2024-09-06,2026-04-14,11,843.55,95.39,2.0,store,no,0
101377,52,25105.0,East,2023-05-26,2026-06-28,10,756.49,77.68,3.0,web,yes,0
105933,44,100242.0,Budapest,2025-12-07,2026-06-28,7,259.24,32.84,3.0,web,no,0
100073,34,28791.0,South,2024-06-01,2026-06-09,8,967.84,112.32,4.0,,yes,0
101923,18,40426.0,West,2025-09-22,2026-06-24,6,530.7,81.68,4.0,store,yes,0
104073,58,60572.0,West,2025-01-01,2026-03-05,2,232.27,114.91,5.0,web,yes,0
104329,45,41076.0,South,2025-09-12,2026-05-30,7,436.11,63.2,4.0,web,yes,0
101765,43,44873.0,Budapest,2023-11-30,2026-04-03,6,172.59,34.97,3.0,mobile,yes,0
100744,45,32308.0,Budapest,2023-07-29,2026-05-03,4,340.82,88.52,5.0,web,yes,0
104109,23,37536.0,North,2023-05-19,2026-05-15,7,566.6,81.01,3.0,store,no,0
101006,40,43590.0,West,2023-09-24,2026-04-11,7,629.54,88.29,3.0,mobile,yes,1
102669,47,18397.0,East,2023-06-03,2026-04-02,4,204.61,57.2,2.0,mobile,yes,0
101191,47,63063.0,West,2025-04-03,2026-04-18,4,183.64,45.7,3.0,mobile,yes,0
104340,32,68496.0,South,2025-05-02,2026-06-06,4,161.36,35.63,3.0,store,no,0
102602,44,43217.0,East,2024-12-19,2026-06-28,3,124.48,42.64,3.0,web,no,0
101126,30,48504.0,East,2025-03-28,2026-06-05,3,261.52,83.86,3.0,partner,yes,0
101242,75,41462.0,Budapest,2025-03-02,2026-04-30,4,183.76,51.53,3.0,,no,0
104084,49,43371.0,Budapest,2025-06-26,2026-04-15,4,134.42,30.67,3.0,partner,no,1
105403,57,33967.0,Wset,2023-05-03,2026-06-03,6,408.59,64.44,4.0,web,no,1
104970,48,41983.0,East,2024-07-02,2026-05-03,8,504.99,54.14,4.0,web,yes,0
105683,41,41599.0,Budapest,2024-04-14,2026-06-01,5,557.14,120.3,3.0,store,no,0
103352,53,15000.0,Budapest,2025-12-27,2026-03-21,7,589.39,91.89,4.0,mobile,yes,0
100999,35,31645.0,North,2024-09-27,2026-06-28,6,297.12,56.31,5.0,store,yes,0
104644,18,17179.0,Budapest,2025-01-25,2026-05-15,2,256.82,129.86,4.0,partner,yes,0
103825,45,49435.0,South,2023-07-09,2026-05-08,6,334.5,52.19,2.0,web,no,0
104009,47,23872.0,Budapest,2023-09-12,2026-05-28,5,179.61,40.58,3.0,web,no,0
104078,62,99528.0,East,2025-07-15,2026-03-23,8,383.69,56.37,2.0,web,no,0
102685,42,,Budapest,2023-06-05,2026-05-04,3,212.26,63.45,4.0,web,no,0
105222,45,18438.0,East,2023-01-13,2026-06-12,7,532.5,81.68,4.0,mobile,yes,0
101578,30,24295.0,South,2025-05-02,2026-02-14,11,880.74,79.55,3.0,web,no,0
103907,37,41111.0,South,2024-07-25,2026-04-06,3,169.47,64.68,5.0,mobile,yes,0
103730,50,51584.0,South,2023-06-22,2026-06-28,7,648.32,69.96,4.0,partner,yes,0
103669,52,33724.0,West,2024-01-21,2026-03-18,4,736.93,146.17,5.0,partner,yes,0
105775,39,53281.0,Budapest,2023-10-26,2026-06-06,2,144.82,74.8,5.0,web,no,0
101827,39,25275.0,West,2025-09-16,2026-05-11,3,239.06,76.11,2.0,store,yes,1
101344,49,45367.0,East,2025-10-09,2026-06-09,7,372.89,55.09,4.0,web,no,0
105603,49,38425.0,North,2023-02-17,2026-04-15,4,369.06,85.34,5.0,web,yes,1
105552,53,40173.0,Budapest,2023-04-05,2026-06-28,3,132.35,36.93,3.0,store,yes,0
105283,37,29731.0,North,2023-04-27,2026-06-13,4,-184.09902396219206,69.74,3.0,mobile,yes,0
100441,34,,South,2024-03-02,2026-06-28,3,196.46,65.45,3.0,mobile,yes,0
105976,38,29850.0,Budapest,2024-01-13,2026-06-14,12,777.73,77.08,3.0,web,no,1
101101,35,40784.0,Budapest,2024-02-06,2026-05-05,5,314.71,63.11,4.0,web,yes,0
102638,34,42995.0,Budapest,2025-04-13,2026-06-14,3,255.69,80.77,4.0,web,yes,0
104241,40,25304.0,South,2025-09-12,2026-05-13,5,365.14,78.2,4.0,web,no,0
100650,20,46157.0,Budapest,2024-03-11,2026-03-22,6,413.91,76.15,5.0,web,yes,0
101547,48,16159.0,Budapest,2023-10-01,2026-06-28,7,438.58,68.9,4.0,mobile,no,0
103232,42,35656.0,Budapest,2023-05-23,2026-06-09,5,200.5,39.16,4.0,store,yes,0
104514,19,72952.0,Budapest,2023-01-03,2026-06-16,4,346.43,95.72,4.0,web,no,0
104582,58,33018.0,South,2025-08-26,2026-03-31,3,174.03,49.22,4.0,web,yes,0
105022,40,36678.0,South,2025-11-13,2026-04-24,8,408.23,42.05,4.0,partner,yes,0
104169,66,33201.0,East,2025-07-24,2026-04-13,3,171.99,48.7,4.0,store,no,0
102853,29,48140.0,South,2023-02-03,2026-05-20,5,386.51,83.4,4.0,web,yes,0
103504,28,22486.0,East,2024-07-27,2026-05-06,7,419.37,65.09,5.0,web,yes,0
104336,38,32521.0,Budapest,2025-04-07,2026-05-18,4,203.75,58.77,4.0,partner,yes,0
104049,47,19731.0,West,2023-12-29,2026-05-13,4,268.62,52.6,4.0,partner,no,0
104716,43,21834.0,Budapest ,2025-11-22,2026-04-14,8,458.13,49.17,5.0,web,yes,0
100631,36,27449.0,North,2025-06-01,2026-04-17,6,916.09,155.36,4.0,mobile,yes,1
100673,46,68349.0,North,2023-06-08,2026-06-28,9,508.11,45.71,2.0,mobile,yes,0
101250,55,42273.0,North,2025-10-26,2026-06-03,7,252.49,39.37,5.0,mobile,no,0
104113,44,39813.0,South,2025-12-22,2026-04-23,5,534.24,102.25,3.0,web,yes,0
100483,22,49258.0,East,2024-08-30,2026-05-21,12,2508.17,162.36,4.0,store,no,0
101585,25,,East,2023-07-31,2026-04-30,6,556.84,91.33,4.0,mobile,yes,0
104257,53,27272.0,Budapest,2024-01-06,2026-05-22,4,227.16,69.83,4.0,store,yes,0
105574,23,43562.0,South,2025-08-04,2026-05-28,5,354.81,59.4,4.0,partner,no,0
105040,62,43882.0,South,2024-11-09,2026-04-28,5,394.8,81.06,3.0,store,no,0
101463,54,38531.0,Budapest,2024-09-28,2026-03-09,6,623.71,110.31,3.0,web,yes,0
103041,48,47467.0,West,2024-09-25,2026-06-28,5,122.64,28.97,3.0,web,no,0
104042,43,35946.0,South,2025-02-07,2026-04-19,4,377.58,84.64,2.0,mobile,yes,0
105730,39,38038.0,Budapest,2023-06-16,2026-04-07,4,251.95,69.23,4.0,web,yes,0
105439,35,58616.0,North,2025-04-17,2026-05-16,7,225.87,35.66,5.0,store,no,0
104636,49,32377.0,Budapest,2025-02-28,2026-04-28,7,612.62,83.64,3.0,web,no,1
101651,29,44527.0,Budapest,2025-12-25,2026-03-18,4,403.9,85.79,5.0,store,yes,0
103274,33,56978.0,East,2023-01-08,2026-04-12,4,185.45,37.14,5.0,mobile,no,0
103239,47,40841.0,West,2025-12-04,2026-05-19,7,552.32,70.21,4.0,store,yes,0
103132,62,49879.0,North,2025-03-21,2026-05-13,6,587.21,91.77,2.0,store,yes,0
103684,51,58580.0,West,2024-10-17,2026-04-07,3,184.24,61.77,5.0,web,yes,0
102579,45,51670.0,Budapest,2025-08-09,2026-04-19,5,190.28,37.6,4.0,mobile,yes,0
105701,35,50611.0,South,2025-07-16,2026-06-28,6,204.67,30.46,4.0,web,no,0
100050,55,,Budapest,2024-12-20,2026-04-23,6,176.86,39.08,3.0,mobile,yes,0
105151,41,32886.0,East,2023-06-04,2026-06-03,8,672.31,75.5,4.0,web,yes,0
104240,22,48948.0,East,2023-10-27,2026-05-09,8,437.94,65.48,2.0,web,yes,0
100859,46,34727.0,West,2024-10-19,2026-05-29,3,148.99,62.34,3.0,web,no,0
103226,25,41219.0,South,2024-11-04,2026-04-28,5,328.77,59.53,4.0,store,no,0
101073,56,,West,2023-09-15,2026-05-09,2,122.95,72.03,3.0,web,yes,0
100720,18,41988.0,North,2025-12-25,2026-04-28,4,294.86,60.28,3.0,mobile,yes,1
102200,64,40221.0,East,2024-02-23,2026-04-18,5,319.23,50.89,4.0,web,yes,0
102632,33,43416.0,West,2023-11-21,2026-05-06,4,173.28,50.78,4.0,mobile,yes,0
105883,53,59156.0,South,2023-07-11,2026-03-02,3,269.97,93.3,4.0,mobile,no,0
101661,51,33063.0,Budapest,2024-06-01,2026-05-21,7,285.89,34.89,5.0,mobile,yes,0
101657,33,24237.0,Budapest,2024-01-29,2026-05-21,9,1188.21,108.55,3.0,store,yes,0
102426,28,31374.0,South,2024-06-24,2026-05-29,6,205.66,35.15,2.0,mobile,yes,0
104574,34,15000.0,West,2024-09-02,2026-05-25,5,611.03,111.48,3.0,web,yes,0
105080,38,57522.0,East,2025-05-03,2026-02-03,6,214.01,33.56,1.0,store,yes,1
103098,47,37106.0,West,2023-12-23,2026-06-01,6,162.56,29.1,4.0,web,no,0
103977,56,52779.0,Budapest,2025-06-13,2026-02-11,7,299.43,36.9,4.0,store,no,1
105397,40,19611.0,Budapest,2025-10-03,2026-04-28,6,322.4,59.83,3.0,store,yes,1
105729,52,48816.0,North,2024-09-25,2026-05-29,3,167.7,58.72,4.0,store,yes,1
104281,40,29472.0,Budapest,2024-01-17,2026-06-08,9,665.34,75.76,4.0,mobile,yes,0
105205,46,22654.0,Budapest,2024-01-29,2026-06-07,6,474.94,88.09,5.0,web,yes,0
101409,31,32420.0,South,2024-04-05,2026-06-02,6,332.87,57.55,4.0,mobile,yes,0
101846,20,15000.0,East,2023-07-16,2026-06-28,5,896.73,200.62,4.0,web,yes,0
101799,36,24652.0,East,2024-03-24,2026-05-03,12,666.47,58.8,2.0,web,no,0
103958,55,,North,2025-12-01,2026-06-20,6,730.04,118.34,5.0,web,no,0
101476,18,33859.0,West,2025-11-01,2026-06-03,4,318.72,85.77,3.0,mobile,no,0
100036,40,31212.0,Budapest ,2025-09-29,2026-06-10,4,255.64,71.05,3.0,store,yes,0
100445,34,44071.0,Budapest,2023-06-08,2026-05-23,7,453.91,65.2,5.0,web,yes,0
102360,38,48007.0,Budapest,2025-11-16,2026-04-30,6,713.72,107.09,4.0,web,no,0
103655,25,31315.0,Budapest,2024-12-31,2026-05-04,6,242.55,41.44,5.0,store,yes,0
103180,33,19164.0,West,2024-07-21,2026-05-23,6,409.4,72.65,5.0,web,no,0
101287,32,58661.0,West,2024-10-25,2026-06-28,4,358.63,101.94,5.0,store,no,0
105345,37,38096.0,Budapest,2024-03-10,2026-04-22,1,82.25,75.57,3.0,mobile,yes,0
103417,50,15000.0,East,2025-11-08,2026-04-28,5,359.39,66.9,3.0,web,yes,0
102138,45,30560.0,South,2023-03-06,2026-06-08,5,265.78,50.72,5.0,web,yes,0
102637,32,76788.0,West,2024-04-13,2026-06-17,11,246.24,21.41,5.0,web,yes,0
104017,37,27935.0,Budapest,2025-10-08,2026-06-05,7,475.36,71.79,2.0,mobile,no,0
105830,37,27899.0,South,2023-02-03,2026-06-28,5,387.94,86.83,5.0,web,yes,0
101682,56,22341.0,South,2024-09-13,2026-05-08,6,270.98,44.81,4.0,mobile,no,0
104384,38,33571.0,West,2025-05-18,2026-03-21,7,739.11,98.6,5.0,store,yes,1
101693,47,47425.0,Budapest,2024-07-12,2026-05-25,4,290.52,62.68,4.0,WEB,yes,0
104448,54,36925.0,West,2025-11-11,2026-06-25,10,572.16,55.45,5.0,web,yes,0
104802,38,41835.0,Budapest,2023-05-18,2026-06-28,4,327.42,78.13,4.0,web,yes,0
103636,34,37559.0,Budapest,2025-07-07,2026-03-19,2,164.17,70.37,5.0,web,yes,0
100373,54,41089.0,West,2023-06-04,2026-06-28,5,503.89,77.53,2.0,partner,no,0
104630,66,,Budapest,2025-11-12,2026-05-05,4,499.51,109.94,2.0,mobile,yes,0
100141,34,29319.0,West,2025-10-04,2026-06-21,4,142.12,39.2,3.0,web,yes,0
105621,48,22765.0,West,2025-06-11,2026-05-11,6,453.03,70.58,4.0,store,yes,0
100715,34,22371.0,South,2023-01-11,2026-04-28,6,533.03,76.6,3.0,mobile,no,1
103189,37,27941.0,Budapest,2024-09-17,2026-05-25,5,567.76,93.27,5.0,store,no,0
105322,44,47026.0,East,2024-12-09,2026-05-28,7,382.25,64.48,4.0,web,no,0
104928,62,19315.0,West,2023-10-04,2026-05-12,10,409.01,50.94,3.0,partner,no,0
100407,54,47143.0,Budapest,2024-06-23,2026-05-09,2,54.51,29.91,3.0,partner,yes,0
100021,58,40833.0,South,2025-01-02,2026-06-10,8,1405.33,160.12,3.0,partner,yes,0
101005,51,32234.0,East,2023-06-17,2026-06-04,4,280.2,67.13,4.0,store,no,0
102412,35,45403.0,North,2024-04-05,2026-04-13,5,234.52,43.94,4.0,mobile,no,0
102546,23,73146.0,West,2025-09-05,2026-05-24,7,315.6,47.92,4.0,mobile,yes,0
102391,55,31396.0,East,2025-06-04,2026-06-10,9,443.59,48.0,3.0,mobile,no,0
104878,32,21070.0,East,2024-02-12,2026-03-17,13,723.6,61.2,2.0,mobile,yes,0
100043,54,30703.0,East,2024-01-18,2026-04-23,8,633.24,72.44,2.0,store,no,0
102831,42,32792.0,Budapest,2025-10-02,2026-03-11,10,879.49,88.42,4.0,web,no,0
103372,32,65551.0,Budapest,2023-07-04,2026-05-17,4,262.84,75.03,3.0,web,yes,0
103023,59,,West,2025-04-27,2026-04-18,7,486.23,72.52,5.0,partner,no,0
103365,34,37542.0,Budapest,2023-05-23,2026-02-17,6,366.76,79.15,3.0,store,yes,0
100012,47,15000.0,North,2023-10-07,2026-06-28,3,284.34,91.69,4.0,store,no,0
101178,26,16965.0,West,2024-07-06,2026-05-07,7,751.43,85.4,4.0,partner,yes,0
101948,32,58243.0,North,2025-07-14,2026-06-24,5,401.75,93.96,4.0,web,yes,0
102502,49,21552.0,East,2025-04-14,2026-05-17,3,143.55,44.81,3.0,store,no,0
102864,58,,Budapest,2024-04-22,2026-06-27,6,285.52,70.14,4.0,mobile,no,0
103866,32,59337.0,Budapest,2024-09-30,2026-03-26,5,409.84,80.64,3.0,mobile,yes,0
101027,50,,North,2023-06-08,2026-06-28,7,458.68,54.65,4.0,mobile,yes,0
103849,27,51555.0,Budapest,2025-05-01,2026-04-29,8,711.29,91.47,4.0,web,yes,0
102990,51,33524.0,East,2024-11-10,2026-05-05,8,880.88,129.42,2.0,web,no,0
100962,50,44922.0,West,2025-07-31,2026-04-24,1,83.43,83.55,2.0,web,no,0
102890,40,30530.0,Budapest,2024-03-18,2026-06-28,6,641.28,111.61,3.0,web,yes,0
103016,36,31175.0,East,2025-05-07,2026-05-20,5,165.02,25.57,5.0,store,no,0
103339,45,52766.0,Budapest,2023-02-17,2026-04-12,7,502.45,63.56,3.0,mobile,yes,0
104254,44,20458.0,East,2023-12-31,2026-06-28,7,324.76,47.75,4.0,web,yes,1
100736,60,73067.0,East,2023-08-22,2026-06-28,5,197.99,34.99,3.0,partner,no,0
101441,39,19510.0,Budapest,2025-06-17,2026-06-06,5,254.79,50.67,4.0,store,yes,0
102876,45,33315.0,Budapest,2023-11-27,2026-06-25,9,929.53,112.07,5.0,,yes,1
103987,45,38057.0,Budapest,2025-07-09,2026-03-24,6,498.47,72.51,,store,yes,1
100917,44,59137.0,Budapest,2023-12-07,2026-03-31,6,462.29,78.15,4.0,web,no,0
105028,31,31034.0,Budapest,2024-11-25,2026-05-08,7,639.27,76.27,4.0,store,no,0
104090,43,22055.0,Budapest,2025-06-12,2026-03-06,9,794.8,100.24,3.0,mobile,yes,1
105572,25,31591.0,Budapest,2024-03-31,2026-06-28,11,981.0,82.77,5.0,partner,yes,0
104711,52,21785.0,South,2024-10-26,2026-05-23,2,161.28,78.55,3.0,store,no,0
102773,58,23992.0,North,2024-10-26,2026-06-05,5,448.73,76.93,4.0,mobile,no,0
101625,55,41791.0,West,2024-05-18,2026-06-11,4,240.47,81.28,4.0,web,yes,1
105852,40,15000.0,South,2025-01-06,2026-05-16,7,720.38,112.75,3.0,web,yes,0
100822,34,28849.0,East,2025-01-18,2026-05-16,9,643.35,67.17,2.0,partner,no,0
101368,46,27667.0,Budapest ,2023-06-06,2026-06-01,7,677.67,91.18,3.0,store,yes,0
103713,32,47794.0,North,2023-06-02,2026-04-30,7,365.92,56.78,4.0,store,yes,0
105421,39,23042.0,West,2025-12-21,2026-03-28,12,456.68,43.14,4.0,,no,1
100851,34,21049.0,Budapest,2025-04-24,2026-06-24,1,69.99,67.17,5.0,partner,no,0
101001,41,81767.0,Budapest,2025-09-26,2026-04-22,7,388.54,51.01,3.0,store,no,1
104483,37,22065.0,South,2023-08-12,2026-05-10,7,660.59,101.42,3.0,store,yes,0
104115,24,31092.0,South,2024-01-23,2026-04-08,13,1087.71,98.81,3.0,web,yes,0
101638,43,23697.0,North,2023-11-18,2026-06-08,2,76.8,45.36,4.0,partner,yes,0
101668,28,43463.0,Budapest,2023-06-21,2026-05-31,6,456.33,78.95,3.0,web,yes,0
103174,43,46962.0,North,2024-06-01,2026-05-22,1,24.76,23.69,5.0,web,yes,0
104586,29,27197.0,South,2024-10-17,2026-06-03,7,314.56,51.49,5.0,mobile,yes,0
101348,28,,West,2024-10-27,2026-05-08,6,550.55,80.69,5.0,mobile,yes,0
104708,49,35853.0,Wset,2023-04-14,2026-03-14,5,271.02,54.82,3.0,mobile,no,0
103231,28,53243.0,West,2023-07-19,2026-04-07,10,336.06,37.43,5.0,web,yes,0
104234,37,61212.0,South,2025-07-30,2026-04-28,6,567.47,84.18,5.0,web,yes,0
104632,22,30124.0,West,2023-04-02,2026-06-10,2,67.31,33.76,4.0,web,yes,0
103233,42,21612.0,West,2025-06-11,2026-04-14,6,575.11,106.05,3.0,mobile,yes,1
104927,31,61971.0,Budapest,2024-03-14,2026-03-24,3,170.22,54.49,5.0,mobile,no,0
100704,24,40755.0,South,2024-07-05,2026-05-14,6,244.2,37.9,4.0,web,no,0
104807,25,15000.0,West,2024-01-19,2026-06-04,8,678.82,74.71,4.0,web,yes,0
103292,46,63383.0,South,2025-05-20,2026-05-17,2,61.09,26.58,5.0,store,no,0
103674,65,31629.0,West,2025-06-03,2026-05-21,5,694.45,141.11,4.0,mobile,yes,0
102409,64,48536.0,Budapest,2025-06-09,2026-02-28,8,436.22,70.17,4.0,store,yes,1
101328,38,48738.0,East,2025-02-07,2026-04-16,7,205.59,29.66,4.0,mobile,yes,0
105841,49,40268.0,West,2025-07-19,2026-06-28,4,429.78,111.05,3.0,partner,yes,0
104937,33,33158.0,West,2024-11-12,2026-04-10,4,276.32,61.03,4.0,store,no,0
105034,65,28923.0,East,2024-11-01,2026-06-03,8,610.08,69.23,5.0,mobile,yes,0
100987,44,23160.0,West,2025-09-18,2026-06-23,4,296.12,60.39,4.0,mobile,yes,0
105471,46,17384.0,East,2023-10-24,2026-04-03,11,800.2,64.06,3.0,web,yes,0
105182,47,,West,2025-10-12,2026-05-18,6,476.33,80.59,5.0,web,yes,0
104990,39,36753.0,Budapest,2023-11-02,2026-04-23,4,183.49,41.7,4.0,store,yes,0
104050,55,43351.0,East,2024-09-03,2026-05-25,4,359.9,73.52,2.0,store,yes,0
103486,50,63104.0,South,2024-11-21,2026-06-07,3,180.9,57.31,3.0,web,no,0
102475,37,27556.0,West,2024-02-18,2026-04-03,5,213.66,54.08,2.0,web,yes,0
103874,36,50712.0,Budapest,2025-07-22,2026-04-24,4,342.21,80.73,4.0,web,yes,0
101199,59,41445.0,Budapest,2025-07-27,2026-05-19,6,255.69,68.08,4.0,store,yes,0
104182,63,22447.0,Budapest,2024-06-26,2026-05-01,5,327.42,84.39,3.0,mobile,no,0
101519,24,48403.0,Budapest,2024-11-04,2026-04-09,5,640.34,106.46,3.0,web,yes,1
101800,34,34876.0,East,2024-01-19,2026-03-12,6,234.07,40.32,4.0,web,yes,0
101015,36,36261.0,West,2025-11-17,2026-05-01,3,201.32,54.31,4.0,web,yes,0
100129,35,51391.0,Budapest,2023-05-07,2026-05-16,6,595.01,139.1,4.0,mobile,yes,1
101365,40,24488.0,West,2025-12-05,2026-05-16,7,915.72,129.67,3.0,web,no,1
105890,32,33298.0,Budapest,2025-05-23,2026-06-08,5,185.89,35.47,4.0,web,yes,0
100892,47,15000.0,North,2023-06-28,2026-03-26,4,398.28,85.94,5.0,web,yes,0
102794,33,26198.0,North,2023-06-01,2026-04-17,3,297.21,91.82,4.0,store,no,1
105059,31,21546.0,East,2024-12-06,2026-06-28,6,173.61,31.9,3.0,partner,yes,0
105748,27,27344.0,North,2024-09-23,2026-06-28,5,391.25,74.32,5.0,web,no,0
105167,46,64114.0,West,2024-04-29,2026-04-14,5,159.43,33.21,5.0,,no,0
103250,49,43410.0,West,2023-02-21,2026-04-14,10,755.14,88.42,4.0,store,yes,0
101209,18,30612.0,Budapest,2023-01-08,2026-06-01,6,500.06,91.0,4.0,web,no,0
103869,40,15000.0,East,2024-09-10,2026-05-19,10,785.05,76.35,3.0,web,yes,1
104066,48,27615.0,South,2023-09-19,2026-05-30,5,266.46,55.01,4.0,partner,yes,0
105155,30,22138.0,Budapest,2025-07-29,2026-04-29,4,95.86,22.52,3.0,web,yes,0
101240,62,33572.0,Budapest,2025-12-14,2026-06-28,6,478.63,62.59,3.0,store,yes,0
102290,39,19041.0,Budapest,2024-03-18,2026-05-12,6,817.89,124.79,4.0,web,no,0
102741,47,21723.0,Budapest,2024-12-15,2026-06-28,7,279.89,40.66,3.0,web,yes,0
100276,45,66461.0,West,2025-04-02,2026-03-27,3,109.48,39.36,4.0,store,no,1
101036,29,17540.0,East,2023-12-25,2026-04-04,6,425.77,55.16,3.0,mobile,no,1
101230,35,17311.0,Budapest,2023-06-23,2026-05-21,4,139.85,33.75,3.0,partner,yes,0
101009,51,31189.0,South,2023-05-12,2026-06-05,5,358.48,107.16,3.0,web,no,0
103829,47,77613.0,North,2025-10-26,2026-06-18,7,587.3,72.75,5.0,mobile,yes,0
102533,36,30029.0,East,2025-08-06,2026-06-28,3,124.49,43.15,5.0,web,yes,0
101059,42,43081.0,East,2025-02-26,2026-04-03,5,179.92,36.48,4.0,mobile,no,0
104476,37,17961.0,East,2024-10-03,2026-04-25,7,740.96,119.83,4.0,web,no,1
100282,61,15000.0,Budapest,2024-02-26,2026-05-22,2,99.43,47.24,2.0,web,yes,0
101044,26,45324.0,East,2024-08-27,2026-06-05,6,148.32,19.03,5.0,web,yes,0
101317,28,85838.0,East,2024-06-20,2026-04-24,6,205.59,34.08,4.0,store,yes,0
100969,23,51526.0,East,2025-02-22,2026-04-29,3,221.01,84.36,4.0,mobile,no,0
102382,49,33771.0,Budapest,2023-11-06,2026-06-28,4,861.13,226.1,4.0,mobile,yes,1
104813,52,68038.0,West,2025-05-12,2026-06-15,5,254.79,50.67,4.0,web,no,0
101940,32,15000.0,Budapest,2024-02-09,2023-12-20,7,290.79,33.9,3.0,mobile,yes,0
104324,57,37803.0,Budapest,2024-11-15,2026-06-26,8,249.9,29.09,4.0,mobile,no,1
101275,40,22112.0,Budapest,2025-02-07,2026-03-19,3,234.8,91.47,4.0,store,yes,1
100620,32,62216.0,Budapest,2024-01-20,2026-05-27,7,397.76,53.53,5.0,web,no,0
104378,24,21194.0,Budapest,2025-03-19,2026-05-02,2,68.36,33.15,4.0,web,yes,0
101743,40,36027.0,Budapest,2023-08-03,2026-06-28,6,205.46,35.28,2.0,store,yes,0
101391,35,33658.0,North,2023-03-17,2026-03-27,9,473.85,49.88,5.0,web,yes,0
104906,64,34080.0,East,2023-03-30,2026-03-25,3,297.95,86.18,3.0,web,no,0
101580,40,16602.0,South,2023-10-23,2026-05-26,4,235.97,77.05,4.0,web,yes,0
101656,18,33277.0,West,2023-06-25,2026-05-18,5,530.5,100.97,3.0,store,yes,0
103569,35,35900.0,South,2023-10-17,2026-04-27,3,468.41,153.83,4.0,web,yes,1
102353,57,24161.0,Budapest,2023-03-03,2026-05-19,6,376.7,57.73,4.0,store,no,0
102213,60,29381.0,South,2024-04-04,2026-05-24,7,336.66,42.93,3.0,mobile,yes,1
105999,33,15416.0,South,2025-03-23,2026-05-17,5,410.18,84.09,3.0,store,yes,0
103179,41,26203.0,Budapest,2023-08-09,2026-04-23,4,347.37,85.09,4.0,,yes,0
103193,22,32538.0,East,2025-12-29,2026-06-02,10,422.74,40.87,4.0,mobile,yes,0
101308,18,64339.0,East,2024-12-30,2026-06-21,5,423.19,74.8,5.0,store,no,0
100576,34,41862.0,West,2025-04-24,2026-02-23,7,173.87,27.13,4.0,mobile,yes,0
102361,32,30854.0,South,2024-12-11,2026-05-25,4,193.41,43.72,3.0,web,no,0
101281,40,20501.0,West,2024-12-07,2026-06-28,5,209.58,40.81,4.0,store,yes,0
104903,55,25981.0,Budapest,2023-02-02,2026-06-10,4,226.21,50.19,3.0,WEB,yes,0
104987,48,21726.0,East,2023-09-21,2026-06-21,8,440.83,55.37,4.0,web,yes,0
101994,26,26535.0,Budapest,2025-08-30,2026-05-25,2,47.05,28.88,4.0,store,yes,0
102640,54,15621.0,Budapest,2023-02-14,2026-05-24,5,225.53,50.67,4.0,web,yes,0
100270,32,46161.0,Budapest,2025-08-11,2026-04-30,6,1357.03,183.71,3.0,web,yes,0
100630,58,16886.0,South,2025-01-09,2026-06-14,6,461.59,67.42,4.0,mobile,yes,0
104468,18,30494.0,East,2023-08-10,2026-04-19,2,85.61,40.28,3.0,web,yes,0
103082,28,38177.0,Budapest,2023-04-30,2026-05-11,5,339.57,72.85,3.0,web,no,0
103467,33,61016.0,East,2024-11-19,2026-04-23,9,689.05,71.26,4.0,web,yes,0
105261,75,24603.0,East,2024-11-29,2026-06-28,6,360.7,54.51,4.0,mobile,no,0
104024,41,15000.0,North,2024-05-06,2026-06-10,10,919.08,82.71,4.0,partner,yes,0
102047,50,30100.0,West,2024-10-18,2026-06-23,3,175.69,56.49,3.0,store,yes,0
105721,29,24274.0,South,2024-11-10,2026-04-07,6,345.87,63.02,3.0,web,yes,0
102114,40,67431.0,East,2023-01-29,2026-05-17,4,170.92,54.12,4.0,store,no,0
100028,20,26543.0,Budapest,2023-03-08,2026-05-31,6,426.68,66.08,4.0,web,yes,0
102041,45,40701.0,Budapest,2023-06-22,2026-04-28,1,52.89,51.2,3.0,web,no,0
103929,25,19731.0,Budapest,2024-11-03,2026-03-31,8,220.76,31.13,5.0,store,yes,0
105452,43,30608.0,East,2025-03-23,2026-05-31,4,459.65,140.12,5.0,partner,yes,0
103217,58,35650.0,West,2025-10-08,2026-04-14,5,684.24,127.7,5.0,partner,yes,0
103815,18,56277.0,West,2024-08-15,2026-06-07,7,166.36,21.82,3.0,partner,yes,0
100130,32,,East,2023-12-23,2026-06-07,7,402.34,59.57,5.0,web,no,0
104471,46,63750.0,North,2024-05-29,2026-06-28,6,254.16,49.19,3.0,web,no,0
105923,48,18695.0,South,2024-04-02,2026-03-26,3,87.1,30.91,2.0,store,no,1
100014,39,23546.0,South,2023-09-16,2026-06-14,11,596.24,66.7,4.0,mobile,yes,0
105168,50,51992.0,South,2024-12-20,2026-06-28,10,1054.44,114.99,4.0,store,no,0
101526,47,45923.0,Budapest,2024-04-14,2026-05-17,8,251.95,46.89,2.0,web,yes,1
102366,39,39774.0,East,2023-06-29,2026-06-28,10,676.54,73.93,3.0,,no,0
103053,34,24980.0,East,2024-10-21,2026-06-20,5,322.57,64.47,4.0,partner,no,0
104006,32,21234.0,Budapest,2025-01-12,2026-04-22,2,147.96,73.06,4.0,web,no,0
102341,30,36393.0,Budapest,2025-05-13,2026-04-08,6,134.02,29.18,3.0,web,no,0
100375,18,19706.0,Budapest,2024-06-23,2026-04-13,5,889.36,159.0,4.0,web,yes,0
104396,27,15000.0,West,2023-12-11,2026-06-12,6,788.84,119.56,4.0,mobile,yes,0
105598,44,15000.0,West,2025-06-19,2026-04-20,2,94.47,55.29,5.0,mobile,yes,0
100940,61,24533.0,Budapest,2023-08-22,2026-05-08,9,418.78,60.08,5.0,web,yes,0
105777,29,84996.0,East,2024-06-19,2026-04-30,6,666.37,94.11,4.0,web,no,0
102148,18,36601.0,North,2023-09-24,2026-03-28,9,1712.65,184.5,4.0,web,no,0
103592,21,25644.0,Budapest,2024-11-28,2026-04-22,5,375.49,73.8,5.0,web,yes,0
105474,62,56626.0,Budapest,2025-03-28,2026-06-02,6,435.5,59.71,3.0,web,yes,0
105067,36,39767.0,East,2023-08-08,2026-03-23,7,405.27,68.96,3.0,store,yes,0
103624,49,22750.0,South,2025-02-09,2026-04-21,4,213.1,68.78,4.0,store,no,0
100530,49,21090.0,Budapest,2025-03-01,2026-06-28,7,1161.52,151.38,3.0,web,yes,0
103715,40,26326.0,South,2025-11-17,2026-04-23,5,169.08,35.3,2.0,web,no,1
101270,54,20300.0,West,2023-04-17,2026-06-10,4,374.79,85.39,4.0,web,yes,0
104282,39,31960.0,West,2024-07-08,2026-06-20,4,140.28,46.76,5.0,store,yes,0
101395,65,18249.0,South,2024-01-02,2026-05-25,5,394.14,80.65,3.0,store,yes,0
104010,18,24476.0,East,2023-02-12,2026-06-28,8,431.43,76.25,5.0,web,yes,0
101798,39,30496.0,Budapest,2025-05-16,2026-05-10,3,159.51,57.29,5.0,store,no,0
102980,54,30113.0,South,2025-12-23,2026-06-03,7,443.69,58.24,3.0,mobile,yes,0
101442,40,20598.0,Budapest,2023-11-20,2026-02-28,6,401.21,67.81,3.0,store,no,1
104509,40,26824.0,South,2023-02-17,2026-03-29,4,227.76,62.18,4.0,web,yes,0
105884,45,23247.0,North,2025-10-01,2026-06-25,7,479.66,65.46,3.0,partner,no,0
103812,38,23508.0,Budapest,2025-10-23,2026-06-22,4,218.37,60.22,4.0,web,yes,0
101274,41,37800.0,East,2023-01-11,2026-05-07,3,165.49,57.22,3.0,web,yes,0
101713,38,67488.0,North,2023-09-24,2026-04-05,5,84.74,17.88,2.0,mobile,no,0
100956,40,19987.0,North,2024-09-15,2026-04-01,5,308.29,55.62,4.0,mobile,yes,0
105607,57,80864.0,Budapest,2023-07-26,2026-03-03,7,584.05,85.36,3.0,mobile,no,0
104820,56,36321.0,East,2025-02-03,2026-06-14,11,571.81,43.83,5.0,web,yes,0
105330,33,44935.0,West,2023-01-17,2026-06-10,9,377.57,38.27,2.0,partner,yes,1
100404,22,31453.0,Budapest,2025-04-03,2026-04-19,4,159.15,35.25,5.0,mobile,yes,0
102072,44,74437.0,West,2025-02-02,2026-06-17,9,463.34,57.99,3.0,mobile,no,0
105734,32,32050.0,North,2024-04-26,2026-06-13,7,475.2,68.49,3.0,web,no,0
101978,44,41323.0,North,2024-11-18,2026-04-03,4,586.95,156.74,3.0,partner,yes,0
100159,42,45032.0,South,2024-07-11,2026-02-28,7,834.17,110.58,5.0,web,no,0
103889,29,40587.0,North,2023-01-17,2026-05-23,3,364.52,127.17,4.0,web,no,1
100903,20,37940.0,Budapest,2024-05-01,2026-06-07,6,617.14,102.36,4.0,,no,0
100353,40,16477.0,East,2024-03-22,2026-04-08,2,66.71,33.48,3.0,store,yes,1
104131,25,15000.0,South,2023-11-14,2026-04-24,8,647.0,89.62,4.0,store,no,0
100755,49,29812.0,East,2024-08-30,2026-04-20,8,751.02,84.29,4.0,mobile,no,0
102972,52,31482.0,East,2025-08-14,2026-05-08,6,308.88,67.63,4.0,web,no,0
105847,62,27105.0,North,2023-01-28,2026-05-11,9,641.16,66.59,4.0,store,yes,0
102921,18,25629.0,North,2023-11-04,2026-05-27,8,483.71,72.18,3.0,web,no,0
100312,49,37174.0,West,2023-04-24,2026-06-28,4,291.67,57.48,4.0,store,yes,0
100662,39,25293.0,North,2023-10-22,2026-03-18,6,407.69,61.49,5.0,store,yes,1
101990,28,28848.0,Budapest,2025-05-29,2026-06-19,7,389.69,68.18,3.0,store,yes,0
103666,43,21819.0,West,2024-04-13,2026-03-31,5,163.5,29.9,3.0,store,yes,1
100307,26,25300.0,West,2024-05-05,2026-06-17,7,564.95,86.22,3.0,mobile,yes,0
102336,37,26447.0,East,2023-11-29,2026-06-25,7,318.32,42.27,5.0,mobile,no,0
102357,40,42318.0,West,2023-10-09,2026-04-20,10,795.49,70.68,3.0,mobile,no,0
103703,26,40208.0,East,2024-10-01,2026-05-02,5,608.6,114.65,3.0,partner,yes,0
103805,37,43991.0,Budapest,2024-09-05,2026-06-20,6,257.36,49.91,3.0,web,no,0
101928,42,46874.0,East,2025-04-21,2026-06-19,4,302.8,75.94,4.0,mobile,no,0
103428,55,52987.0,South,2024-02-27,2026-06-11,6,415.41,74.72,3.0,mobile,yes,0
100750,41,26863.0,South,2023-07-19,2026-06-25,4,242.81,51.97,3.0,mobile,no,0
103639,30,68882.0,South,2023-01-11,2026-05-21,7,183.61,26.3,4.0,mobile,no,0
104387,45,18208.0,Budapest,2024-05-16,2026-05-20,6,319.52,57.74,4.0,mobile,yes,0
101267,35,39322.0,Budapest,2025-07-25,2026-04-19,8,381.65,53.1,3.0,web,yes,0
104577,28,29231.0,South,2024-05-17,2026-06-01,5,169.52,33.32,3.0,store,yes,1
105328,45,25057.0,North,2024-07-15,2026-04-19,4,397.0,115.42,5.0,web,no,1
103596,30,55882.0,North,2024-03-05,2026-04-13,8,852.96,90.07,3.0,mobile,no,0
102135,44,32324.0,West,2025-03-21,2026-06-13,5,156.52,36.71,2.0,,yes,0
104110,61,56981.0,West,2024-03-10,2026-05-02,3,183.17,74.71,3.0,web,yes,0
100515,48,27725.0,Budapest,2025-07-18,2026-04-24,12,455.16,43.06,4.0,web,no,0
105392,59,15000.0,West,2025-02-06,2026-06-28,8,904.99,122.71,5.0,mobile,yes,0
100410,43,69189.0,North,2024-07-23,2026-06-01,11,709.81,58.37,4.0,web,yes,0
104499,59,34249.0,South,2023-02-14,2026-05-12,6,378.01,52.4,2.0,mobile,yes,0
104142,18,21922.0,East,2025-02-27,2026-04-26,3,93.49,30.66,4.0,store,no,0
105966,34,51271.0,Budapest,2025-10-15,2026-04-03,6,241.61,40.34,4.0,web,yes,0
105221,54,35850.0,Budapest,2025-05-14,2026-03-20,9,596.32,74.04,2.0,web,yes,0
100208,33,30452.0,East,2024-10-20,2026-05-06,5,176.4,33.4,3.0,web,yes,0
100459,38,23112.0,South,2024-12-07,2026-03-23,8,1888.1,198.29,3.0,mobile,yes,0
102055,47,35662.0,Budapest,2023-05-24,2026-05-01,5,271.77,48.08,5.0,partner,yes,0
102431,52,24753.0,South,2023-08-26,2026-03-21,7,1443.58,201.96,3.0,web,yes,1
100251,45,41611.0,East,2023-07-22,2026-05-15,3,325.45,101.18,3.0,store,no,0
105145,46,,Budapest,2025-10-29,2026-05-27,5,184.5,35.11,5.0,web,yes,0
101108,64,37353.0,West,2024-07-08,2026-06-22,3,132.49,38.55,5.0,mobile,yes,0
105946,39,,Budapest,2024-04-18,2026-05-21,7,374.32,57.18,4.0,mobile,yes,0
101714,54,25842.0,North,2023-02-11,2026-04-21,5,430.85,106.39,3.0,web,yes,0
103912,49,40214.0,West,2024-11-20,2026-06-22,7,579.75,98.35,5.0,mobile,yes,0
100716,32,15000.0,Budapest,2023-09-19,2026-06-10,7,432.07,63.84,3.0,store,no,1
100553,41,26541.0,Budapest,2024-01-08,2026-03-31,6,293.62,44.1,4.0,store,yes,0
101440,25,29047.0,North,2023-09-13,2026-04-12,4,601.32,135.05,3.0,partner,no,0
102271,49,24816.0,East,2024-10-12,2026-05-27,8,888.18,105.79,5.0,mobile,yes,0
103145,46,29200.0,South,2024-02-15,2026-05-21,4,475.56,98.11,5.0,web,yes,0
105763,60,15000.0,South,2023-12-17,2026-06-06,6,526.24,90.56,4.0,web,no,0
101926,38,,Budapest,2025-05-17,2026-06-15,8,794.46,86.95,4.0,web,yes,0
100635,27,25498.0,Budapest,2025-04-15,2026-02-13,8,755.72,88.0,3.0,store,yes,0
100317,39,40017.0,West,2024-07-24,2026-06-28,7,287.58,43.31,3.0,mobile,yes,0
105668,33,23650.0,North,2023-09-12,2026-06-19,6,586.94,97.64,4.0,,yes,0
100428,54,63833.0,South,2025-08-05,2026-06-19,4,262.76,69.35,3.0,web,yes,0
104477,37,19057.0,East,2024-02-06,2026-06-20,5,795.74,135.37,4.0,mobile,no,0
100106,63,19285.0,East,2023-04-09,2026-06-11,6,974.67,157.54,4.0,partner,no,0
103042,40,33491.0,North,2024-10-30,2026-06-28,4,295.42,72.72,3.0,web,no,0
104239,36,23261.0,East,2023-11-29,2026-05-14,7,294.47,56.84,4.0,web,no,0
102170,37,30368.0,West,2024-06-16,2026-04-04,5,353.41,56.93,4.0,web,yes,0
101710,44,22331.0,Budapest,2025-10-18,2026-05-17,7,1068.04,127.06,4.0,mobile,no,0
100090,40,42825.0,Wset,2023-05-13,2026-06-28,9,1247.65,114.83,4.0,store,yes,0
102242,46,15000.0,Budapest,2023-07-22,2026-06-10,9,389.96,39.92,4.0,partner,yes,0
103175,58,32399.0,East,2023-08-26,2026-05-31,5,365.03,82.98,5.0,partner,yes,0
104754,37,15964.0,West,2023-11-07,2026-04-25,2,242.35,123.72,3.0,web,yes,0
101950,46,,North,2023-02-07,2026-05-20,4,411.15,99.42,3.0,partner,no,0
104045,41,34188.0,West,2023-08-28,2026-06-18,6,562.85,97.65,5.0,,yes,0
102849,33,47984.0,South,2024-04-08,2026-05-08,6,411.73,76.66,3.0,store,yes,0
100002,62,49205.0,West,2024-07-21,2026-06-08,9,487.46,58.32,4.0,web,yes,0
104338,44,30391.0,Budapest,2024-08-18,2026-05-01,6,82.58,17.42,5.0,partner,yes,0
100936,36,40132.0,Budapest,2023-05-08,2026-06-08,5,390.8,67.8,3.0,store,yes,0
105159,29,47706.0,West,2025-12-21,2026-06-28,4,145.45,33.11,,web,yes,0
102721,32,36359.0,West,2024-10-27,2026-05-19,5,305.63,54.56,3.0,store,yes,0
100592,24,42750.0,West,2025-04-17,2026-04-18,11,698.01,56.5,5.0,mobile,yes,0
104521,67,24430.0,Budapest,2025-12-04,2026-06-20,2,90.68,56.58,4.0,partner,yes,0
102937,39,25170.0,Budapest,2024-08-05,2026-04-05,7,228.87,38.98,3.0,web,yes,0
102449,55,35693.0,East,2025-06-25,2026-05-16,2,233.17,102.16,3.0,web,no,0
101577,36,26977.0,South,2024-12-26,2026-06-28,6,561.19,96.98,4.0,partner,no,0
105380,51,44650.0,South,2025-08-14,2026-05-01,6,365.08,54.2,3.0,web,no,0
100214,44,21673.0,South,2025-02-03,2026-05-24,6,474.16,78.59,4.0,,yes,1
100779,28,35975.0,South,2024-07-20,2026-06-19,4,267.36,70.7,4.0,web,yes,0
103497,33,16303.0,East,2025-04-28,2026-06-01,13,497.85,42.05,4.0,web,no,0
104731,65,35020.0,Budapest,2024-07-09,2026-04-14,5,410.82,92.95,4.0,mobile,yes,0
102044,51,50004.0,North,2024-04-30,2026-06-14,5,709.31,124.65,5.0,mobile,yes,0
105469,34,25174.0,West,2023-06-27,2026-06-11,6,199.61,41.88,4.0,store,no,0
101568,41,27181.0,Budapest,2024-07-07,2026-05-29,8,216.62,26.37,2.0,mobile,no,0
100166,36,27854.0,West,2023-12-21,2026-04-30,7,191.02,27.69,2.0,mobile,yes,0
103567,34,25899.0,South,2024-07-24,2026-03-31,4,185.23,44.43,3.0,web,yes,0
104616,35,34850.0,Budapest,2025-12-18,2026-03-28,8,538.11,75.92,5.0,web,yes,0
102014,62,17008.0,Wset,2024-10-03,2026-05-30,5,524.57,95.72,5.0,web,yes,0
100274,53,36501.0,East,2024-06-10,2026-04-28,9,255.14,33.04,3.0,web,yes,0
103861,30,21644.0,West,2024-10-12,2026-06-13,7,304.23,36.63,4.0,web,yes,0
104168,25,52222.0,Wset,2024-02-17,2026-03-17,3,257.31,89.02,5.0,store,yes,0
104814,40,36435.0,North,2023-12-09,2026-06-17,7,645.18,98.92,5.0,store,yes,0
103789,18,33804.0,West,2023-08-24,2026-05-04,6,360.4,68.69,3.0,web,yes,0
100395,34,64435.0,Budapest,2025-01-15,2024-11-12,3,147.75,47.57,,mobile,no,0
100584,38,25793.0,West,2025-02-24,2026-04-14,3,132.98,34.82,3.0,web,no,0
104866,31,56983.0,Budapest,2025-06-01,2026-06-23,2,188.09,77.22,4.0,web,no,0
105595,53,32473.0,East,2024-05-22,2026-05-27,7,261.09,41.89,4.0,web,no,0
105773,18,15000.0,Budapest,2023-01-23,2026-04-23,7,590.26,82.35,5.0,web,yes,0
100521,45,,South,2025-01-21,2026-06-28,11,370.78,36.71,4.0,partner,yes,0
101764,31,26379.0,Budapest,2025-01-23,2026-04-18,9,680.6,69.51,1.0,web,no,0
101876,41,43643.0,South,2023-12-21,2026-04-21,6,510.56,75.64,3.0,web,no,0
103966,50,39483.0,Budapest,2025-06-03,2026-05-28,9,2023.93,226.27,2.0,web,no,0
103345,58,36919.0,West,2024-09-22,2026-05-07,5,346.44,57.42,3.0,mobile,yes,0
102254,28,27866.0,East,2024-11-10,2026-06-14,5,320.81,53.23,2.0,store,yes,0
103225,63,24811.0,Budapest,2023-09-16,2026-04-22,7,553.53,73.81,4.0,web,yes,0
100527,35,18862.0,North,2024-03-07,2026-03-31,5,312.57,60.57,3.0,web,yes,0
102947,44,26929.0,Budapest,2025-10-25,2026-04-28,6,121.73,24.67,3.0,web,yes,0
103900,44,40536.0,Budapest,2024-05-03,2026-06-24,5,419.3,83.47,4.0,partner,no,0
100693,44,28128.0,Budapest,2025-11-02,2026-04-19,4,266.0,70.3,4.0,store,yes,1
105706,18,41627.0,West,2025-01-21,2026-05-13,9,442.37,51.87,2.0,mobile,no,1
103634,25,19647.0,West,2024-07-03,2026-03-21,3,115.23,37.41,3.0,web,yes,1
101051,55,24973.0,East,2023-01-03,2026-04-14,9,412.23,49.08,5.0,partner,yes,0
100591,43,35217.0,North,2024-03-26,2026-06-28,11,730.88,72.36,5.0,web,yes,0
100520,44,47781.0,South,2025-04-16,2026-05-15,7,671.81,96.71,4.0,web,no,0
103381,40,32727.0,Budapest,2025-09-07,2026-04-08,6,463.39,75.76,4.0,mobile,yes,1
103677,57,21942.0,Budapest,2023-04-30,2026-05-12,8,564.04,78.99,5.0,mobile,no,0
104963,42,15000.0,West,2025-02-15,2026-06-28,4,291.39,75.16,5.0,partner,yes,0
101608,37,26101.0,Budapest,2023-06-10,2026-05-24,3,310.27,112.25,3.0,web,yes,0
103611,56,64845.0,East,2024-03-20,2026-06-12,4,210.74,53.36,4.0,partner,yes,0
105784,41,56855.0,South,2024-01-27,2026-03-17,6,422.66,64.79,5.0,mobile,no,1
101810,51,45916.0,Budapest,2023-06-11,2026-04-24,8,366.33,46.94,4.0,web,yes,0
100792,34,15996.0,West,2024-02-17,2026-04-01,8,203.0,27.54,4.0,web,no,0
100793,45,37257.0,Budapest,2023-01-05,2026-03-26,3,83.79,26.64,5.0,store,yes,0
104953,51,17260.0,Budapest,2024-09-25,2026-04-18,8,241.4,38.14,5.0,web,no,0
101856,34,44742.0,North,2023-03-08,2026-05-16,7,289.96,38.85,3.0,store,yes,0
101981,47,28958.0,South,2025-03-29,2026-04-08,8,238.83,31.38,2.0,web,yes,0
103234,34,21058.0,Budapest,2023-03-31,2026-05-02,5,157.82,29.88,3.0,partner,yes,1
103599,36,39860.0,North,2023-12-11,2026-04-17,6,406.38,50.24,5.0,,yes,0
100934,51,22395.0,South,2023-11-12,2026-04-15,4,236.44,56.85,4.0,mobile,yes,0
103964,41,61203.0,Budapest,2023-10-21,2026-04-03,4,166.83,40.8,4.0,partner,yes,0
105603,49,38425.0,North,2023-02-17,2026-04-15,4,369.06,85.34,5.0,web,yes,1
104180,33,33308.0,North,2023-07-26,2026-03-10,6,628.9,99.32,2.0,mobile,yes,0
104027,44,18682.0,East,2025-03-12,2026-04-09,8,466.31,63.54,4.0,partner,yes,0
104117,23,26634.0,East,2023-09-22,2026-06-03,8,891.04,109.05,5.0,partner,yes,0
100989,42,22673.0,West,2025-05-01,2026-06-28,4,149.32,44.56,2.0,web,yes,0
104652,46,29743.0,South,2024-11-27,2026-04-29,5,532.05,117.92,5.0,mobile,yes,0
103454,49,42112.0,Budapest,2024-05-18,2026-04-02,6,847.23,162.99,3.0,mobile,yes,0
105508,35,97885.0,West,2025-08-22,2026-04-14,4,192.72,50.78,3.0,web,yes,0
103779,26,30232.0,South,2025-09-15,2026-03-28,2,144.91,77.96,3.0,mobile,no,0
105055,52,32345.0,South,2024-12-29,2026-04-10,4,280.18,74.1,3.0,web,no,0
103094,31,37797.0,North,2025-12-14,2026-06-04,8,747.84,101.97,3.0,web,yes,0
103156,18,35672.0,Budapest,2025-12-15,2026-03-26,6,336.09,59.32,3.0,partner,yes,1
103202,47,51627.0,North,2024-11-08,2026-04-25,4,371.37,91.42,4.0,partner,yes,0
104865,52,33325.0,East,2024-06-20,2026-05-06,8,849.68,107.25,3.0,mobile,no,0
101099,39,16075.0,South,2025-01-05,2026-06-06,5,129.28,22.83,4.0,web,yes,0
105005,42,40851.0,Budapest,2023-01-03,2026-03-27,3,341.86,110.37,5.0,store,no,0
102845,40,60428.0,Budapest,2023-05-13,2026-06-28,7,233.52,36.05,3.0,store,no,0
100887,53,30532.0,West,2025-05-26,2026-05-14,3,97.9,29.9,2.0,mobile,no,0
105954,27,15000.0,Budapest,2024-02-01,2026-05-03,8,303.43,42.44,4.0,partner,yes,0
104677,59,27567.0,Budapest,2025-12-28,2026-06-16,6,539.69,83.51,4.0,mobile,yes,0
100516,31,46315.0,Budapest,2023-01-05,2026-06-18,7,236.27,40.93,4.0,mobile,yes,0
105566,52,51337.0,Budapest,2024-09-24,2026-05-09,7,446.08,62.42,4.0,mobile,yes,0
101454,57,32761.0,North,2025-08-12,2026-05-10,4,451.85,106.28,5.0,mobile,yes,0
103554,37,37399.0,West,2024-04-20,2026-04-06,3,234.08,88.57,4.0,web,yes,0
103610,45,74146.0,Budapest,2024-10-12,2026-06-13,7,383.02,44.97,4.0,web,yes,0
102507,68,40319.0,North,2023-01-01,2026-06-21,3,181.81,67.77,3.0,mobile,yes,0
102995,44,35287.0,East,2024-07-25,2026-04-13,6,262.32,42.78,4.0,mobile,no,0
104000,39,26107.0,Budapest,2024-05-26,2026-06-24,8,556.96,57.39,5.0,mobile,no,0
105720,47,35904.0,Budapest,2024-06-04,2026-04-16,6,240.14,34.86,3.0,partner,yes,0
100907,30,56517.0,West,2024-04-03,2026-06-28,6,488.72,77.53,4.0,store,yes,1
100029,45,,Budapest,2024-07-02,2026-06-05,6,972.27,162.48,6.0,partner,yes,1
102508,39,24318.0,North,2023-09-29,2026-06-16,4,166.95,43.43,4.0,web,no,0
102429,41,20939.0,East,2023-07-14,2026-06-05,7,772.64,136.45,5.0,partner,yes,1
100763,29,19867.0,Budapest,2023-01-26,2026-06-26,5,366.54,63.98,4.0,partner,yes,0
103748,25,36340.0,South,2025-09-09,2026-05-27,5,249.28,49.2,3.0,store,yes,0
100285,55,36169.0,East,2025-10-11,2026-06-28,4,206.05,60.39,4.0,store,yes,1
100687,57,29135.0,West,2024-11-07,2026-06-04,4,75.19,17.99,3.0,partner,yes,0
102354,7,20371.0,East,2024-07-02,2026-06-28,7,441.56,63.4,4.0,web,yes,0
104851,45,38000.0,Budapest,2025-05-28,2026-05-21,3,98.2,41.46,2.0,mobile,yes,0
100022,46,31652.0,West,2025-11-13,2026-04-25,9,358.5,40.22,5.0,store,yes,0
102753,25,25298.0,South,2025-06-19,2026-05-04,6,327.36,63.01,4.0,store,yes,0
100886,41,25803.0,West,2024-04-18,2026-05-01,4,382.45,113.38,3.0,partner,yes,0
100918,48,18655.0,Budapest,2025-05-22,2026-04-04,6,656.29,116.91,3.0,mobile,no,0
101041,32,22158.0,Budapest,2025-12-02,2026-02-19,7,840.19,126.58,3.0,mobile,yes,1
101266,40,39243.0,South,2025-11-10,2026-04-25,3,306.02,106.64,4.0,web,yes,0
105215,34,28127.0,West,2023-10-17,2026-06-26,5,273.86,64.1,4.0,web,yes,0
100278,36,24393.0,West,2025-06-24,2026-06-28,9,379.4,41.41,3.0,mobile,no,0
102085,36,49804.0,East,2023-11-25,2026-04-20,6,484.63,70.63,3.0,web,yes,0
101246,41,67981.0,Budapest,2025-04-22,2026-06-14,6,258.51,44.9,3.0,partner,no,0
102383,64,23573.0,Budapest,2023-09-16,2026-04-02,7,278.77,48.73,4.0,web,no,1
100572,42,41189.0,South,2023-08-10,2026-06-28,4,376.36,78.03,5.0,mobile,no,0
101436,44,52663.0,North,2025-03-14,2026-06-28,2,155.18,81.15,3.0,mobile,yes,0
103903,22,57875.0,East,2023-07-22,2026-04-27,8,245.98,40.25,4.0,store,yes,0
101248,28,18648.0,Budapest,2024-10-02,2026-05-16,1,27.01,37.1,4.0,web,yes,1
103527,51,,Budapest,2024-03-14,2026-03-20,5,-170.7775471847821,90.3,4.0,mobile,yes,0
102515,46,36661.0,Budapest,2024-05-12,2026-04-23,3,112.13,47.52,4.0,web,yes,1
101008,49,,Budapest,2025-08-28,2026-05-09,8,278.97,35.12,3.0,,no,1
105220,64,27542.0,Budapest,2025-12-05,2026-05-09,7,394.36,50.6,4.0,store,no,0
102065,55,57385.0,West,2025-02-27,2026-06-04,10,526.95,55.83,3.0,partner,yes,1
104762,37,46870.0,West,2024-08-30,2026-06-28,3,252.02,85.55,,mobile,no,0
101691,52,29016.0,South,2024-06-03,2026-06-28,9,1310.14,148.24,3.0,web,yes,0
105201,48,19410.0,Budapest,2025-10-13,2026-05-12,4,566.99,131.49,4.0,store,yes,0
101986,32,58706.0,North,2024-03-03,2026-04-23,7,458.03,60.64,4.0,web,no,0
100295,39,54403.0,South,2025-02-25,2026-04-23,3,206.61,57.39,,web,yes,0
101548,20,30673.0,South,2023-01-31,2026-05-01,5,607.79,116.75,3.0,web,yes,0
102013,54,15000.0,Budapest,2024-06-30,2026-04-06,4,331.84,67.4,4.0,mobile,no,1
100589,44,16927.0,Budapest,2023-06-29,2026-05-22,7,811.81,125.66,4.0,store,yes,0
103330,39,,Budapest,2025-05-07,2026-06-24,6,458.92,73.34,4.0,mobile,yes,0
102404,37,44284.0,North,2023-01-01,2026-04-17,11,1684.98,151.97,3.0,store,no,0
102130,45,22854.0,Budapest,2024-01-19,2026-05-09,1,90.94,81.1,5.0,mobile,yes,0
103999,45,21696.0,Budapest,2024-01-22,2026-04-30,10,529.07,51.84,3.0,web,no,0
105278,48,28975.0,East,2023-12-14,2026-04-26,8,347.83,43.06,4.0,web,no,0
103742,38,16689.0,Budapest,2024-01-29,2026-05-03,8,753.99,96.49,4.0,web,no,0
103509,37,40339.0,East,2024-08-06,2026-06-28,10,1482.53,121.81,4.0,store,yes,0
102720,37,19054.0,East,2023-04-11,2026-06-13,3,158.67,45.62,4.0,web,yes,0
104522,37,15000.0,West,2024-08-15,2026-04-16,4,470.52,114.71,3.0,store,yes,0
105492,27,26909.0,East,2025-06-15,2026-06-07,5,649.79,126.39,3.0,web,yes,0
105498,49,51758.0,Budapest,2025-11-15,2026-04-29,9,576.94,56.79,4.0,partner,yes,0
100557,41,47386.0,Budapest,2024-04-24,2026-06-10,6,508.51,89.75,5.0,store,no,0
102470,59,37789.0,Budapest,2025-03-31,2026-05-18,6,338.26,51.69,4.0,web,yes,0
103739,29,15000.0,South,2025-06-14,2026-04-22,14,805.87,59.9,3.0,mobile,no,0
104287,45,42925.0,North,2023-02-12,2026-03-20,4,186.36,44.61,4.0,store,no,1
104958,20,26153.0,Budapest,2023-02-22,2026-06-28,8,454.54,60.42,3.0,mobile,no,1
101717,27,52629.0,Budapest,2025-07-18,2026-04-06,6,266.97,42.79,5.0,mobile,yes,0
102605,24,18791.0,Budapest,2025-09-08,2026-06-28,4,190.26,45.97,4.0,,yes,1
105473,45,34865.0,North,2023-04-05,2026-06-28,6,815.88,138.1,4.0,web,no,0
101705,54,53722.0,West,2025-12-21,2026-05-22,4,166.5,53.41,4.0,mobile,no,0
102140,42,17311.0,South,2024-11-16,2026-03-18,10,1594.34,135.51,3.0,web,yes,1
103240,45,22755.0,Budapest,2025-02-15,2026-04-12,7,246.28,38.65,2.0,partner,no,0
102384,58,26104.0,Budapest,2025-12-08,2026-04-29,5,270.55,59.86,5.0,web,yes,0
104312,49,39192.0,South,2025-05-05,2026-06-27,8,455.59,55.56,3.0,mobile,yes,0
101286,39,31591.0,North,2023-12-21,2026-05-30,6,262.27,40.91,4.0,partner,yes,0
105131,55,15680.0,Budapest,2023-04-04,2026-06-16,4,191.4,56.07,3.0,web,yes,1
105521,31,43631.0,West,2025-09-11,2026-06-04,10,1072.21,101.68,3.0,web,yes,0
103931,55,27451.0,East,2024-09-10,2026-05-26,11,971.97,88.46,5.0,web,no,0
104562,44,42962.0,Budapest,2024-05-08,2026-05-27,6,434.56,84.46,,mobile,no,0
101592,74,54893.0,Budapest,2024-11-23,2026-05-12,7,434.98,60.73,4.0,partner,no,0
105340,49,69143.0,Budapest,2023-08-26,2026-04-29,5,350.35,66.56,5.0,web,yes,0
102163,27,65337.0,West,2024-03-22,2026-05-18,10,350.69,38.58,2.0,web,no,1
102397,29,20639.0,Budapest,2024-05-06,2026-06-07,11,1125.72,96.52,4.0,mobile,yes,0
100318,54,15000.0,East,2023-05-12,2026-04-23,8,526.09,54.46,3.0,store,no,0
105414,58,64438.0,Budapest,2024-01-01,2026-06-28,5,293.33,62.99,2.0,mobile,no,1
103112,32,33343.0,Budapest,2023-05-10,2026-06-26,6,579.29,102.27,3.0,web,yes,0
104037,55,40449.0,Budapest,2024-06-12,2026-05-15,5,171.9,31.24,4.0,store,yes,0
100796,37,49375.0,West,2024-02-15,2026-05-19,6,268.77,46.12,5.0,mobile,yes,0
103021,58,23976.0,West,2024-04-19,2026-05-05,6,390.33,57.01,5.0,web,no,0
101712,27,19233.0,West,2024-11-22,2026-06-03,5,179.75,40.61,3.0,store,no,0
103388,28,27381.0,North,2023-08-29,2026-05-10,5,263.36,63.5,2.0,store,yes,0
100037,21,22723.0,Budapest,2024-07-21,2026-06-28,5,135.93,28.16,4.0,partner,yes,0
104550,48,45651.0,Budapest,2024-03-18,2026-05-29,7,316.12,42.4,4.0,mobile,yes,0
100914,35,35921.0,North,2023-09-07,2026-05-16,5,294.39,68.02,3.0,store,yes,0
103973,22,17618.0,East,2024-06-06,2026-05-23,6,347.24,63.94,1.0,partner,yes,0
104134,31,26007.0,West,2025-11-18,2026-05-03,2,135.24,72.49,3.0,store,no,0
100975,66,28593.0,Budapest,2024-12-30,2026-06-28,6,922.51,155.65,4.0,mobile,no,0
100984,49,61752.0,West,2023-10-10,2026-06-14,3,113.69,50.12,4.0,store,no,1
104918,42,22283.0,East,2024-09-19,2026-03-17,4,188.09,48.43,4.0,mobile,yes,1
101419,27,18331.0,North,2023-09-23,2026-05-29,3,260.17,88.84,5.0,mobile,no,0
101561,53,,North,2024-07-26,2026-04-18,5,336.9,72.72,5.0,partner,no,0
104136,62,19003.0,Budapest,2025-04-09,2026-06-28,1,61.6,60.15,4.0,web,yes,0
104266,40,15000.0,West,2025-07-17,2026-06-28,7,445.0,67.84,3.0,mobile,no,0
101356,18,27887.0,Budapest,2024-12-19,2026-05-26,5,193.86,33.59,4.0,web,no,0
105723,22,67193.0,Budapest,2023-12-07,2026-05-30,6,185.58,30.36,3.0,mobile,no,0
100988,44,32530.0,Budapest,2025-06-19,2026-06-28,4,237.63,60.56,5.0,web,yes,0
102683,19,36914.0,Budapest,2023-11-24,2026-06-01,11,1039.62,98.83,2.0,store,yes,0
101641,42,18601.0,South,2024-01-12,2026-05-14,15,2103.61,167.99,3.0,web,no,0
101291,24,15000.0,West,2025-02-21,2026-05-06,4,280.02,61.37,3.0,web,no,1
103682,37,65127.0,Budapest,2023-05-05,2026-05-10,8,544.67,69.64,4.0,web,no,0
101381,52,31323.0,West,2023-08-19,2026-05-18,4,154.42,47.2,3.0,web,no,0
101934,48,39915.0,South,2024-10-01,2026-05-20,6,600.87,100.12,1.0,web,yes,0
105071,39,57073.0,Budapest,2023-05-15,2026-06-12,4,320.18,65.93,5.0,partner,no,0
103161,48,30697.0,North,2023-07-11,2026-04-03,2,230.62,110.68,4.0,web,no,0
102031,46,29442.0,Budapest,2025-04-04,2026-06-28,6,567.45,86.93,3.0,mobile,no,1
100893,46,28557.0,Budapest,2024-01-08,2026-06-28,10,977.04,100.05,3.0,web,yes,0
104070,42,51816.0,Budapest,2024-10-01,2026-06-28,3,218.62,67.25,4.0,web,no,0
104256,48,46832.0,Budapest,2024-10-03,2026-05-27,7,532.81,81.69,4.0,web,no,0
100003,45,34340.0,South,2024-11-04,2026-06-13,8,362.36,54.63,3.0,mobile,yes,0
102110,34,28093.0,Budapest,2023-11-05,2026-05-28,5,223.95,40.98,3.0,mobile,yes,0
100850,59,19674.0,North,2023-09-16,2026-06-28,4,200.12,55.97,4.0,partner,no,0
102738,51,15102.0,East,2025-01-08,2026-06-20,10,452.2,45.57,3.0,web,yes,0
102467,53,74684.0,South,2024-05-14,2026-06-01,4,468.44,113.77,4.0,web,yes,0
101915,63,55012.0,Budapest,2024-02-17,2026-05-27,5,388.37,86.93,4.0,partner,no,0
101597,42,28899.0,Budapest,2024-06-08,2026-05-24,6,767.88,126.19,5.0,web,no,0
101914,46,38387.0,East,2023-10-17,2026-05-03,3,138.32,52.22,4.0,store,yes,0
105684,43,48616.0,East,2024-03-30,2026-05-30,2,106.68,76.18,5.0,partner,no,0
102737,19,38990.0,Budapest,2023-01-11,2026-04-18,5,617.98,108.25,4.0,mobile,yes,0
100727,49,48678.0,Budapest,2025-05-16,2026-04-20,3,177.71,59.37,3.0,web,yes,0
100054,51,25373.0,East,2025-09-18,2026-06-28,10,917.29,92.9,4.0,web,yes,0
101797,55,40188.0,East,2023-06-04,2026-05-15,9,791.95,94.01,3.0,web,yes,0
103846,34,33180.0,West,2024-04-16,2026-03-26,7,467.79,63.7,4.0,mobile,yes,0
102554,35,50963.0,North,2024-08-03,2026-06-28,6,292.54,52.46,5.0,store,yes,0
102801,36,29202.0,North,2023-01-04,2026-05-11,4,415.8,91.39,3.0,web,yes,0
100937,63,23463.0,North,2023-10-31,2026-03-11,4,846.47,219.23,3.0,partner,yes,1
104967,49,,West,2025-02-07,2026-05-04,4,620.52,129.61,3.0,mobile,yes,0
100825,46,38600.0,South,2025-03-09,2026-06-24,3,170.82,59.02,4.0,mobile,yes,1
104322,42,35834.0,East,2024-06-30,2026-05-15,3,243.69,77.05,2.0,mobile,yes,0
103402,49,32926.0,South,2025-08-12,2026-03-26,2,77.32,60.41,4.0,mobile,no,0
101390,60,18790.0,Budapest,2024-07-15,2026-06-28,6,249.92,43.6,3.0,web,yes,0
103565,23,30094.0,North,2024-07-15,2026-06-28,9,509.84,58.48,5.0,mobile,no,0
100885,35,19700.0,Budapest,2024-05-20,2026-06-17,7,824.9,119.66,4.0,partner,no,0
101869,63,31422.0,East,2023-06-18,2026-06-28,5,185.77,36.96,5.0,mobile,yes,0
100011,44,45268.0,West,2024-03-29,2026-04-06,7,362.99,51.47,4.0,store,yes,0
103416,58,39435.0,Budapest,2024-05-24,2026-05-12,11,374.5,34.79,5.0,mobile,yes,0
101464,43,29792.0,Budapest,2023-04-19,2026-04-29,3,184.02,70.95,4.0,partner,yes,0
100807,33,28739.0,East,2023-11-19,2026-03-05,5,207.22,46.87,3.0,mobile,yes,0
104741,57,23615.0,Budapest,2025-07-31,2026-05-05,3,238.98,85.3,3.0,partner,yes,0
104069,47,38837.0,North,2025-03-23,2026-06-16,9,430.56,46.43,4.0,web,no,0
102109,56,30329.0,West,2024-10-23,2026-04-15,6,306.76,73.07,3.0,mobile,yes,0
105088,38,51790.0,West,2025-08-22,2026-04-30,4,367.75,95.61,3.0,mobile,yes,0
105982,33,36794.0,East,2025-09-24,2026-02-22,7,513.63,74.09,4.0,web,no,0
102235,44,34536.0,South,2023-05-11,2026-04-28,6,471.57,81.92,4.0,,yes,1
100964,51,34599.0,Budapest,2024-12-09,2026-06-18,7,552.59,63.59,5.0,web,no,0
104495,54,50776.0,Budapest,2023-04-20,2026-04-26,10,441.7,39.17,3.0,partner,yes,0
102633,62,73365.0,North,2025-04-21,2026-04-22,3,208.58,66.5,4.0,web,yes,0
100705,41,60763.0,Budapest,2023-07-11,2026-06-28,4,156.94,51.46,3.0,mobile,yes,0
100432,39,62550.0,South,2023-03-18,2026-03-28,3,147.75,60.6,,mobile,yes,1
104389,31,29477.0,South,2024-07-10,2026-05-21,6,546.97,83.15,3.0,web,yes,0
100146,53,,Budapest,2024-02-05,2026-03-14,5,146.66,30.61,5.0,mobile,no,1
102034,33,15000.0,West,2025-01-25,2026-04-29,3,138.7,46.43,5.0,web,yes,0
105056,46,59252.0,Budapest,2025-08-26,2026-04-17,6,151.94,25.25,4.0,,no,0
101166,29,20138.0,South,2024-10-23,2026-05-15,4,264.72,63.55,3.0,web,yes,0
103501,27,,West,2025-08-31,2026-04-26,9,695.12,90.09,4.0,mobile,yes,0
102051,44,36548.0,North,2025-01-19,2026-06-01,3,77.21,26.17,3.0,web,no,0
103761,29,38365.0,North,2023-08-06,2026-05-19,4,226.27,50.06,3.0,store,yes,0
102625,36,17049.0,East,2024-06-05,2026-05-19,6,417.33,70.43,3.0,web,yes,0
104485,37,99477.0,South,2024-10-11,2026-05-02,5,222.58,47.7,4.0,web,no,0
104436,54,34733.0,East,2024-12-26,2026-04-14,11,489.86,43.88,2.0,partner,no,0
104804,45,45889.0,Wset,2023-11-04,2026-04-18,7,160.15,20.69,4.0,web,yes,0
105257,58,15000.0,East,2023-06-23,2026-06-28,7,1433.29,179.57,3.0,web,yes,0
104362,61,33141.0,East,2024-06-18,2026-04-24,6,449.47,74.64,4.0,mobile,no,0
102425,18,35772.0,North,2025-03-28,2026-04-08,7,863.29,143.1,3.0,web,no,0
101263,40,54999.0,Budapest,2024-12-12,2026-05-21,5,875.1,166.3,4.0,mobile,yes,0
101772,68,16974.0,South,2025-07-19,2026-05-14,7,335.6,48.12,2.0,web,yes,1
103512,32,22270.0,East,2025-08-06,2026-06-15,11,895.66,74.71,4.0,mobile,yes,0
100272,44,52131.0,Budapest,2024-07-23,2026-03-23,5,422.32,80.45,4.0,web,yes,0
100245,51,30060.0,East,2023-11-18,2026-06-06,8,355.17,58.61,4.0,web,no,0
105855,18,21539.0,Budapest,2025-04-17,2026-04-28,6,497.65,84.1,3.0,web,yes,0
104573,30,36490.0,Budapest,2024-03-17,2026-06-27,7,575.95,74.83,4.0,mobile,yes,0
102033,37,30182.0,West,2025-08-11,2026-05-28,3,208.71,71.7,5.0,mobile,yes,0
104766,31,24169.0,Budapest,2025-02-14,2026-03-08,4,191.26,48.6,3.0,web,no,0
100814,40,38235.0,East,2024-08-01,2026-05-27,5,190.17,36.4,4.0,web,yes,0
103811,39,,East,2023-04-12,2026-05-04,7,393.4,58.62,5.0,web,no,1
105707,36,22658.0,North,2025-06-04,2026-06-24,12,751.24,68.92,3.0,mobile,no,0
101805,32,35331.0,East,2024-06-20,2026-04-15,8,514.27,59.15,3.0,web,yes,0
104347,33,15692.0,South,2024-08-17,2026-05-23,7,651.53,76.49,3.0,mobile,no,0
102462,43,41357.0,East,2024-05-15,2026-05-25,6,391.36,70.17,4.0,mobile,yes,0
100546,18,31470.0,West,2023-11-02,2026-05-01,10,362.71,37.84,5.0,store,no,0
103242,59,74231.0,East,2024-10-31,2026-06-04,3,190.49,61.19,4.0,mobile,yes,0
100739,33,38119.0,West,2024-07-05,2026-06-28,5,433.86,96.15,4.0,store,yes,0
100311,34,75697.0,West,2024-11-29,2026-04-25,6,574.23,95.42,5.0,web,no,0
103522,31,56285.0,South,2024-05-14,2026-05-28,6,197.65,34.9,5.0,mobile,yes,0
101132,24,69971.0,West,2023-08-03,2026-06-03,6,726.34,126.8,4.0,mobile,yes,0
105942,37,25489.0,East,2025-03-23,2026-04-22,6,311.33,52.2,4.0,mobile,no,0
104112,34,82163.0,South,2023-03-03,2026-05-07,7,407.87,64.5,2.0,web,no,0
102770,46,21185.0,North,2024-12-23,2026-06-28,8,770.36,93.64,4.0,web,no,0
100921,25,58040.0,Budapest,2023-04-11,2026-04-27,7,795.31,107.31,5.0,store,yes,0
103588,33,66893.0,West,2024-11-29,2026-03-23,4,162.52,44.56,4.0,mobile,no,0
103960,29,35188.0,West,2025-09-23,2026-05-03,8,740.91,79.37,4.0,web,no,0
100039,43,15776.0,Budapest,2025-10-20,2026-06-28,6,331.63,50.78,5.0,web,yes,0
104460,52,45595.0,South,2024-01-30,2026-03-18,7,418.6,60.06,5.0,mobile,yes,1
104279,46,36477.0,Budapest,2025-07-21,2026-03-28,4,301.2,80.84,4.0,web,yes,0
102984,43,82677.0,East,2025-05-02,2026-04-15,7,672.14,113.28,2.0,store,no,1
102074,30,37980.0,South,2025-10-17,2026-04-20,8,794.33,80.77,3.0,mobile,yes,0
102668,42,41873.0,Budapest,2023-12-16,2026-04-19,3,278.85,89.77,4.0,mobile,no,0
103224,47,20262.0,East,2024-06-17,2026-06-09,2,117.92,54.39,2.0,mobile,no,0
101183,27,21170.0,Budapest,2025-09-17,2026-03-26,6,526.51,92.22,5.0,mobile,no,0
100615,42,17894.0,Budapest,2023-01-15,2026-06-19,6,683.05,100.56,2.0,partner,no,1
105924,40,30157.0,Budapest,2023-05-27,2026-05-10,7,321.72,43.88,3.0,store,yes,0
101467,60,20937.0,West,2024-12-05,2026-06-02,6,446.86,73.71,3.0,web,no,0
104498,27,18535.0,West,2023-01-05,2026-05-30,6,267.57,39.25,4.0,mobile,yes,0
103043,45,59911.0,South,2025-08-01,2026-06-16,11,685.58,58.27,4.0,web,yes,0
100935,36,63531.0,South,2023-10-19,2026-05-18,6,295.54,46.34,5.0,mobile,no,0
102420,32,66060.0,North,2025-09-17,2026-05-12,11,676.7,58.96,4.0,web,no,0
105442,18,28296.0,South,2025-08-20,2026-05-26,7,433.08,76.32,3.0,web,yes,0
104882,38,18013.0,East,2023-08-23,2026-05-12,5,272.79,50.54,3.0,store,yes,0
100827,27,27148.0,East,2025-10-23,2026-05-01,4,602.05,116.71,3.0,web,no,0
101522,42,23438.0,East,2025-06-14,2026-03-07,7,787.57,123.41,3.0,web,yes,0
102931,34,32672.0,East,2023-08-05,2026-05-02,6,117.7,21.08,3.0,mobile,yes,0
104233,45,31291.0,South,2024-07-28,2026-04-06,8,532.16,70.58,5.0,web,yes,0
100629,46,41702.0,East,2024-08-30,2026-05-20,4,381.94,102.91,4.0,web,no,0
104431,36,15000.0,Budapest,2023-11-18,2026-06-28,4,413.92,84.03,5.0,web,yes,0
103854,39,45322.0,West,2024-03-12,2026-06-02,6,149.84,25.28,4.0,web,yes,1
100391,43,28562.0,East,2023-11-06,2026-04-11,6,564.39,89.32,3.0,web,yes,1
104346,50,35889.0,North,2024-11-06,2026-05-10,6,538.11,79.62,4.0,store,no,0
105885,45,33726.0,West,2023-04-10,2026-05-18,3,135.5,46.61,5.0,web,yes,0
103991,52,35671.0,North,2025-03-14,2026-04-24,7,639.32,95.55,3.0,web,yes,0
100401,43,38328.0,Budapest,2024-09-06,2026-04-01,7,756.63,92.73,5.0,web,no,0
103360,20,15000.0,East,2023-03-12,2026-05-28,5,408.19,117.45,5.0,web,yes,0
100047,45,22857.0,West,2025-05-19,2026-06-28,6,322.8,51.28,4.0,web,yes,0
105787,30,41418.0,South,2024-02-28,2026-05-05,6,132.39,26.91,4.0,mobile,yes,1
105945,41,24811.0,Budapest,2024-10-15,2026-05-21,5,229.26,46.12,4.0,web,no,0
103643,31,,South,2023-02-09,2026-03-26,8,415.04,49.57,5.0,store,no,0
103727,63,52059.0,North,2025-07-02,2026-06-09,7,466.99,75.73,4.0,web,yes,0
105859,45,24903.0,East,2024-12-13,2026-04-18,8,626.28,85.32,,mobile,no,0
102422,48,23226.0,Budapest,2025-03-07,2026-04-27,7,204.93,35.15,3.0,store,yes,0
101751,43,30815.0,East,2024-02-28,2026-05-10,13,921.69,67.05,5.0,store,no,0
105833,59,61734.0,Budapest,2025-01-14,2026-03-06,7,495.34,59.75,2.0,mobile,no,1
104933,46,33571.0,South,2024-06-17,2026-06-10,4,357.37,83.88,5.0,store,yes,0
104063,55,92159.0,Budapest,2024-01-19,2026-06-02,7,489.77,57.91,5.0,store,yes,0
100339,32,42608.0,Budapest,2023-12-26,2026-06-03,7,356.31,58.82,5.0,web,yes,0
100216,41,30500.0,South,2023-04-24,2026-03-27,5,345.6,62.44,3.0,web,yes,1
103664,22,72811.0,East,2023-02-16,2026-06-28,7,496.74,79.75,2.0,,yes,0
101342,45,50355.0,South,2023-10-28,2026-06-28,4,487.85,126.93,5.0,web,yes,0
105515,57,21070.0,Budapest,2025-10-17,2026-02-05,10,838.02,76.61,4.0,web,yes,0
103895,48,15000.0,North,2025-02-16,2026-03-17,6,302.72,53.99,3.0,mobile,no,0
103641,58,25124.0,Budapest,2023-09-16,2026-05-01,5,208.02,44.59,5.0,store,yes,1
100330,36,29237.0,Budapest,2023-03-19,2026-03-13,7,428.42,62.67,5.0,web,no,0
103005,42,58810.0,Budapest,2024-12-17,2026-06-28,9,792.3,79.73,4.0,web,no,0
105764,32,41152.0,North,2025-04-18,2026-05-02,5,265.38,48.56,5.0,web,yes,0
103116,49,24009.0,East,2025-12-24,2026-05-08,8,543.98,65.78,3.0,store,yes,1
105836,48,59245.0,Budapest,2023-09-30,2026-06-26,2,85.51,37.25,4.0,store,yes,0
102323,48,,West,2025-01-27,2026-05-16,5,371.71,74.2,5.0,web,no,0
104198,46,51621.0,North,2025-10-10,2026-05-06,9,394.41,40.4,4.0,mobile,yes,0
103550,48,30887.0,South,2025-08-18,2026-06-03,6,411.12,54.2,3.0,web,no,0
101459,57,53506.0,North,2025-10-17,2026-05-27,2,125.34,54.5,3.0,web,yes,0
100172,47,23941.0,West,2025-04-20,2026-04-13,6,286.69,52.74,4.0,mobile,no,0
104204,51,30291.0,East,2023-09-22,2026-03-12,2,128.11,57.04,4.0,mobile,no,1
105046,44,39851.0,North,2023-08-01,2026-06-02,6,305.9,52.4,3.0,store,yes,0
103570,35,25604.0,Budapest,2025-07-09,2026-05-25,3,88.45,28.76,3.0,mobile,no,1
104227,57,15000.0,East,2024-05-11,2026-06-15,4,282.45,66.82,3.0,store,no,0
104914,37,48620.0,North,2023-10-16,2026-04-16,3,117.47,48.34,3.0,mobile,yes,0
104962,60,32467.0,Budapest,2025-05-12,2026-05-15,4,573.53,123.2,3.0,web,yes,0
100939,56,26810.0,North,2025-04-09,2026-06-28,10,1230.81,115.02,5.0,web,yes,0
100061,50,26586.0,East,2024-10-11,2026-04-29,4,334.8,89.47,4.0,mobile,no,0
101241,18,15000.0,South,2024-10-27,2026-06-06,6,598.11,101.16,4.0,mobile,yes,0
105035,48,17600.0,East,2024-02-22,2026-02-20,4,341.89,105.57,4.0,store,no,0
102121,49,49435.0,Budapest,2023-10-24,2026-03-25,7,189.4,33.51,3.0,web,yes,0
101525,28,30366.0,East,2025-06-01,2026-05-05,11,558.18,52.09,3.0,web,yes,0
100154,56,36224.0,East,2024-04-16,2026-06-28,4,422.99,114.93,4.0,web,yes,0
100482,39,27148.0,Budapest,2025-01-08,2026-06-05,7,252.49,44.4,3.0,mobile,yes,0
104461,32,33240.0,West,2025-06-18,2026-06-03,5,272.07,49.1,4.0,partner,yes,0
103921,61,41241.0,Budapest,2023-12-23,2026-05-15,5,481.53,88.5,4.0,web,no,0
101763,23,31586.0,Budapest,2024-05-14,2026-03-26,5,229.39,41.43,4.0,web,yes,0
100751,49,15000.0,Budapest,2023-09-16,2026-06-28,8,392.56,58.48,3.0,web,yes,1
101786,39,42365.0,South,2023-11-01,2026-06-09,5,423.49,90.73,4.0,partner,yes,0
104502,44,,West,2025-03-20,2026-06-28,6,684.81,110.42,,web,yes,0
102712,36,19805.0,Budapest,2024-09-01,2026-05-04,3,313.4,96.07,5.0,web,no,0
104871,48,31508.0,West,2025-12-20,2026-06-28,6,761.84,130.64,4.0,mobile,yes,0
104194,38,46189.0,South,2025-05-19,2026-05-11,10,274.44,31.95,4.0,mobile,no,0
101334,44,15366.0,North,2023-03-16,2026-06-28,4,395.88,113.5,,mobile,yes,0
105365,34,30322.0,North,2024-09-17,2026-05-30,6,845.48,156.52,3.0,mobile,no,0
102855,37,16718.0,South,2023-06-07,2026-03-29,6,191.27,30.19,3.0,mobile,no,1
100187,34,31301.0,West,2023-10-14,2026-06-10,9,444.93,45.81,,store,no,0
101137,18,26783.0,West,2024-02-26,2026-05-14,9,778.27,97.05,4.0,web,yes,0
102059,42,43550.0,Budapest,2025-09-02,2026-05-28,3,133.78,56.97,5.0,store,no,0
105048,54,15000.0,South,2025-05-27,2026-03-28,5,201.97,43.76,4.0,mobile,no,0
100149,32,,West,2023-01-20,2026-05-02,5,914.13,152.9,3.0,partner,no,0
104125,28,42059.0,North,2024-03-07,2026-03-23,5,391.67,109.34,5.0,web,no,0
103364,33,26339.0,East,2023-06-13,2026-04-12,8,448.95,62.48,3.0,mobile,no,1
102867,41,54153.0,West,2024-07-03,2026-03-24,7,624.53,78.65,3.0,,yes,1
103777,22,30773.0,East,2024-01-18,2026-03-31,6,221.15,30.57,4.0,web,yes,0
101387,42,31434.0,East,2023-08-06,2026-04-05,6,321.69,51.16,5.0,mobile,yes,0
105703,26,51466.0,Budapest,2023-03-24,2026-05-18,6,438.19,79.81,5.0,web,yes,0
104985,51,40244.0,Budapest,2024-06-25,2026-05-04,6,237.55,49.78,5.0,store,yes,0
103630,32,34124.0,Budapest,2024-07-19,2026-05-04,4,142.79,39.15,3.0,mobile,yes,0
105427,65,32752.0,North,2025-02-13,2026-05-12,7,710.22,107.51,4.0,store,no,0
103029,58,22053.0,East,2024-12-29,2026-06-07,7,151.95,22.23,4.0,web,no,0
102970,49,36986.0,Budapest,2024-03-08,2026-03-20,4,440.78,98.83,3.0,mobile,yes,1
105235,47,31292.0,East,2024-11-01,2026-05-25,2,94.93,56.26,5.0,store,yes,0
101709,48,44152.0,South,2025-11-25,2026-06-28,6,268.53,46.19,1.0,web,yes,0
102954,42,20856.0,North,2024-05-12,2026-05-03,8,773.6,115.22,3.0,partner,yes,0
100455,27,47743.0,Budapest,2025-03-02,2026-04-17,5,521.29,96.32,3.0,mobile,yes,0
100610,58,38104.0,West,2025-01-02,2026-05-06,8,725.4,69.24,5.0,web,no,0
104264,44,47306.0,South,2025-11-15,2026-05-20,8,391.04,49.09,4.0,web,yes,0
105107,33,42396.0,Budapest,2025-05-13,2026-05-13,5,297.49,59.36,4.0,store,yes,0
102075,46,27441.0,West,2025-07-03,2026-06-28,6,474.98,77.74,5.0,,yes,0
104053,39,29151.0,East,2023-11-02,2026-06-01,6,277.35,48.85,3.0,mobile,no,0
104899,40,19146.0,North,2023-01-04,2026-05-08,4,106.62,25.53,3.0,web,no,0
101623,28,28181.0,South,2023-03-27,2026-03-19,7,340.56,55.32,5.0,web,no,0
104684,58,16498.0,South,2023-11-28,2026-05-30,4,249.05,56.98,3.0,store,yes,0
105765,51,24915.0,West,2024-09-27,2026-05-08,4,137.73,32.07,4.0,partner,no,0
100041,29,17316.0,West,2025-12-14,2026-02-22,5,302.01,67.62,4.0,mobile,no,0
102090,44,50709.0,West,2025-11-19,2026-05-20,5,222.78,30.37,3.0,web,yes,0
103925,39,30300.0,Budapest,2024-10-23,2026-06-06,2,125.87,54.62,3.0,web,no,0
102176,50,23543.0,East,2023-05-24,2026-06-03,10,480.3,54.08,4.0,store,yes,0
100075,20,28720.0,Budapest,2023-11-19,2026-06-09,7,474.8,57.51,4.0,store,no,1
104824,29,24114.0,East,2023-01-02,2026-04-21,4,363.53,97.33,1.0,mobile,no,1
105952,54,32376.0,West,2025-04-01,2026-06-11,3,184.15,53.0,4.0,mobile,yes,1
102658,44,30782.0,East,2023-03-14,2026-05-17,7,303.21,41.36,2.0,mobile,yes,1
103181,48,48126.0,North,2025-05-20,2026-04-05,8,268.94,30.81,3.0,mobile,yes,0
102077,21,,North,2025-07-07,2026-06-04,8,630.82,87.56,4.0,web,yes,0
100442,30,,Budapest,2025-03-01,2026-05-05,4,524.05,127.79,3.0,partner,yes,0
102052,24,33108.0,Budapest,2023-03-15,2026-05-02,4,587.51,131.93,4.0,store,no,0
102542,30,21182.0,West,2023-11-26,2026-05-13,6,1153.36,163.66,3.0,web,no,0
101302,46,27329.0,East,2023-05-27,2026-06-28,6,272.85,42.89,5.0,mobile,yes,0
103431,49,31631.0,East,2023-10-23,2026-05-12,5,435.24,83.53,3.0,mobile,yes,1
101305,57,42392.0,South,2024-01-23,2026-05-11,6,388.97,72.88,4.0,mobile,yes,0
100237,34,47850.0,West,2025-02-23,2026-05-23,4,235.35,54.66,4.0,mobile,no,0
105021,39,15000.0,North,2024-01-06,2026-05-17,4,292.87,81.5,4.0,mobile,yes,1
102600,34,28118.0,North,2024-12-22,2026-05-27,4,224.3,65.12,3.0,web,no,0
104617,22,23742.0,Budapest,2025-05-30,2026-05-03,5,914.54,187.78,4.0,web,yes,0
102574,39,37683.0,South,2025-09-17,2026-06-28,3,170.58,67.8,3.0,web,yes,1
103281,33,24719.0,East,2023-04-02,2026-04-21,6,315.52,56.2,4.0,partner,yes,0
103187,59,,South,2025-09-08,2026-04-08,5,295.83,56.31,5.0,store,no,0
103954,41,43862.0,East,2023-10-14,2026-06-04,5,235.56,51.06,3.0,mobile,yes,0
102769,25,19264.0,South,2023-12-29,2026-05-01,6,1080.85,173.43,3.0,mobile,yes,0
104224,41,96217.0,Budapest,2024-04-26,2026-02-28,5,869.45,183.75,2.0,store,yes,0
102107,71,23237.0,East,2023-02-04,2026-05-14,14,529.62,38.76,5.0,web,yes,0
102680,36,49917.0,West,2023-02-15,2026-02-09,5,347.52,69.73,5.0,mobile,yes,0
102762,64,29187.0,North,2023-10-12,2026-03-30,7,563.36,86.54,3.0,web,yes,0
104689,18,27092.0,South,2024-04-13,2026-04-19,6,293.21,44.43,3.0,mobile,no,0
101388,69,15000.0,Budapest,2023-11-16,2026-06-17,5,346.58,66.48,4.0,web,yes,0
105663,36,33743.0,East,2025-04-23,2026-04-22,8,588.73,80.64,3.0,web,yes,0
105457,28,36868.0,Budapest,2025-05-07,2026-05-16,8,443.93,58.94,3.0,web,yes,0
101280,51,20532.0,East,2024-06-20,2026-06-08,5,267.53,50.31,3.0,store,yes,0
105914,65,15000.0,Budapest,2023-07-06,2026-05-01,11,471.1,46.45,4.0,web,no,1
101556,35,82234.0,South,2023-01-18,2026-05-01,5,463.76,85.72,5.0,partner,no,0
105453,60,,South,2025-09-09,2026-04-14,4,521.53,145.5,4.0,web,yes,0
103191,53,66774.0,Budapest,2025-06-19,2026-06-05,7,370.81,53.94,4.0,mobile,yes,0
104567,55,32300.0,South,2023-08-14,2026-04-29,4,348.31,77.7,4.0,web,yes,1
104803,34,24282.0,Budapest,2025-01-10,2026-06-28,5,169.35,29.94,3.0,mobile,yes,1
105658,38,32523.0,South,2024-04-28,2026-05-28,1,75.37,79.0,2.0,mobile,yes,1
103595,41,52472.0,Budapest,2025-04-21,2026-04-30,7,194.41,29.32,4.0,mobile,no,0
101921,42,30809.0,West,2023-05-18,2026-06-07,6,481.02,71.26,3.0,mobile,no,0
100514,48,21585.0,Budapest,2025-02-10,2026-05-16,6,216.14,41.93,3.0,store,yes,1
104178,63,,North,2024-06-28,2026-03-27,9,692.72,79.45,2.0,store,no,0
101309,39,28924.0,Budapest,2023-05-05,2026-04-29,11,632.8,57.24,2.0,web,no,0
100915,49,76111.0,North,2025-11-12,2026-05-04,7,500.73,67.41,4.0,store,no,0
103453,41,40023.0,Budapest,2025-08-13,2026-04-20,5,207.38,37.6,4.0,store,yes,0
103696,30,43336.0,West,2023-08-17,2026-06-03,5,362.62,69.07,4.0,web,no,0
104243,50,43275.0,West,2023-06-04,2026-04-29,9,671.09,73.58,2.0,web,yes,0
103157,33,15000.0,Budapest,2025-12-25,2026-04-24,7,517.16,69.06,4.0,mobile,yes,1
102199,42,36605.0,Budapest,2023-08-24,2026-06-11,5,454.37,89.96,3.0,mobile,yes,0
100775,29,28761.0,Budapest,2023-10-02,2026-04-22,7,1110.09,150.37,3.0,mobile,no,1
104426,28,27114.0,West,2023-04-05,2026-04-21,7,227.67,35.15,4.0,mobile,no,0
100944,37,23216.0,West,2023-08-25,2026-04-22,4,418.2,91.58,5.0,mobile,yes,0
100823,58,15000.0,Budapest,2023-04-14,2026-06-28,3,244.83,92.1,5.0,mobile,yes,0
104278,56,15000.0,South,2023-10-03,2026-04-15,3,508.59,162.34,,mobile,yes,1
100165,47,24131.0,East,2023-08-21,2026-04-05,5,199.9,55.78,3.0,store,no,1
104548,54,38759.0,Budapest,2025-12-27,2026-06-07,12,891.79,72.15,5.0,web,yes,0
103984,60,26453.0,Budapest,2023-01-01,2026-06-20,5,652.95,134.04,4.0,mobile,yes,0
102539,47,36554.0,Budapest,2025-12-18,2026-03-06,6,387.95,65.18,3.0,web,yes,1
105757,52,20612.0,Budapest,2023-07-24,2026-04-24,6,770.02,147.05,3.0,partner,yes,1
101312,40,31197.0,North,2024-06-01,2026-06-11,9,535.91,61.68,3.0,web,yes,0
105481,18,15000.0,Budapest,2024-04-17,2026-05-22,3,73.15,28.88,4.0,mobile,yes,0
105023,44,24058.0,South,2023-01-11,2026-05-17,5,289.86,67.36,2.0,partner,yes,0
105599,60,42426.0,East,2025-12-20,2026-04-24,4,309.53,74.54,3.0,store,no,0
103301,65,32564.0,North,2024-08-18,2026-06-10,8,454.37,61.79,4.0,store,no,0
103311,33,43972.0,North,2024-10-16,2026-05-17,3,299.79,81.74,4.0,web,yes,0
100328,23,32438.0,East,2025-02-27,2026-04-24,4,310.32,70.23,3.0,Mobile,no,0
102491,40,15359.0,North,2024-12-06,2026-05-08,5,390.12,72.73,4.0,web,no,1
105652,43,31931.0,West,2025-04-18,2026-06-28,9,549.38,58.31,2.0,mobile,no,0
104409,25,15000.0,South,2023-07-23,2026-06-28,9,419.09,45.94,3.0,mobile,yes,0
100833,46,,West,2024-08-25,2026-06-28,14,1040.55,74.61,4.0,web,yes,0
103080,42,54972.0,Budapest,2025-09-15,2026-03-08,3,806.86,210.17,3.0,web,no,0
103463,41,31736.0,Budapest,2023-12-09,2026-06-14,3,188.94,60.28,4.0,web,yes,0
105281,58,15000.0,North,2025-08-02,2026-06-28,8,470.66,62.4,4.0,web,no,0
100055,64,31552.0,East,2023-08-28,2026-06-13,6,483.97,77.75,3.0,web,no,0
104065,32,20693.0,Budapest,2023-09-21,2026-05-27,4,600.0,123.85,4.0,mobile,no,0
103452,38,45643.0,East,2025-12-23,2026-04-29,7,340.97,58.09,4.0,web,yes,0
101902,29,44093.0,Budapest,2024-03-02,2026-03-21,5,587.36,99.32,2.0,mobile,no,1
101482,19,40288.0,Budapest,2025-08-25,2026-06-05,7,551.03,81.07,5.0,partner,yes,0
104151,52,22123.0,Budapest,2023-04-14,2026-04-12,7,410.14,60.9,5.0,mobile,yes,0
103336,40,25151.0,West,2025-10-12,2026-04-17,7,529.18,68.54,1.0,store,yes,0
100947,34,25196.0,East,2025-05-10,2026-03-29,1,62.33,63.31,,store,yes,0
103294,28,17625.0,West,2024-11-14,2026-04-14,8,1812.06,191.47,4.0,web,yes,0
102162,52,38952.0,Budapest,2024-04-24,2026-04-21,6,308.4,54.99,3.0,mobile,yes,0
105102,58,42340.0,Budapest,2023-11-19,2026-03-31,6,322.73,52.28,1.0,web,yes,1
103058,54,15000.0,Budapest,2024-10-25,2026-05-08,5,170.63,29.75,5.0,partner,yes,0
100769,43,28908.0,Budapest,2023-12-10,2026-04-06,9,929.65,114.14,5.0,store,no,0
105672,40,26391.0,South,2024-03-11,2026-06-28,10,1369.55,132.46,4.0,mobile,yes,0
103496,42,58700.0,South,2024-04-29,2026-04-19,8,572.15,92.05,3.0,web,yes,0
100286,64,19642.0,West,2025-07-28,2026-05-04,8,828.42,116.82,3.0,mobile,no,1
105962,36,37232.0,Budapest,2023-01-29,2026-04-27,6,521.96,104.17,5.0,web,no,0
104525,51,15000.0,South,2024-07-01,2026-06-08,5,332.08,57.73,3.0,store,yes,0
105362,21,30452.0,Budapest,2025-08-05,2026-06-03,4,801.67,170.53,4.0,mobile,yes,0
102333,47,56816.0,South,2025-03-18,2026-03-26,4,147.46,33.37,4.0,web,no,0
102718,39,47081.0,North,2024-04-04,2026-03-28,4,403.0,88.78,2.0,web,yes,1
102080,59,28162.0,Budapest,2025-12-20,2026-04-25,6,195.36,42.06,4.0,partner,yes,0
103390,59,,Budapest,2023-07-28,2026-06-15,6,366.76,52.12,4.0,web,yes,0
100723,38,50021.0,Budapest,2023-12-03,2026-03-27,4,122.48,37.29,4.0,web,no,0
100952,24,27925.0,Budapest,2025-01-25,2026-05-22,3,385.91,129.8,3.0,partner,yes,0
105824,27,34465.0,Budapest,2024-03-22,2026-06-18,4,495.01,155.36,4.0,mobile,yes,0
102263,40,15323.0,West,2024-05-23,2026-06-28,3,126.51,41.99,3.0,store,no,1
100990,50,35640.0,South,2024-12-06,2026-05-05,9,1950.23,167.66,4.0,web,yes,0
103213,56,59097.0,South,2024-10-19,2026-04-18,3,540.64,173.21,5.0,web,yes,0
101760,55,26316.0,North,2023-12-10,2026-05-10,8,377.43,53.29,4.0,mobile,no,0
104945,51,70617.0,East,2024-07-20,2026-05-25,4,295.19,77.96,3.0,partner,yes,0
104423,18,28896.0,East,2024-10-27,2026-06-13,4,319.32,81.35,5.0,mobile,yes,0
101725,34,43794.0,West,2025-07-02,2026-05-13,6,308.15,42.49,5.0,store,no,0
100342,52,25966.0,North,2024-07-22,2026-05-10,8,763.13,83.24,3.0,partner,no,0
103702,29,29264.0,Budapest,2024-06-23,2026-05-07,5,455.56,82.83,4.0,web,no,0
104244,52,46808.0,West,2023-11-05,2026-03-21,6,388.21,62.69,3.0,web,no,1
100689,54,32157.0,South,2024-09-26,2026-06-20,2,105.34,59.77,5.0,mobile,yes,0
103433,43,21599.0,North,2023-05-10,2026-05-07,4,138.63,34.98,3.0,mobile,yes,0
100967,33,43550.0,North,2025-04-12,2026-06-24,7,387.93,51.72,5.0,mobile,yes,0
105698,35,58906.0,North,2023-09-28,2026-05-28,5,289.61,60.7,5.0,mobile,yes,0
102204,31,40241.0,Budapest,2023-07-03,2026-05-15,9,362.54,40.57,4.0,mobile,yes,0
102714,56,50986.0,Budapest,2023-08-22,2026-06-07,4,365.02,74.58,2.0,store,yes,0
104758,38,25554.0,North,2025-09-19,2026-04-25,3,266.68,82.19,3.0,mobile,no,1
105308,23,33153.0,Budapest,2024-11-01,2026-04-03,9,974.48,95.7,2.0,store,no,0
105517,36,24305.0,Budapest,2024-09-17,2026-04-18,8,706.36,82.21,4.0,partner,no,0
103573,44,28628.0,Budapest,2025-04-14,2026-04-26,9,775.33,104.0,5.0,web,yes,0
104806,23,34669.0,South,2025-09-11,2026-04-22,7,221.57,37.69,4.0,mobile,yes,0
101991,37,29687.0,Budapest,2024-04-08,2026-03-31,7,263.63,47.54,4.0,mobile,no,1
104121,53,52217.0,North,2024-02-26,2026-04-05,6,297.98,44.35,3.0,web,no,0
104760,24,15939.0,North,2024-06-22,2026-05-04,8,543.87,67.4,3.0,partner,yes,0
104940,52,33414.0,Budapest,2025-10-22,2026-06-22,6,896.66,152.23,3.0,partner,no,0
105289,48,15000.0,Budapest,2023-08-27,2026-04-21,3,175.65,56.85,4.0,mobile,no,0
105717,42,34991.0,South,2025-05-03,2026-04-15,6,390.81,59.75,3.0,web,yes,0
103601,50,15000.0,Budapest,2023-05-17,2026-05-23,7,540.36,70.65,5.0,mobile,yes,0
105503,32,15000.0,Budapest,2023-06-07,2026-04-14,8,783.9,95.53,3.0,mobile,yes,1
103574,30,41619.0,West,2024-09-06,2026-04-16,4,204.86,49.91,5.0,store,no,1
104964,37,60709.0,Budapest,2025-01-09,2026-05-14,8,118.67,16.6,4.0,mobile,yes,0
100386,49,31751.0,North,2023-04-04,2026-05-10,9,280.51,33.13,4.0,store,yes,0
105256,54,25167.0,South,2024-08-27,2026-06-22,6,625.02,100.01,3.0,web,no,0
105866,53,20657.0,Budapest,2025-06-29,2026-06-28,8,1462.94,163.23,2.0,mobile,no,0
100537,7,43979.0,East,2023-12-23,2026-03-04,4,221.63,53.51,4.0,web,yes,1
105627,37,45061.0,South,2024-10-05,2026-05-11,8,1173.98,138.68,4.0,web,yes,0
104213,40,30232.0,West,2023-10-28,2026-05-01,10,1016.49,128.54,3.0,web,yes,1
103508,40,16071.0,South,2023-04-12,2026-06-02,11,495.43,55.56,4.0,web,yes,0
100202,41,68820.0,North,2023-06-10,2026-04-18,3,107.37,43.3,4.0,mobile,no,0
101333,34,47861.0,East,2023-09-01,2026-02-08,6,503.96,73.93,3.0,web,yes,1
103503,45,35893.0,Budapest,2024-07-30,2026-06-28,7,673.52,78.62,3.0,mobile,yes,0
102709,18,33050.0,Budapest,2023-05-27,2026-05-23,7,906.44,121.61,4.0,web,yes,0
104663,46,105974.0,West,2023-03-10,2026-04-15,6,293.37,43.57,4.0,partner,yes,0
104022,55,20352.0,Budapest,2025-09-07,2026-06-04,9,598.21,51.47,3.0,web,no,0
101855,22,37588.0,South,2024-09-17,2026-06-12,8,432.12,56.13,3.0,web,yes,0
105389,47,54858.0,West,2025-08-04,2026-04-16,5,541.55,92.2,4.0,web,no,0
102873,55,16621.0,Budapest,2024-12-29,2026-06-28,6,408.83,57.33,5.0,web,yes,0
103031,49,43978.0,South,2023-05-21,2026-03-03,9,743.19,92.79,3.0,web,yes,0
101206,67,23094.0,Budapest,2025-10-04,2026-04-29,5,477.24,71.28,2.0,web,yes,0
101646,24,23976.0,West,2023-03-13,2026-06-10,9,950.26,96.96,3.0,web,yes,0
103418,42,16194.0,South,2025-10-31,2026-05-19,5,600.89,81.02,4.0,store,no,0
103477,42,53907.0,South,2024-01-31,2026-05-23,5,476.72,104.33,4.0,mobile,yes,0
102862,35,58373.0,East,2025-11-19,2026-03-21,7,638.78,91.69,4.0,web,yes,0
101793,67,26440.0,Budapest,2024-05-03,2026-06-15,5,345.83,69.72,4.0,web,yes,0
103798,38,25816.0,South,2024-03-04,2026-05-21,1,50.69,49.81,2.0,web,yes,0
103369,48,26185.0,Budapest,2023-06-22,2026-04-06,6,676.44,135.14,5.0,store,no,0
103368,42,33368.0,East,2025-03-02,2026-05-12,6,323.92,41.47,4.0,store,yes,0
103534,25,34652.0,Budapest,2024-12-26,2026-06-16,7,375.55,52.87,4.0,mobile,no,0
105287,44,30204.0,South,2024-04-19,2026-05-22,9,284.38,32.23,4.0,partner,no,0
103450,48,33995.0,South,2025-07-18,2026-04-13,7,329.56,48.3,4.0,web,yes,0
100604,38,29743.0,South,2024-05-12,2026-05-19,2,221.77,114.91,3.0,web,yes,1
103057,46,15000.0,East,2023-05-16,2026-03-23,9,754.9,86.75,3.0,mobile,no,0
105240,37,34749.0,East,2023-06-07,2026-05-07,12,1104.41,79.61,4.0,web,yes,0
100127,31,30663.0,Budapest,2024-02-16,2026-05-09,5,101.79,21.07,2.0,web,yes,0
103877,36,36029.0,Budapest,2024-10-16,2026-03-27,6,264.1,38.09,3.0,store,yes,0
102936,45,36769.0,West,2025-03-19,2026-05-05,6,507.03,78.43,5.0,partner,yes,0
104452,40,23096.0,North,2025-12-02,2026-04-09,4,272.74,60.46,5.0,store,yes,0
103532,59,30994.0,Budapest,2024-11-12,2026-06-19,12,426.95,37.56,4.0,mobile,yes,0
102731,26,15000.0,Budapest,2025-07-07,2026-03-25,8,759.71,95.54,4.0,web,yes,0
100828,33,22405.0,Budapest,2025-11-06,2026-06-28,4,360.05,93.76,4.0,store,no,0
101640,21,23933.0,South,2024-08-03,2026-05-15,1,72.55,75.2,4.0,web,no,0
100985,29,47801.0,Budapest,2024-11-15,2026-04-14,7,464.83,82.68,4.0,web,yes,0
103282,54,64895.0,Budapest,2023-05-24,2026-05-15,3,415.7,116.85,3.0,partner,no,0
105998,47,46883.0,South,2023-11-29,2026-05-02,7,404.27,73.23,4.0,web,yes,1
102189,27,29324.0,Budapest,2024-07-29,2026-06-27,8,585.67,91.4,2.0,mobile,yes,1
105554,48,106551.0,Budapest,2025-04-19,2026-06-21,9,372.29,41.72,4.0,web,yes,0
102444,52,33248.0,East,2025-01-01,2026-05-02,8,232.65,26.93,5.0,web,no,0
100363,53,22811.0,Budapest,2023-04-28,2026-06-18,5,346.55,79.26,5.0,mobile,yes,0
102350,21,,Budapest,2023-05-22,2026-05-04,6,211.37,34.09,4.0,web,yes,0
100346,37,66938.0,South,2023-11-13,2026-04-09,3,119.07,37.58,4.0,mobile,yes,0
100815,41,29651.0,Budapest,2025-11-24,2026-06-09,4,136.86,33.48,4.0,mobile,yes,0
104808,59,27493.0,East,2025-03-20,2026-06-02,6,402.79,54.92,3.0,web,no,0
103206,57,32347.0,West,2024-04-08,2026-05-16,6,396.59,65.08,2.0,store,no,0
105004,54,51633.0,Budapest,2025-10-14,2026-05-04,5,443.83,80.84,3.0,partner,yes,0
105782,40,15080.0,North,2025-12-27,2026-04-18,8,657.42,74.25,4.0,mobile,yes,0
103326,24,34251.0,South,2025-10-18,2026-03-25,9,541.6,65.09,4.0,mobile,no,1
104107,65,19238.0,East,2024-08-22,2026-04-12,6,624.98,90.67,2.0,web,no,1
102117,28,54494.0,Budapest,2025-07-12,2026-03-30,10,525.74,60.68,4.0,mobile,no,0
101835,47,15590.0,Budapest,2024-10-15,2026-06-28,7,529.88,98.91,2.0,mobile,yes,0
100794,3,22812.0,Budapest,2023-09-02,2026-03-15,7,341.8,52.6,2.0,mobile,yes,0
105971,49,53143.0,West,2025-03-01,2026-04-03,9,351.76,41.05,5.0,store,yes,1
102675,58,32807.0,East,2025-09-24,2026-06-07,7,245.3,38.75,4.0,web,yes,0
100095,61,18683.0,Budapest,2025-03-30,2026-04-21,10,367.19,43.52,2.0,partner,no,0
104226,68,48171.0,South,2024-06-27,2026-03-23,12,-176.48646012712535,54.15,4.0,store,yes,0
103757,38,29560.0,Budapest,2023-06-27,2026-06-20,5,312.15,62.85,4.0,store,yes,0
102892,35,31835.0,North,2023-11-20,2026-02-25,8,140.73,15.0,4.0,store,no,0
102372,37,32386.0,Budapest,2023-10-23,2026-06-23,4,603.82,135.47,4.0,mobile,no,0
104991,42,21478.0,Budapest,2024-04-18,2026-05-17,3,71.51,37.1,5.0,mobile,yes,0
105341,45,23685.0,Budapest,2023-04-21,2026-05-03,7,435.5,68.27,3.0,mobile,yes,0
103229,47,30220.0,East,2025-12-11,2026-06-28,4,267.73,70.8,4.0,store,yes,1
105373,26,24139.0,Budapest,2025-07-07,2026-05-07,5,219.61,41.8,2.0,web,yes,1
102854,28,17921.0,Budapest,2025-12-02,2026-05-20,5,367.38,76.3,3.0,mobile,no,0
102913,39,20456.0,East,2024-06-03,2026-05-30,6,187.61,36.95,3.0,mobile,yes,0
101866,60,51480.0,South,2024-06-03,2026-03-06,3,233.49,71.62,5.0,mobile,yes,0
104613,68,33115.0,East,2025-05-23,2026-06-04,7,713.16,102.53,3.0,store,no,0
101858,43,56387.0,Budapest,2023-03-26,2026-04-09,3,105.2,33.14,3.0,web,no,0
102646,57,24161.0,North,2025-05-03,2026-06-28,5,378.19,76.78,4.0,web,no,0
102244,35,21609.0,Budapest,2024-08-15,2026-06-09,4,249.48,69.94,3.0,web,no,0
102337,31,17388.0,South,2023-03-29,2026-05-16,9,574.73,56.58,3.0,store,no,0
100951,41,28588.0,East,2024-02-13,2026-05-25,6,233.86,38.83,,mobile,yes,0
103069,65,17986.0,South,2023-04-27,2026-04-26,6,355.33,55.04,3.0,mobile,no,0
101121,47,29100.0,East,2024-07-09,2026-04-14,8,206.27,33.3,6.0,web,no,0
102598,38,32214.0,West,2024-07-17,2026-05-17,5,270.06,65.09,5.0,mobile,no,0
102205,66,34451.0,Budapest,2025-09-19,2026-05-15,5,411.47,73.22,4.0,web,no,0
100420,28,,North,2023-06-12,2026-06-17,4,175.76,37.86,3.0,mobile,yes,0
100923,25,20982.0,East,2025-04-18,2026-04-27,3,279.58,102.81,4.0,mobile,no,0
101255,65,27933.0,Budapest ,2025-05-04,2026-03-26,10,224.24,22.07,4.0,mobile,yes,0
100478,46,32489.0,East,2025-11-28,2026-03-26,10,799.1,79.72,3.0,mobile,yes,0
102036,37,26027.0,South,2024-05-07,2026-05-28,5,264.38,48.09,4.0,store,yes,0
101203,58,33058.0,South,2025-11-11,2026-05-20,3,183.96,72.58,4.0,web,no,0
102627,55,20640.0,East,2024-10-15,2026-06-05,4,284.8,65.78,4.0,web,yes,0
105807,38,69963.0,East,2025-09-03,2026-05-18,7,1322.66,222.36,4.0,mobile,no,0
101971,45,60927.0,Budapest,2023-12-31,2026-05-11,3,45.17,16.12,3.0,mobile,yes,0
103111,36,95723.0,Budapest,2025-08-04,2026-05-04,5,223.56,41.79,4.0,partner,yes,0
104019,31,73025.0,Budapest,2024-03-06,2026-06-28,6,580.03,92.49,4.0,WEB,yes,0
102152,23,30439.0,Budapest,2025-08-08,2026-05-25,5,480.13,94.94,5.0,mobile,yes,0
103688,48,26430.0,North,2024-10-31,2026-03-21,8,749.18,87.32,4.0,store,yes,1
104917,41,26129.0,South,2025-09-19,2026-06-01,9,1565.78,174.18,5.0,mobile,yes,0
101998,38,54525.0,Budapest,2025-07-09,2026-05-14,11,535.41,37.34,4.0,mobile,yes,0
104034,61,39221.0,East,2024-02-19,2026-05-01,5,305.32,60.54,4.0,web,yes,1
105918,36,85561.0,South,2025-08-19,2026-05-17,6,629.37,90.02,4.0,mobile,yes,0
103055,40,50881.0,East,2024-07-06,2026-06-28,6,309.56,46.68,4.0,store,yes,0
101249,31,36610.0,North,2023-11-28,2026-05-05,8,602.2,84.5,3.0,store,yes,1
102193,55,16555.0,South,2023-06-03,2026-06-21,7,281.02,35.79,5.0,web,yes,0
102713,33,39748.0,Budapest,2024-01-08,2026-06-07,6,402.3,86.64,3.0,store,yes,0
100993,27,57790.0,South,2023-03-10,2026-03-17,8,273.15,37.69,5.0,partner,yes,0
102191,59,16001.0,Budapest,2024-05-18,2026-05-06,4,184.55,46.63,2.0,mobile,no,0
104671,42,18681.0,Budapest,2024-04-22,2026-06-25,2,168.84,72.2,3.0,web,no,0
103763,20,38055.0,Budapest,2025-07-13,2026-06-28,3,382.96,123.96,3.0,store,yes,0
103598,27,31474.0,North,2023-07-09,2026-04-24,5,314.92,63.79,3.0,web,yes,0
104712,36,24965.0,Budapest,2025-04-30,2026-06-28,8,217.44,24.76,5.0,mobile,yes,0
101319,44,40826.0,South,2024-03-08,2026-05-31,7,609.66,76.1,4.0,mobile,yes,0
101864,54,100755.0,East,2024-09-20,2026-05-18,8,612.95,75.98,5.0,mobile,yes,0
102344,39,30879.0,Budapest,2023-06-29,2026-06-28,3,86.38,28.14,3.0,web,no,0
102450,33,70466.0,East,2024-09-30,2026-04-20,5,314.13,66.43,4.0,store,yes,0
102137,53,15494.0,Budapest,2023-06-02,2026-06-13,8,411.95,48.98,4.0,mobile,yes,0
101066,33,22483.0,North,2024-02-16,2026-05-23,7,765.82,123.13,4.0,store,no,1
105986,32,,West,2023-07-18,2026-05-08,9,510.01,64.86,4.0,web,yes,1
104228,45,28764.0,Budapest,2023-08-30,2026-06-28,10,295.35,29.39,3.0,web,yes,0
102622,58,28301.0,North,2024-09-20,2026-03-23,5,306.26,55.22,4.0,mobile,no,0
100078,28,44305.0,East,2025-03-02,2026-02-27,11,671.65,55.59,5.0,web,no,0
102899,38,32430.0,East,2024-03-30,2026-05-14,3,302.72,82.54,3.0,web,no,1
104821,56,59903.0,East,2023-02-27,2026-06-28,7,538.05,89.47,3.0,partner,no,0
101315,32,15000.0,Budapest,2023-05-04,2026-05-10,8,681.67,77.48,3.0,web,no,0
105931,33,41593.0,North,2023-03-22,2026-05-06,9,876.16,92.79,5.0,store,yes,0
100873,47,22581.0,North,2025-11-05,2026-04-15,8,462.47,49.64,1.0,mobile,yes,1
103851,44,28864.0,West,2023-01-14,2026-03-13,7,835.46,98.99,4.0,web,no,0
105772,31,29382.0,South,2025-01-25,2026-03-21,3,174.69,62.97,5.0,mobile,no,0
102966,43,25961.0,East,2023-10-17,2026-05-03,7,694.75,78.37,3.0,web,yes,0
103392,64,15258.0,East,2023-12-30,2026-06-19,6,233.08,42.37,4.0,store,yes,0
102561,29,25917.0,East,2023-11-20,2026-05-30,9,860.49,100.11,4.0,web,no,0
105911,32,,North,2023-03-27,2026-03-05,11,859.02,65.63,2.0,store,yes,0
102636,28,39378.0,West,2023-12-31,2026-05-23,7,708.71,92.78,4.0,mobile,yes,0
103531,38,17063.0,Budapest,2024-02-15,2026-03-30,5,118.7,25.9,4.0,mobile,no,1
100376,60,47660.0,Budapest,2023-07-10,2026-06-28,6,306.17,52.1,3.0,web,yes,0
101909,30,26177.0,South,2023-09-01,2026-06-11,7,518.84,70.95,2.0,mobile,yes,0
104430,26,36751.0,Budapest,2023-12-22,2026-05-08,7,332.45,37.1,3.0,mobile,no,0
105210,41,38362.0,Budapest,2025-08-31,2026-05-03,8,236.48,32.81,4.0,web,no,0
105268,46,26260.0,South,2025-06-12,2026-05-24,11,264.42,20.35,4.0,mobile,no,0
104028,38,51615.0,East,2025-11-13,2026-06-20,8,140.53,18.29,3.0,,yes,1
101605,28,32900.0,Budapest,2024-08-04,2026-04-05,6,341.17,45.51,5.0,store,yes,0
101119,55,26691.0,Budapest,2024-06-01,2026-04-25,6,1795.25,307.94,3.0,web,no,0
103678,29,33012.0,East,2024-07-08,2026-03-11,4,210.91,65.53,2.0,store,yes,0
103491,43,19159.0,East,2025-04-27,2026-04-27,5,571.69,96.91,4.0,web,no,0
105870,40,30586.0,Budapest,2025-09-15,2026-05-20,10,585.06,59.72,3.0,web,no,0
102959,145,15000.0,Budapest,2023-06-30,2026-05-16,8,231.13,27.03,2.0,web,yes,0
101995,35,37306.0,West,2023-09-14,2026-04-08,6,296.63,47.88,5.0,web,yes,0
105981,39,18529.0,West,2024-12-19,2026-05-30,2,194.08,108.98,4.0,mobile,yes,1
105234,29,27490.0,West,2024-01-29,2026-05-26,6,432.32,58.69,4.0,store,yes,1
102377,23,93260.0,South,2024-11-03,2026-03-31,5,212.0,43.91,2.0,store,yes,0
101343,44,27232.0,West,2024-07-16,2026-03-06,5,282.83,57.18,3.0,store,yes,0
100321,34,32522.0,North,2023-02-04,2026-06-20,3,297.16,102.46,4.0,web,yes,0
101620,47,52475.0,Budapest,2023-11-18,2026-06-08,2,187.29,103.41,3.0,store,yes,0
103714,31,31221.0,South,2025-09-27,2026-03-19,7,397.13,55.47,2.0,store,yes,0
102061,41,15000.0,North,2024-03-18,2026-05-09,5,286.53,55.16,4.0,mobile,no,0
102220,58,58474.0,Budapest,2023-05-20,2026-05-13,10,1128.92,99.46,1.0,store,yes,0
101674,28,16121.0,Budapest,2025-10-20,2026-05-02,5,738.68,150.37,5.0,web,yes,0
100261,41,41713.0,Budapest,2023-02-05,2026-06-28,4,310.56,73.39,3.0,store,yes,0
105320,18,52596.0,Budapest,2023-10-03,2026-06-28,4,303.56,72.81,3.0,web,yes,0
102040,62,33093.0,South,2023-08-12,2026-06-10,2,212.39,94.08,3.0,store,no,0
104786,55,15954.0,South,2024-05-03,2026-04-05,3,160.78,57.24,4.0,store,no,0
100902,32,79863.0,Budapest,2023-11-02,2026-06-28,4,625.14,125.01,3.0,mobile,yes,0
103745,48,20154.0,Budapest,2024-05-23,2026-05-17,6,214.11,36.27,5.0,store,yes,1
102027,46,44305.0,South,2023-12-25,2026-05-18,5,390.49,74.55,5.0,web,no,0
104235,24,29778.0,Budapest,2024-08-15,2026-06-12,5,1360.99,216.03,4.0,store,yes,0
101918,36,20303.0,South,2025-11-26,2026-06-20,8,480.46,91.23,4.0,web,yes,0
101829,48,17164.0,North,2025-01-08,2026-04-25,4,459.59,117.87,4.0,store,yes,1
101574,60,15000.0,South,2025-02-17,2026-05-22,8,510.53,64.53,4.0,web,no,0
104416,49,19117.0,South,2025-11-24,2026-06-17,8,415.87,46.91,2.0,partner,no,0
104750,48,32453.0,Budapest,2023-07-05,2026-04-27,9,1409.45,134.49,4.0,web,no,0
105520,145,22738.0,East,2024-04-08,2026-04-23,5,403.3,79.19,4.0,mobile,yes,0
104655,53,26100.0,West,2023-12-24,2026-05-06,9,868.81,92.16,5.0,web,yes,0
104209,34,60648.0,West,2024-07-07,2026-06-10,5,478.93,79.63,4.0,web,no,0
104628,41,67062.0,Budapest,2024-06-13,2026-04-30,8,624.92,94.36,4.0,web,no,0
100225,40,21921.0,Budapest,2025-01-29,2026-06-02,6,199.9,43.11,2.0,mobile,yes,0
100724,39,15306.0,North,2024-08-05,2026-06-05,8,719.34,75.65,3.0,web,no,0
105550,36,21382.0,West,2025-06-30,2026-05-04,4,334.94,75.02,5.0,mobile,yes,0
101142,58,24952.0,South,2025-01-14,2026-03-11,4,447.69,119.86,5.0,store,yes,0
102763,54,52622.0,Budapest,2024-01-16,2026-03-06,7,672.12,86.54,3.0,web,no,0
100847,50,27294.0,West,2023-05-05,2026-06-24,7,605.89,87.92,3.0,web,no,0
104290,50,26827.0,East,2024-09-15,2026-06-28,7,493.45,67.3,3.0,web,yes,0
105043,45,75376.0,Budapest,2023-11-24,2026-04-28,7,968.58,136.97,3.0,store,yes,0
102552,51,50697.0,West,2025-11-04,2026-06-02,7,234.54,39.63,3.0,mobile,no,0
102929,52,76368.0,West,2023-11-10,2026-03-01,5,162.79,31.93,2.0,web,no,0
100118,36,26942.0,East,2024-03-01,2026-04-30,4,136.7,33.92,4.0,web,yes,0
100646,35,51312.0,South,2023-04-24,2026-06-28,3,107.64,36.55,5.0,web,no,0
100004,26,34634.0,East,2024-01-23,2026-04-10,2,81.91,42.38,5.0,web,yes,0
104171,51,66484.0,North,2024-03-18,2026-05-22,6,482.42,71.15,3.0,mobile,no,0
100468,41,28543.0,North,2023-03-23,2026-03-27,9,447.3,43.58,3.0,store,no,0
100006,29,44666.0,North,2023-03-24,2026-05-03,5,450.12,87.26,3.0,mobile,no,0
100920,41,23106.0,East,2023-05-26,2026-06-28,9,601.39,83.49,3.0,mobile,no,0
102596,57,30710.0,North,2023-09-07,2026-06-04,5,331.48,60.12,5.0,store,no,0
104325,66,39194.0,Budapest,2024-12-10,2026-04-19,8,405.61,42.1,4.0,web,yes,0
101064,37,34026.0,East,2024-09-04,2026-04-06,6,756.46,129.05,5.0,web,yes,0
102591,53,27409.0,South,2025-10-20,2026-04-04,8,420.51,51.0,4.0,mobile,yes,0
100243,36,46115.0,Budapest,2024-08-12,2026-06-05,7,372.75,51.9,3.0,web,yes,1
105241,47,32518.0,Budapest,2023-07-18,2026-04-16,3,182.37,75.48,3.0,store,no,0
101161,31,15000.0,Budapest,2025-12-16,2026-05-29,4,297.16,72.37,4.0,mobile,yes,0
102871,50,75153.0,East,2023-06-28,2026-06-16,5,1144.73,204.09,4.0,mobile,no,0
103736,33,34716.0,North,2025-06-25,2026-05-03,9,1090.79,127.15,5.0,mobile,no,0
102398,62,15896.0,Budapest,2023-01-11,2026-06-28,8,543.18,74.44,3.0,store,no,0
103518,50,117752.0,Budapest,2023-07-31,2026-04-23,5,296.23,59.61,4.0,web,yes,0
103422,43,35696.0,West,2023-08-09,2026-05-28,4,288.81,84.14,3.0,web,yes,0
102564,34,35990.0,West,2023-01-05,2026-06-13,4,277.46,69.78,3.0,web,yes,0
101606,71,15000.0,Budapest,2023-04-23,2026-02-21,4,234.72,51.85,4.0,partner,yes,1
105819,57,29269.0,West,2025-09-04,2026-05-01,4,356.75,71.1,3.0,web,yes,0
102325,33,21480.0,Budapest,2024-02-27,2026-03-27,4,144.01,37.21,4.0,store,yes,0
102710,58,45196.0,East,2025-05-31,2026-05-13,9,296.63,32.15,4.0,web,yes,0
105430,24,48554.0,East,2024-12-23,2026-04-24,3,292.17,84.43,,store,no,0
101313,61,33724.0,East,2023-07-06,2026-04-27,4,243.73,72.55,4.0,web,yes,0
103449,63,16448.0,Budapest,2023-04-19,2026-04-03,5,572.03,121.66,3.0,web,no,0
103813,54,44621.0,East,2025-08-29,2026-06-07,5,267.39,52.18,3.0,mobile,yes,0
105611,35,26726.0,Budapest,2024-01-01,2026-05-26,9,549.62,70.23,4.0,web,yes,0
102363,50,44665.0,West,2023-06-25,2026-04-15,5,425.62,95.21,5.0,mobile,no,0
101976,18,30025.0,Budapest,2023-02-07,2026-05-16,7,269.8,38.43,3.0,store,no,0
103515,29,63386.0,North,2024-03-07,2026-06-05,7,576.5,74.64,5.0,web,no,0
101762,51,22012.0,Budapest,2023-04-25,2026-04-06,6,320.77,46.9,3.0,partner,yes,0
102740,75,26779.0,East,2024-11-26,2026-06-03,7,599.6,70.05,3.0,mobile,yes,0
105618,39,27678.0,South,2024-09-24,2026-04-12,5,104.6,21.59,4.0,web,yes,0
102473,60,24948.0,South,2025-01-01,2026-03-30,7,525.84,92.74,4.0,web,no,0
104008,25,40507.0,Budapest,2023-09-23,2026-04-29,6,110.42,27.65,4.0,partner,yes,0
104719,34,32424.0,Wset,2024-01-15,2026-06-10,5,735.12,121.06,4.0,web,yes,0
101494,24,39125.0,South,2025-07-21,2026-05-06,6,206.96,36.76,3.0,web,yes,0
104207,60,27178.0,Budapest,2024-10-15,2026-06-16,3,187.03,70.42,5.0,mobile,yes,0
102159,46,28692.0,West,2025-10-05,2026-06-04,5,266.16,54.65,4.0,web,no,0
101170,30,26696.0,Budapest,2024-11-28,2026-05-10,3,167.65,49.92,3.0,web,yes,0
105446,30,18336.0,Budapest,2025-03-03,2026-06-07,5,234.02,50.62,4.0,web,yes,0
100233,51,79945.0,North,2023-05-02,2026-05-22,7,434.57,75.7,4.0,store,yes,0
100067,22,33814.0,East,2023-05-30,2026-04-24,7,1364.73,195.2,4.0,mobile,yes,0
101604,54,24610.0,South,2024-12-19,2026-05-17,3,85.19,25.46,3.0,mobile,yes,0
103284,52,22822.0,Budapest,2025-03-20,2026-06-28,7,446.01,60.31,5.0,web,yes,0
103597,35,88955.0,South,2024-11-24,2026-05-01,7,406.08,57.37,3.0,web,yes,0
104633,40,21193.0,Budapest,2023-11-11,2026-05-13,9,640.04,64.4,4.0,partner,yes,0
100126,45,22353.0,West,2025-02-06,2026-05-02,4,122.04,36.23,3.0,web,no,0
101297,39,42491.0,Budapest,2023-02-24,2026-06-16,7,550.07,91.13,5.0,mobile,no,0
101977,39,28167.0,West,2023-07-25,2026-06-24,7,771.13,118.36,4.0,store,yes,0
105447,53,,South,2025-08-20,2026-04-04,7,361.17,63.05,3.0,store,no,1
105404,54,18546.0,Budapest,2024-12-20,2026-04-27,7,748.01,135.05,4.0,web,no,0
102076,60,37566.0,East,2024-11-12,2026-04-22,10,232.58,25.98,4.0,mobile,yes,0
104581,35,0.0,East,2024-04-03,2026-04-18,3,238.89,91.56,1.0,store,no,0
103087,53,27380.0,Budapest,2023-06-17,2026-06-28,5,207.07,44.04,4.0,WEB,no,0
105224,31,23218.0,Budapest,2023-12-25,2026-05-18,6,387.87,66.22,5.0,mobile,yes,0
103346,44,26724.0,East,2023-08-17,2026-05-20,5,618.45,113.74,3.0,mobile,no,0
105384,84,26115.0,Budapest,2023-04-04,2026-06-28,5,320.02,58.85,5.0,mobile,no,0
102798,38,37224.0,West,2024-10-30,2026-06-28,6,262.31,45.02,3.0,mobile,no,0
100919,44,22265.0,Budapest,2024-10-21,2026-06-11,4,362.37,70.82,4.0,web,no,0
101647,33,28124.0,Budapest,2024-11-26,2026-05-24,6,223.93,41.55,4.0,web,no,0
105123,57,23230.0,West,2025-02-02,2026-03-26,4,202.22,51.19,2.0,mobile,yes,0
105127,50,53186.0,West,2023-01-21,2026-06-28,2,202.39,114.54,5.0,web,yes,0
104979,37,34287.0,South,2025-05-22,2026-05-27,7,230.71,36.26,4.0,mobile,yes,0
104622,42,43993.0,North,2023-02-08,2026-06-06,8,673.15,78.17,4.0,mobile,no,1
100365,46,34831.0,East,2024-12-18,2026-05-13,4,157.88,40.53,4.0,store,no,0
103288,31,19670.0,West,2023-06-12,2026-04-09,3,181.85,56.72,3.0,mobile,no,1
102126,41,22114.0,West,2024-10-10,2026-06-28,5,267.43,56.14,3.0,web,yes,0
104124,18,53674.0,West,2023-08-14,2026-06-11,6,819.68,137.69,4.0,web,yes,0
104570,48,30699.0,East,2024-08-06,2026-06-12,7,456.68,65.53,4.0,partner,yes,0
100526,35,58342.0,West,2024-05-17,2026-03-26,6,312.83,61.91,4.0,partner,yes,0
104822,29,39672.0,Budapest,2024-01-17,2026-04-05,6,405.19,62.13,4.0,web,yes,1
100056,62,30351.0,South,2024-06-06,2026-04-27,7,420.91,56.05,3.0,web,no,1
100639,46,40008.0,South,2024-11-09,2026-06-14,4,234.3,66.2,4.0,store,no,0
100303,29,86582.0,East,2024-05-05,2026-06-28,11,318.92,29.86,4.0,mobile,no,0
102767,48,18380.0,West,2025-02-12,2026-03-24,7,974.88,126.17,3.0,store,yes,0
101277,18,39641.0,Budapest,2025-03-02,2026-04-18,8,1644.04,215.34,,web,no,0
104721,40,47255.0,West,2024-11-20,2026-04-26,6,311.41,42.41,3.0,web,no,0
102056,26,15000.0,West,2024-06-02,2026-05-24,9,462.37,62.74,4.0,mobile,no,0
105146,37,30540.0,South,2023-09-22,2026-05-11,7,353.18,51.04,3.0,mobile,no,0
104433,33,25368.0,South,2024-09-04,2026-06-20,4,496.99,135.98,5.0,web,no,0
103645,42,15000.0,Budapest ,2025-01-13,2026-06-03,3,281.21,77.45,3.0,store,yes,0
104144,35,20797.0,West,2025-01-26,2026-06-01,11,691.34,92.3,4.0,web,no,0
102879,46,15000.0,East,2025-01-11,2026-05-24,6,471.78,92.99,2.0,web,no,0
104203,51,17439.0,Budapest,2024-06-11,2026-05-18,10,549.14,65.58,3.0,mobile,no,0
105176,52,25168.0,Budapest,2023-11-10,2026-06-01,8,817.69,105.36,3.0,mobile,no,0
102287,65,49193.0,North,2025-01-20,2026-04-21,4,474.97,107.44,5.0,web,yes,0
102262,55,53706.0,North,2024-12-17,2026-06-22,10,265.52,23.61,3.0,web,no,0
102297,46,40168.0,South,2025-02-06,2026-04-28,7,493.24,73.14,4.0,mobile,yes,0
101754,51,27814.0,South,2025-05-26,2026-05-23,5,448.65,83.76,4.0,store,yes,0
105198,22,35666.0,West,2024-07-27,2026-06-28,2,194.7,89.68,4.0,web,yes,0
101969,54,31469.0,West,2025-12-27,2026-06-28,4,187.45,43.79,4.0,web,yes,0
105230,59,47303.0,Budapest,2025-06-14,2026-04-28,6,497.19,91.35,4.0,store,yes,0
103118,47,31537.0,East,2025-07-23,2026-04-20,8,223.72,29.62,5.0,mobile,no,0
102394,34,31587.0,Budapest,2025-08-12,2026-05-06,8,909.38,100.94,4.0,store,yes,0
100524,57,66142.0,East,2024-05-28,2026-05-28,6,319.16,56.8,5.0,web,yes,0
103901,51,,Budapest,2023-08-24,2026-04-19,7,378.05,52.09,2.0,,no,0
105623,37,24144.0,East,2024-06-11,2026-06-01,6,444.64,66.04,4.0,mobile,yes,0
104700,42,23590.0,South,2025-08-03,2026-06-09,7,372.81,61.66,1.0,store,no,1
105613,38,47378.0,Budapest,2025-07-15,2026-05-24,6,292.43,49.19,3.0,web,yes,0
103123,48,25904.0,Budapest,2024-12-03,2026-04-09,11,470.6,51.09,1.0,store,yes,1
104157,39,60517.0,North,2025-02-19,2026-06-28,5,660.84,130.5,4.0,mobile,yes,0
101970,52,40081.0,West,2024-03-08,2026-04-19,7,372.03,44.22,4.0,web,yes,0
100672,58,30363.0,East,2024-06-20,2026-06-28,6,184.43,32.38,4.0,web,no,0
104189,18,26553.0,Budapest,2024-08-31,2026-04-29,3,343.37,109.19,5.0,web,yes,0
100667,46,38643.0,South,2023-06-18,2026-04-16,10,1262.72,132.52,3.0,store,no,1
105585,71,37956.0,East,2024-09-13,2026-04-28,9,801.04,97.99,2.0,store,no,0
101888,36,32874.0,Budapest,2025-06-27,2026-03-12,5,637.57,123.23,3.0,web,yes,1
103267,46,35840.0,Budapest,2025-07-29,2026-05-05,8,146.73,21.33,4.0,mobile,no,0
100281,57,16231.0,Budapest,2024-04-06,2026-06-16,3,339.52,118.2,4.0,store,no,0
101720,66,17999.0,South,2024-09-13,2026-05-21,5,521.82,98.37,3.0,mobile,yes,0
102948,54,24859.0,South,2023-05-19,2026-05-25,8,277.03,37.63,4.0,store,yes,0
104456,35,35140.0,Budapest,2023-12-23,2026-03-22,5,588.23,104.56,3.0,store,no,1
100900,25,23333.0,East,2024-05-07,2026-04-02,3,88.77,27.71,5.0,partner,yes,1
105849,41,27821.0,Budapest,2023-01-25,2026-05-15,5,284.2,61.19,3.0,web,no,0
100761,18,37110.0,East,2023-03-09,2026-05-07,5,338.7,60.49,2.0,web,yes,0
101907,49,30426.0,West,2025-06-17,2026-04-15,2,114.74,45.77,4.0,mobile,no,1
104043,34,34877.0,Budapest,2023-04-01,2026-05-26,6,183.05,38.16,3.0,mobile,yes,0
103824,25,40003.0,Budapest,2023-01-16,2026-04-29,4,373.77,83.61,4.0,mobile,yes,0
104139,34,57923.0,East,2024-09-05,2026-04-29,2,96.73,50.64,6.0,web,yes,0
103819,22,41086.0,East,2025-04-12,2026-04-30,6,886.86,143.5,4.0,web,yes,0
104301,34,41322.0,West,2024-09-06,2026-06-05,4,180.81,48.44,3.0,web,yes,0
102594,18,34715.0,Budapest,2024-04-21,2026-04-01,7,211.22,25.64,4.0,mobile,no,0
104165,36,40194.0,East,2025-01-26,2026-05-20,9,1191.86,132.44,4.0,web,yes,0
103032,42,31733.0,Budapest,2025-07-21,2026-06-07,4,195.22,57.77,4.0,partner,yes,0
103580,38,51114.0,Budapest,2024-11-19,2026-06-28,6,266.2,59.45,4.0,web,yes,0
102833,49,31512.0,West,2023-04-16,2026-06-02,7,549.01,108.86,4.0,web,yes,1
103473,41,27094.0,East,2025-01-11,2026-04-05,8,565.84,58.72,3.0,web,no,0
100138,44,32430.0,West,2023-04-05,2026-04-01,7,420.12,47.61,4.0,web,yes,0
104893,48,50605.0,West,2024-12-30,2026-06-28,6,538.67,89.99,4.0,store,yes,0
102181,23,41084.0,South,2024-08-27,2026-06-11,5,470.41,74.16,4.0,web,no,0
102129,49,15000.0,Budapest,2025-11-03,2026-03-25,8,890.72,104.14,1.0,mobile,yes,1
103178,54,41727.0,West,2024-12-22,2026-04-08,6,546.5,89.0,4.0,mobile,yes,0
104855,26,42252.0,Budapest,2024-06-09,2026-02-26,3,134.16,43.3,5.0,store,yes,1
104638,47,25659.0,East,2024-11-11,2026-05-04,6,362.97,57.61,4.0,store,yes,0
105116,68,37710.0,North,2025-07-09,2026-05-07,6,419.87,63.1,4.0,mobile,yes,0
105251,33,32896.0,West,2023-05-08,2026-04-13,3,121.2,51.69,2.0,mobile,yes,0
104262,76,56396.0,North,2025-08-06,2026-05-29,4,292.71,77.91,4.0,partner,yes,1
104345,31,26634.0,South,2025-07-27,2026-05-07,5,346.62,73.44,3.0,web,no,0
101332,28,22866.0,West,2024-05-02,2026-04-02,3,242.54,79.34,4.0,store,no,0
102018,41,52001.0,Budapest,2025-04-10,2026-06-24,3,412.7,130.97,4.0,store,yes,0
104543,57,34728.0,North,2025-10-30,2026-06-28,5,1091.46,182.95,4.0,web,no,0
102483,31,39387.0,Budapest,2024-01-01,2026-05-05,6,404.7,63.16,3.0,store,yes,0
101359,50,55738.0,East,2024-07-26,2026-04-22,7,403.59,58.33,4.0,web,yes,0
101330,28,16457.0,Budapest,2023-08-07,2026-05-04,5,522.61,96.8,3.0,mobile,no,0
105944,37,53454.0,South,2025-02-19,2026-03-29,8,454.84,57.47,3.0,web,yes,0
102151,40,42355.0,East,2025-02-11,2026-05-21,7,308.76,47.35,4.0,mobile,no,0
104531,18,40106.0,South,2025-10-06,2026-04-11,6,400.92,58.97,,mobile,yes,0
102123,26,31269.0,Budapest,2025-10-07,2026-04-04,6,263.98,45.05,5.0,store,no,1
104674,45,15000.0,Budapest,2024-04-15,2026-05-26,5,396.94,112.27,5.0,store,no,0
103982,52,45927.0,West,2025-03-06,2026-04-15,4,309.51,90.56,4.0,web,yes,0
101253,37,22360.0,Budapest,2024-05-09,2026-05-02,5,630.97,107.61,5.0,store,yes,1
103279,46,28872.0,Budapest,2024-07-11,2026-05-26,5,339.46,67.06,4.0,web,yes,0
103375,24,23007.0,West,2025-03-04,2026-05-08,8,759.18,92.83,5.0,mobile,yes,1
102815,22,38092.0,Budapest,2023-12-21,2026-06-18,9,372.78,42.89,5.0,partner,yes,0
104720,29,72277.0,Budapest,2024-05-13,2026-05-05,9,934.78,94.49,2.0,mobile,yes,0
101849,52,22868.0,West,2025-03-01,2026-06-18,3,140.24,40.24,4.0,web,yes,0
104859,42,16414.0,Budapest,2023-10-17,2026-05-21,6,422.5,69.34,5.0,mobile,no,0
103038,68,45992.0,Budapest,2024-03-31,2026-04-11,4,254.77,62.14,2.0,mobile,yes,1
100389,28,15544.0,Budapest,2024-03-25,2026-03-27,9,465.66,62.21,3.0,partner,yes,1
100236,45,21052.0,South,2025-02-27,2026-05-10,10,425.87,43.42,5.0,web,yes,0
101078,51,27725.0,West,2025-07-25,2026-04-12,7,912.4,112.19,5.0,partner,no,0
101985,47,72207.0,East,2024-05-12,2026-06-14,7,247.66,36.77,2.0,store,yes,0
104364,60,32103.0,North,2025-07-07,2026-06-26,5,457.79,85.24,4.0,mobile,yes,0
103963,55,46744.0,East,2023-06-18,2026-05-27,4,464.7,136.74,3.0,web,no,0
100771,34,21715.0,Budapest,2024-07-04,2026-04-19,8,638.02,88.44,3.0,web,yes,0
102166,26,47034.0,Budapest,2023-11-05,2026-05-12,8,376.65,49.72,4.0,mobile,no,0
104534,29,104339.0,West,2025-07-01,2026-04-23,4,155.73,42.4,3.0,store,no,0
100674,32,44608.0,East,2023-04-12,2026-06-28,7,894.57,141.08,3.0,mobile,yes,0
100250,30,15000.0,West,2025-12-29,2026-06-14,3,167.67,53.4,3.0,web,no,1
101575,35,50571.0,Budapest,2025-07-29,2026-05-14,8,379.39,41.51,4.0,web,no,0
103420,21,32732.0,South,2023-06-24,2026-04-06,4,129.94,44.42,3.0,partner,yes,0
102082,42,55932.0,Budapest,2025-12-05,2026-04-08,6,467.82,70.49,4.0,mobile,no,1
101824,39,33895.0,East,2023-11-10,2026-03-28,4,255.61,70.36,4.0,web,no,0
105581,38,40418.0,East,2023-02-16,2026-06-08,13,521.74,43.68,3.0,mobile,no,0
105771,40,43983.0,South,2024-03-23,2026-06-19,6,561.45,88.01,4.0,web,no,0
104545,31,28561.0,West,2024-09-04,2026-04-26,3,110.43,36.17,3.0,web,yes,1
100717,32,41742.0,East,2025-10-05,2026-04-14,5,315.98,65.09,4.0,store,yes,0
105375,73,41039.0,East,2025-08-06,2026-04-12,11,340.72,38.36,4.0,web,yes,0
105630,67,43319.0,Budapest,2023-04-17,2026-05-06,8,876.05,100.62,4.0,mobile,yes,0
102049,66,27652.0,Budapest,2024-08-12,2026-06-28,5,285.64,51.3,5.0,mobile,no,0
105265,40,21769.0,West,2025-07-08,2026-04-12,3,437.1,134.76,2.0,web,no,1
104179,41,22502.0,East,2023-11-17,2026-06-28,9,458.52,54.26,2.0,web,no,0
104810,38,43743.0,East,2025-10-15,2026-06-28,2,184.68,80.79,2.0,partner,yes,0
102725,48,32198.0,Budapest,2023-03-02,2026-04-24,7,341.82,48.78,5.0,mobile,yes,0
105873,29,23090.0,Budapest,2023-03-31,2026-05-07,4,177.55,53.23,4.0,mobile,yes,0
101461,50,56661.0,South,2023-12-17,2026-05-09,9,1009.04,123.05,4.0,mobile,yes,0
101669,56,69187.0,Budapest,2025-08-18,2026-05-09,2,47.02,35.06,2.0,mobile,no,0
102757,42,27190.0,South,2023-07-27,2027-02-14,7,360.67,46.97,4.0,web,no,0
102001,35,39209.0,South,2023-09-15,2026-05-15,4,439.53,110.12,4.0,,yes,0
104572,28,44697.0,South,2023-06-21,2026-05-20,7,314.2,62.17,5.0,mobile,yes,0
104614,43,26383.0,West,2023-10-20,2026-05-19,5,225.53,38.46,4.0,web,no,0
100405,41,37259.0,North,2024-01-11,2026-06-28,5,488.5,100.63,3.0,web,yes,0
100385,38,46266.0,West,2024-09-19,2026-04-10,4,302.13,60.05,5.0,web,yes,1
105416,36,57069.0,West,2024-01-13,2026-04-13,5,281.99,49.26,5.0,store,yes,0
102153,45,40541.0,South,2023-01-21,2026-05-10,5,519.86,91.66,3.0,mobile,yes,0
101634,27,33984.0,East,2025-11-10,2026-06-28,7,776.44,122.93,5.0,mobile,yes,0
105525,37,42472.0,Budapest,2023-05-28,2026-06-28,6,539.63,88.49,3.0,store,yes,0
104785,32,46032.0,North,2025-01-27,2026-05-14,3,189.64,69.05,4.0,partner,no,1
103926,28,33390.0,East,2025-08-18,2026-05-10,9,712.88,83.41,4.0,partner,no,0
104159,45,24854.0,West,2024-02-26,2026-05-06,9,1123.3,126.08,3.0,web,no,0
104949,58,49179.0,East,2023-06-03,2026-05-14,2,182.37,80.2,5.0,mobile,no,0
100224,41,24140.0,North,2024-04-15,2026-06-02,3,106.99,34.62,3.0,web,yes,0
102194,52,27414.0,Budapest,2023-03-05,2026-05-26,6,347.46,61.8,5.0,partner,no,0
103137,18,15000.0,South,2023-10-21,2026-06-28,7,920.54,134.03,3.0,mobile,yes,0
104470,41,24959.0,Budapest,2023-08-05,2026-03-11,5,196.07,36.7,3.0,web,no,1
101825,27,15000.0,South,2025-12-13,2026-05-15,10,670.71,64.18,4.0,partner,yes,0
105751,54,40954.0,Budapest ,2023-02-21,2026-03-22,9,683.64,80.77,2.0,store,yes,1
105125,29,18830.0,East,2025-01-30,2026-03-19,10,364.51,50.66,3.0,partner,no,1
104973,57,19307.0,Budapest,2024-03-21,2026-04-16,8,262.57,38.27,1.0,partner,no,0
100798,39,22244.0,Budapest,2023-04-13,2026-01-28,7,379.63,66.57,5.0,web,yes,0
102872,53,38992.0,West,2024-06-30,2026-05-15,6,525.19,85.97,3.0,store,yes,0
100010,50,,West,2023-07-11,2026-04-13,6,319.8,47.78,4.0,store,yes,1
101945,53,39233.0,South,2023-04-06,2026-06-14,5,227.52,62.7,3.0,mobile,yes,0
101839,52,19118.0,South,2024-07-04,2026-06-04,4,210.45,56.25,3.0,store,yes,0
104805,56,28392.0,South,2025-06-24,2026-05-02,3,146.16,51.05,2.0,mobile,yes,0
100256,23,26923.0,South,2024-12-28,2026-04-19,5,436.4,92.99,4.0,partner,yes,0
104486,36,46198.0,Budapest,2025-06-17,2026-06-28,7,363.56,55.99,3.0,mobile,yes,0
105433,63,37753.0,East,2024-11-19,2026-06-12,8,264.62,36.49,5.0,store,yes,0
101582,26,42860.0,Budapest,2024-12-17,2026-05-07,9,382.08,46.72,4.0,store,no,0
102957,53,15000.0,Budapest,2024-07-23,2026-04-19,6,1036.16,158.81,5.0,mobile,yes,1
100925,44,110454.0,Budapest,2025-08-03,2026-03-03,10,442.61,50.03,3.0,web,no,0
105338,53,27320.0,East,2023-05-05,2026-05-04,9,398.12,46.61,4.0,mobile,no,0
102509,52,70752.0,East,2025-10-22,2026-05-21,7,744.99,103.2,4.0,partner,no,0
105025,33,56987.0,East,2023-05-31,2026-05-26,10,697.93,76.24,3.0,web,no,0
105321,66,15000.0,Budapest,2024-08-22,2026-05-31,8,234.58,29.91,3.0,web,yes,0
103776,40,32399.0,West,2025-09-13,2026-05-23,4,246.02,56.24,4.0,web,yes,0
104836,24,,South,2025-03-23,2026-04-16,7,344.81,50.49,3.0,web,yes,0
104137,67,47090.0,West,2023-09-14,2026-05-30,6,434.17,77.38,4.0,store,no,0
104965,25,27298.0,Budapest,2023-08-21,2026-05-12,9,381.97,45.63,,mobile,no,1
102780,21,31539.0,Budapest,2025-12-26,2026-05-21,4,143.06,31.74,5.0,web,no,0
100540,18,60591.0,South,2023-06-06,2026-06-28,6,154.03,37.35,4.0,store,no,0
102746,54,53219.0,South,2023-02-09,2026-04-06,14,769.57,53.79,3.0,web,yes,0
105422,42,51522.0,West,2023-07-16,2026-04-12,9,644.96,75.68,3.0,web,no,0
105507,38,19476.0,Budapest,2024-12-19,2026-06-06,6,201.8,32.94,4.0,mobile,yes,0
101146,29,36151.0,Budapest,2024-11-20,2026-04-07,6,134.88,21.67,4.0,store,yes,1
105128,33,19233.0,Budapest,2025-05-07,2026-04-17,10,956.74,86.14,3.0,web,yes,0
104469,49,16695.0,North,2023-11-10,2026-06-28,6,502.26,92.99,4.0,mobile,yes,0
100668,29,27511.0,North,2023-11-27,2026-04-17,8,142.87,19.34,4.0,mobile,yes,0
103020,44,44147.0,Budapest,2025-06-16,2026-05-04,6,205.07,31.88,3.0,store,no,0
100358,41,31560.0,South,2023-12-31,2026-06-28,6,246.71,41.5,5.0,partner,yes,0
105064,49,58084.0,Budapest,2023-04-16,2026-03-23,6,236.65,45.62,3.0,web,yes,0
102832,21,44519.0,West,2023-11-24,2026-05-11,1,49.47,65.58,4.0,mobile,no,0
102784,43,18706.0,West,2025-08-10,2026-03-29,4,191.94,50.9,4.0,web,no,0
101354,31,47294.0,Budapest,2023-04-13,2026-05-11,6,443.44,72.17,3.0,mobile,yes,1
105132,45,16338.0,Budapest,2024-08-01,2026-05-15,2,176.35,80.78,5.0,web,yes,0
100471,56,42389.0,West,2025-05-28,2026-04-29,5,307.0,80.8,3.0,web,yes,1
102704,34,24039.0,South,2025-09-01,2026-04-22,4,256.85,65.62,3.0,web,yes,0
103331,37,19697.0,North,2024-09-05,2026-05-23,3,207.1,77.0,5.0,mobile,no,0
103638,45,32951.0,Budapest,2023-10-15,2026-05-23,7,222.74,35.73,2.0,store,yes,0
101397,41,42309.0,East,2025-09-11,2026-06-28,3,135.75,43.84,3.0,web,yes,0
103585,35,45243.0,North,2025-01-12,2026-04-24,3,177.76,65.0,3.0,store,yes,0
105410,53,58957.0,South,2023-08-07,2026-06-28,6,439.0,68.78,4.0,web,no,0
105263,52,43453.0,Budapest,2025-06-07,2026-05-22,4,815.15,186.62,3.0,mobile,yes,0
103377,26,29566.0,Budapest,2023-12-22,2026-05-12,4,142.41,35.74,3.0,partner,no,0
101257,27,15000.0,South,2025-06-26,2026-05-07,5,313.01,71.14,3.0,,yes,0
103513,44,28193.0,North,2025-07-28,2027-02-18,8,667.44,110.64,5.0,web,yes,0
101251,22,28169.0,Budapest,2025-03-11,2026-04-27,4,231.6,55.75,4.0,mobile,yes,0
105349,48,40451.0,East,2024-10-08,2026-04-07,5,268.94,61.36,4.0,,yes,0
105796,37,37353.0,East,2023-05-02,2026-06-28,10,1882.2,175.99,5.0,store,yes,0
104299,37,17691.0,East,2023-03-06,2026-06-28,7,310.73,39.27,3.0,mobile,yes,0
103285,39,117927.0,Budapest,2023-02-24,2026-05-07,5,352.86,69.59,3.0,mobile,yes,1
102934,36,23088.0,North,2023-08-17,2026-05-29,8,452.39,51.13,3.0,partner,yes,0
104176,37,41838.0,East,2023-04-03,2026-06-28,6,336.02,55.41,3.0,mobile,yes,0
105269,45,,North,2025-09-27,2026-05-13,8,945.14,104.49,3.0,web,no,0
104911,23,21989.0,Budapest,2024-08-18,2026-03-16,4,214.62,66.3,3.0,store,yes,0
101853,43,,West,2025-08-31,2026-04-02,6,332.35,54.48,3.0,mobile,no,0
105643,38,32025.0,South,2024-06-13,2026-06-07,4,121.77,38.05,3.0,web,no,0
105876,49,50446.0,West,2023-03-05,2026-05-10,7,743.06,107.41,4.0,web,no,0
102106,26,39807.0,East,2023-06-09,2026-06-07,5,1129.42,189.45,4.0,web,yes,0
100134,34,23712.0,West,2023-07-04,2026-05-03,3,177.16,56.94,5.0,web,yes,0
105237,43,21418.0,Budapest,2024-08-24,2026-06-22,6,223.69,39.03,2.0,mobile,no,0
105030,54,25013.0,Budapest,2024-08-28,2026-05-19,6,144.41,27.09,5.0,partner,yes,0
100929,28,49274.0,East,2024-11-28,2026-03-26,7,259.34,39.92,4.0,web,yes,0
100824,57,50753.0,East,2025-05-06,2026-05-18,5,546.47,106.52,4.0,web,yes,0
105477,40,37388.0,Budapest,2025-04-30,2026-05-11,3,265.91,104.84,4.0,web,yes,1
101532,40,73832.0,Budapest,2023-05-21,2026-05-31,7,543.71,88.16,4.0,web,yes,0
101215,43,30717.0,Budapest,2024-03-29,2026-03-20,10,868.86,97.78,4.0,store,no,0
100505,57,15000.0,East,2025-08-14,2026-06-23,6,306.17,52.68,5.0,store,no,0
104286,47,20328.0,Budapest,2024-12-06,2026-04-28,9,695.48,97.25,2.0,web,yes,0
101997,35,46356.0,Budapest,2024-03-27,2026-05-27,8,764.59,94.8,4.0,web,yes,0
103073,52,53443.0,South,2023-06-20,2026-04-04,5,215.7,50.65,3.0,mobile,yes,1
101959,62,,South,2023-05-11,2026-05-19,3,307.61,124.51,1.0,web,yes,0
101385,54,26642.0,North,2023-09-19,2026-04-14,5,210.45,36.78,5.0,web,yes,0
100895,18,24323.0,South,2024-06-06,2026-05-20,6,183.51,35.49,3.0,web,yes,0
104925,40,64315.0,West,2025-12-23,2026-04-13,6,439.05,63.53,4.0,web,yes,1
100456,43,15000.0,Budapest,2024-07-12,2026-06-13,4,389.46,122.49,4.0,store,yes,0
105589,31,136651.0,West,2024-05-10,2026-05-27,8,526.42,66.03,3.0,web,no,0
103710,45,30212.0,South,2023-07-23,2026-05-14,8,544.22,76.75,4.0,mobile,yes,0
105564,38,28484.0,Budapest,2024-11-13,2026-06-26,3,203.28,67.08,4.0,web,yes,0
104850,55,45917.0,South,2023-08-24,2026-05-21,5,560.31,100.38,3.0,mobile,no,1
104749,61,29722.0,South,2023-08-23,2026-04-14,6,228.14,34.5,3.0,mobile,no,0
104269,40,34247.0,South,2023-08-13,2026-05-29,4,311.35,86.65,3.0,store,no,0
103523,40,22250.0,Budapest,2023-08-20,2026-06-28,10,496.46,46.44,2.0,web,no,0
104135,46,41555.0,West,2024-05-22,2026-06-28,5,153.88,30.37,3.0,mobile,no,0
103603,43,19040.0,West,2025-02-26,2026-05-18,4,255.24,61.79,2.0,mobile,yes,0
100714,37,37887.0,North,2025-10-25,2026-04-27,5,213.17,40.65,4.0,mobile,yes,1
104187,43,37555.0,Budapest,2025-12-23,2026-05-28,7,741.91,115.67,2.0,mobile,yes,0
102215,40,26923.0,North,2024-06-11,2026-05-12,9,633.49,76.13,3.0,web,no,0
105302,40,40430.0,East,2024-10-17,2026-05-02,7,302.87,44.02,3.0,partner,yes,1
102924,46,29422.0,East,2024-07-01,2026-05-04,6,286.66,48.11,4.0,web,yes,0
101811,41,28336.0,Budapest,2023-05-08,2026-06-11,6,254.58,41.7,4.0,,no,0
103487,60,,East,2025-09-17,2026-05-25,5,792.3,136.08,5.0,mobile,yes,0
103142,31,22819.0,Budapest,2023-12-29,2026-04-11,10,1002.0,84.96,3.0,partner,yes,0
101828,29,50044.0,West,2025-10-13,2026-01-30,4,540.82,110.93,3.0,web,yes,1
101156,145,15000.0,Budapest,2025-12-09,2026-06-28,4,144.25,42.39,5.0,store,yes,0
101325,42,25217.0,Budapest,2024-12-17,2027-02-17,5,455.45,96.34,3.0,store,yes,0
104313,19,21554.0,Budapest,2024-10-18,2026-06-04,5,357.08,81.04,3.0,mobile,no,0
100511,45,45209.0,Budapest,2024-04-02,2026-06-08,6,555.26,88.79,4.0,store,no,0
101681,65,32883.0,South,2025-10-24,2026-06-28,8,306.45,29.24,5.0,partner,yes,0
100500,32,44743.0,West,2024-04-02,2026-04-29,7,595.28,92.04,4.0,mobile,no,0
105468,47,27052.0,Budapest,2025-03-23,2026-06-07,4,382.31,73.73,3.0,web,yes,0
101857,54,22660.0,Budapest,2025-11-29,2026-05-20,6,168.55,34.35,3.0,web,yes,1
101389,51,27273.0,North,2025-01-29,2026-04-25,3,346.62,84.4,3.0,web,yes,0
103720,31,34232.0,West,2025-08-02,2026-04-21,8,351.79,48.32,4.0,web,yes,0
102387,32,18095.0,North,2023-02-01,2026-05-29,8,487.87,49.2,3.0,partner,no,0
103237,18,36178.0,North,2024-05-06,2026-06-02,3,134.01,47.77,4.0,web,no,1
101541,49,33745.0,South,2024-09-02,2026-03-31,3,259.23,97.93,4.0,partner,yes,0
101218,49,16069.0,East,2023-12-10,2026-05-23,12,632.44,49.54,4.0,store,yes,0
102682,39,72224.0,South,2023-05-07,2026-04-13,1,74.39,71.55,3.0,mobile,no,0
102994,48,29147.0,East,2023-10-15,2026-06-09,5,206.97,46.68,4.0,web,no,0
101192,40,,West,2025-03-30,2026-05-23,5,154.86,35.27,5.0,web,yes,0
105294,40,57415.0,East,2023-11-10,2026-05-24,6,527.36,84.42,3.0,mobile,yes,0
101543,40,18483.0,West,2023-06-03,2026-05-21,5,355.41,80.64,3.0,mobile,no,1
103302,44,30601.0,Budapest,2025-05-23,2026-06-01,2,126.76,56.93,3.0,web,yes,0
103325,35,27503.0,East,2025-11-27,2026-04-30,6,310.91,57.13,5.0,mobile,yes,0
102540,41,28012.0,West,2025-05-06,2026-02-10,9,428.32,54.58,5.0,web,no,0
100954,27,48640.0,Budapest,2024-12-17,2026-05-18,6,835.65,120.24,5.0,mobile,yes,0
104847,52,119258.0,Budapest,2023-10-01,2026-04-14,5,390.29,75.95,5.0,store,yes,0
104331,37,49668.0,Budapest,2024-12-05,2026-06-28,5,640.69,116.46,4.0,web,yes,0
100733,50,31326.0,Budapest,2024-01-25,2026-04-02,6,346.99,63.57,3.0,store,yes,1
104717,59,52701.0,West,2023-05-09,2026-03-08,6,390.23,72.97,3.0,mobile,yes,1
101157,53,18405.0,Budapest,2024-01-18,2026-05-11,1,74.97,64.03,4.0,store,yes,0
105588,21,21144.0,Budapest,2025-07-13,2026-06-28,3,173.87,58.23,3.0,web,yes,0
103295,28,30324.0,West,2025-04-11,2026-03-22,4,257.48,70.05,5.0,web,no,0
102983,29,34805.0,Budapest,2023-07-09,2026-04-07,3,204.54,65.9,3.0,mobile,no,1
105306,42,28636.0,East,2024-04-23,2026-04-19,5,386.61,65.96,3.0,mobile,no,0
105162,48,57555.0,North,2025-05-02,2026-04-29,4,384.56,74.41,3.0,store,yes,0
102157,38,18200.0,Budapest,2025-10-16,2026-06-28,8,1036.5,129.79,4.0,store,no,0
101063,24,41636.0,Budapest,2024-09-17,2026-06-24,6,497.62,86.54,5.0,web,yes,0
102617,46,36564.0,Budapest,2024-10-21,2026-04-14,8,476.77,57.33,3.0,Mobile,yes,0
101168,40,,East,2025-04-03,2026-06-05,8,512.68,61.62,4.0,web,yes,0
103223,44,59312.0,South,2023-09-02,2026-06-28,6,240.88,42.11,5.0,web,yes,0
103637,43,59133.0,South,2025-08-14,2026-06-11,5,250.77,51.55,,mobile,yes,0
102939,55,30746.0,Budapest,2025-07-21,2026-04-10,4,342.11,80.23,4.0,mobile,no,0
104492,18,29002.0,South,2024-10-30,2026-04-08,5,413.75,76.97,5.0,mobile,yes,0
103141,40,39528.0,Budapest,2023-05-04,2026-04-17,7,946.82,120.17,3.0,mobile,yes,1
104981,48,40934.0,North,2025-12-14,2026-06-02,9,432.43,43.61,4.0,web,no,0
100144,33,,East,2023-06-22,2026-04-16,6,268.69,45.89,3.0,mobile,no,0
103578,37,15000.0,Budapest,2023-06-13,2026-06-27,4,486.0,94.22,3.0,mobile,yes,0
104947,41,15000.0,East,2024-04-19,2026-05-25,6,274.59,51.33,3.0,partner,yes,0
102783,43,34048.0,East,2023-07-20,2026-05-25,7,771.93,113.9,2.0,,yes,1
100718,61,43772.0,Budapest,2025-10-07,2026-04-23,4,87.9,21.47,3.0,store,yes,0
101820,27,17735.0,East,2023-01-25,2026-05-22,7,848.86,121.09,4.0,mobile,no,0
102503,54,37326.0,North,2024-09-07,2026-05-01,3,176.63,59.49,4.0,web,yes,1
104361,51,50649.0,Budapest,2023-03-30,2026-04-07,3,214.27,68.17,2.0,store,yes,0
104172,40,24025.0,East,2023-12-31,2026-05-21,3,230.3,70.68,4.0,web,yes,1
100396,55,43995.0,West,2023-10-08,2026-06-28,4,254.52,68.12,3.0,store,yes,0
105832,37,47132.0,Budapest,2023-09-01,2026-05-29,3,123.54,44.43,3.0,web,yes,0
104493,38,22026.0,North,2025-01-14,2026-05-26,5,272.79,52.13,5.0,partner,no,0
101366,44,26392.0,East,2023-02-08,2026-05-07,3,427.59,137.87,5.0,web,yes,0
105494,48,26428.0,Budapest,2024-01-28,2026-05-19,4,190.55,62.77,5.0,web,yes,0
100596,43,21230.0,Budapest,2023-02-14,2026-04-10,3,151.25,50.81,5.0,web,no,0
103953,37,36242.0,North,2023-06-23,2026-06-05,3,517.04,155.51,3.0,store,no,0
105393,57,33612.0,North,2023-09-21,2026-04-04,5,171.58,33.42,4.0,store,no,0
104969,44,50273.0,Budapest,2023-09-13,2026-05-12,5,304.97,62.11,3.0,mobile,yes,0
102915,23,43576.0,West,2023-03-19,2026-05-23,8,458.71,54.42,4.0,mobile,no,1
102327,38,,Budapest,2023-05-25,2026-05-11,4,494.76,117.52,4.0,mobile,no,0
103767,51,30768.0,West,2025-01-27,2026-04-04,7,429.29,70.35,5.0,web,no,1
103441,49,24142.0,Budapest,2024-11-29,2026-05-23,6,710.76,139.98,3.0,mobile,yes,0
103852,34,107319.0,Budapest,2024-07-17,2026-05-29,7,307.46,50.46,4.0,mobile,no,0
104133,29,42350.0,West,2024-02-05,2026-05-10,5,512.58,95.56,3.0,mobile,yes,0
105530,26,34804.0,South,2023-08-13,2026-06-19,6,394.89,61.96,,mobile,yes,1
102144,61,32174.0,South,2023-06-09,2026-05-27,3,217.13,61.49,5.0,web,yes,0
105561,47,,North,2025-07-10,2026-05-03,6,333.78,62.29,3.0,store,no,0
105074,18,35123.0,West,2024-01-30,2026-04-18,8,327.52,36.5,4.0,web,no,1
101572,36,55060.0,East,2024-01-04,2026-05-19,7,670.63,98.39,4.0,partner,no,0
104080,50,39771.0,West,2023-12-07,2026-03-28,5,382.15,66.07,4.0,store,yes,0
101123,41,28399.0,South,2024-06-29,2026-05-25,8,555.08,60.4,4.0,partner,yes,0
102787,48,38987.0,East,2025-06-23,2026-06-28,7,119.14,15.68,4.0,mobile,yes,0
102968,36,50850.0,Budapest,2023-06-12,2026-03-28,5,378.61,71.55,4.0,web,no,0
102505,52,24158.0,Budapest,2024-07-03,2026-05-04,7,1172.74,134.38,2.0,mobile,no,0
103466,41,17806.0,South,2024-04-21,2026-05-30,4,245.16,78.05,5.0,web,yes,0
100676,43,,West,2024-07-18,2026-04-27,6,458.5,71.45,2.0,web,no,0
102809,53,28497.0,Budapest,2024-05-29,2026-06-05,9,751.15,79.96,5.0,partner,yes,0
103349,33,20918.0,South,2023-11-27,2026-06-27,4,217.87,59.3,6.0,mobile,no,0
100729,48,15785.0,West,2024-10-25,2026-06-16,2,220.34,118.0,3.0,store,yes,0
100413,31,23650.0,Budapest,2023-02-10,2026-04-22,6,124.83,29.58,2.0,mobile,yes,0
103147,44,48300.0,South,2023-07-22,2026-05-08,5,336.85,72.2,5.0,web,no,0
101517,22,57313.0,Budapest,2024-07-26,2026-03-28,9,281.69,31.06,4.0,store,yes,0
100826,18,17173.0,Budapest,2025-09-29,2026-05-25,6,469.88,81.76,4.0,mobile,yes,0
103268,20,53095.0,South,2023-04-20,2026-06-06,7,494.97,61.23,4.0,store,no,0
103975,41,41994.0,Budapest,2023-05-30,2026-05-09,8,479.09,62.26,3.0,mobile,yes,0
100617,44,,South,2025-10-19,2026-03-12,3,89.82,28.88,3.0,web,no,0
100115,35,68406.0,Budapest,2025-04-19,2024-11-21,4,230.15,62.35,3.0,web,yes,0
100418,53,19244.0,South,2023-12-30,2026-05-31,5,853.71,192.36,2.0,web,yes,0
103070,32,43819.0,West,2024-09-19,2026-04-02,5,248.21,47.99,3.0,web,yes,0
101626,56,60017.0,South,2023-02-09,2026-05-02,3,362.27,146.67,3.0,web,yes,0
105975,38,22979.0,North,2023-04-24,2026-01-23,8,423.47,48.71,3.0,web,no,0
104186,43,34151.0,South,2025-10-20,2026-06-18,6,577.25,88.09,4.0,web,no,0
102897,25,35382.0,North,2023-08-05,2026-06-27,7,433.63,50.8,4.0,web,yes,0
105633,30,41064.0,West,2024-08-09,2026-05-10,7,842.91,121.53,5.0,web,no,0
102083,46,24248.0,East,2024-07-09,2026-04-16,5,219.54,39.59,3.0,web,no,0
100754,52,35044.0,West,2023-03-26,2026-05-10,4,201.91,50.08,4.0,partner,yes,0
102547,49,15000.0,North,2025-01-17,2026-06-15,3,235.82,79.25,5.0,store,no,0
103970,32,15000.0,Budapest,2025-12-06,2026-05-09,8,415.23,51.12,4.0,mobile,yes,0
103374,61,24947.0,Budapest,2024-07-15,2026-05-08,11,450.0,47.12,4.0,partner,no,0
104108,42,25966.0,South,2025-06-30,2026-06-04,12,489.94,51.57,3.0,partner,yes,0
102445,43,37639.0,West,2024-02-27,2026-04-25,4,418.39,89.16,4.0,store,no,0
104381,47,22304.0,East,2023-12-08,2026-06-09,7,379.44,77.55,3.0,mobile,no,0
101067,49,42256.0,West,2023-02-27,2026-05-28,8,344.65,49.5,3.0,store,yes,0
103914,61,28813.0,West,2023-09-07,2026-05-01,7,400.52,60.16,4.0,web,yes,0
105288,50,27791.0,East,2025-03-01,2026-06-14,5,429.23,86.39,4.0,partner,no,0
105388,55,53133.0,Budapest,2023-08-12,2026-03-17,11,514.74,49.08,5.0,store,yes,1
103499,37,35430.0,West,2025-02-04,2026-05-23,6,310.71,52.63,3.0,partner,yes,0
102739,63,21294.0,East,2024-09-24,2026-06-22,4,277.83,71.27,3.0,store,yes,0
105053,44,29093.0,East,2024-11-07,2026-06-28,11,750.8,68.04,4.0,store,yes,0
104001,30,24418.0,East,2023-10-24,2026-06-19,5,487.22,91.15,3.0,store,yes,0
101569,18,34616.0,West,2025-12-24,2026-06-05,8,619.32,65.84,3.0,partner,yes,0
102428,44,59949.0,East,2024-03-03,2026-05-06,4,138.02,32.73,3.0,web,no,1
103747,33,33200.0,Budapest,2024-12-14,2026-04-16,7,357.11,52.56,2.0,mobile,yes,0
105592,48,18691.0,South,2024-12-13,2026-04-03,4,377.73,77.59,3.0,web,no,0
101688,31,22922.0,West,2023-09-01,2026-05-07,6,1002.25,147.76,3.0,mobile,yes,0
100852,35,70165.0,Budapest,2023-02-01,2026-06-28,4,272.38,61.49,4.0,web,yes,0
103547,36,16877.0,West,2025-06-14,2026-05-18,5,266.98,50.82,5.0,mobile,yes,0
100896,38,61504.0,North,2024-10-25,2026-02-28,4,392.96,101.73,4.0,web,no,0
104593,54,37619.0,South,2024-05-31,2026-04-28,4,493.06,127.69,4.0,mobile,yes,0
100336,25,50975.0,East,2025-12-25,2026-06-05,5,427.03,88.75,3.0,web,yes,0
102840,34,42673.0,Budapest,2024-08-11,2026-06-28,4,639.1,128.07,4.0,mobile,no,0
103088,47,35707.0,West,2023-10-19,2026-01-28,8,518.94,70.75,5.0,store,no,0
104612,18,24694.0,Budapest,2024-05-31,2026-05-16,4,197.07,62.43,3.0,web,yes,0
101349,24,31040.0,West,2025-12-23,2026-04-10,4,276.71,74.15,4.0,web,yes,1
101016,52,25635.0,Budapest,2024-07-09,2026-05-25,6,538.79,99.25,5.0,partner,yes,0
102817,52,23772.0,Budapest,2024-05-31,2026-06-06,6,132.93,21.43,3.0,store,no,0
101632,65,27083.0,South,2024-02-11,2026-04-23,4,220.96,46.75,3.0,store,yes,0
102490,50,27809.0,East,2023-11-24,2026-05-08,12,1127.69,82.15,4.0,store,yes,1
103731,54,39626.0,North,2024-10-24,2026-06-19,7,409.29,59.61,4.0,web,no,0
103252,29,,East,2024-11-04,2026-04-17,1,-165.30451474668314,33.56,4.0,web,no,0
105586,38,38994.0,North,2025-08-31,2026-03-30,5,249.08,51.09,4.0,partner,yes,0
102071,50,82396.0,South,2025-06-17,2026-05-22,4,153.7,46.56,3.0,Mobile,yes,1
104453,32,19135.0,East,2025-04-17,2026-05-13,4,340.68,85.73,3.0,store,yes,0
105925,38,52999.0,East,2025-08-24,2026-05-23,5,441.4,91.0,4.0,web,yes,0
105409,49,38124.0,Budapest,2024-10-26,2026-05-08,5,412.06,91.92,4.0,mobile,yes,0
101636,53,,West,2025-07-15,2026-04-26,6,206.05,44.93,2.0,web,no,0
104647,48,29964.0,North,2024-02-29,2026-06-28,8,774.72,85.73,5.0,mobile,yes,0
102480,34,26548.0,North,2023-05-06,2026-05-17,8,359.38,47.84,4.0,store,yes,1
102266,24,41451.0,Budapest,2024-01-14,2026-05-30,6,332.38,60.21,4.0,partner,yes,0
102960,43,30212.0,North,2025-11-06,2026-05-18,6,526.87,70.66,4.0,mobile,yes,0
105324,31,,Budapest,2024-06-02,2026-06-28,13,910.19,63.62,4.0,,yes,0
105704,45,39413.0,South,2025-03-26,2026-02-13,7,646.66,103.54,2.0,mobile,yes,1
103060,46,63996.0,Budapest,2024-10-16,2026-03-25,4,618.54,139.34,4.0,store,yes,1
105054,33,32171.0,Budapest,2025-11-02,2026-03-11,6,277.8,56.66,4.0,web,yes,0
102142,38,27157.0,West,2024-12-25,2026-03-29,8,699.66,112.71,3.0,web,yes,0
105105,38,20156.0,South,2023-02-06,2025-12-07,4,172.12,49.63,4.0,store,yes,0
103119,39,31430.0,Budapest,2023-10-11,2026-05-09,4,427.33,116.81,4.0,mobile,yes,0
105189,18,50193.0,North,2023-10-12,2026-06-18,5,172.77,37.38,4.0,web,yes,0
105696,44,52871.0,Budapest,2024-04-27,2026-05-21,5,191.0,38.11,4.0,store,no,0
104046,51,23859.0,Budapest,2025-02-18,2026-04-08,7,375.61,70.96,3.0,mobile,yes,0
103357,40,26777.0,East,2023-09-26,2026-06-08,4,-231.21478644702023,69.93,4.0,partner,no,0
102745,39,29058.0,West,2025-01-27,2026-06-19,5,409.0,94.03,3.0,mobile,yes,1
105093,40,48476.0,West,2025-03-02,2026-05-01,9,563.65,60.21,3.0,mobile,yes,1
103507,50,39138.0,West,2025-05-10,2026-04-30,7,682.92,106.9,4.0,mobile,yes,0
101680,41,47669.0,East,2025-12-28,2026-05-27,9,835.4,92.86,3.0,partner,yes,0
104250,47,39177.0,South,2024-12-03,2026-05-07,10,424.59,45.84,4.0,partner,no,1
103148,18,37382.0,East,2025-01-16,2026-05-27,5,159.98,47.32,4.0,mobile,yes,0
102295,45,45972.0,Budapest,2023-06-23,2026-06-10,9,270.03,32.65,4.0,mobile,no,0
100581,62,35532.0,West,2024-02-13,2026-04-11,7,587.08,97.59,4.0,store,no,0
101471,55,29181.0,North,2025-10-01,2026-06-28,4,294.24,60.03,4.0,web,yes,0
104800,62,28017.0,South,2025-02-21,2026-04-19,5,264.96,48.4,3.0,store,yes,0
104071,34,45435.0,West,2024-11-10,2026-05-13,5,371.97,66.16,4.0,mobile,yes,0
105309,44,28511.0,Budapest,2025-08-01,2026-05-25,7,679.21,92.64,4.0,web,yes,0
103344,35,37376.0,Budapest,2025-10-11,2026-06-18,5,287.72,79.29,4.0,web,no,0
104993,22,44486.0,East,2023-09-21,2026-04-24,7,606.59,80.49,4.0,mobile,yes,0
104584,44,40856.0,North,2024-03-31,2026-04-13,5,686.83,158.09,4.0,mobile,no,1
103673,55,55203.0,Budapest,2025-11-17,2026-06-28,5,332.82,82.43,4.0,partner,yes,0
100560,49,42651.0,West,2024-12-20,2026-04-18,9,947.83,111.04,3.0,web,yes,0
105238,57,40118.0,Budapest,2024-03-21,2026-04-07,6,678.71,117.53,4.0,store,yes,0
105216,33,46270.0,West,2024-08-05,2026-05-27,6,365.13,66.71,3.0,web,yes,0
102850,27,32095.0,West,2024-05-10,2026-03-16,6,618.38,129.69,3.0,partner,no,0
100513,45,21162.0,Budapest,2025-04-19,2026-04-14,3,78.75,29.94,4.0,web,yes,1
104730,26,31557.0,West,2023-10-12,2026-03-29,10,812.61,84.36,4.0,store,yes,0
101082,47,23512.0,North,2023-12-20,2026-04-15,7,687.14,83.84,3.0,store,no,1
101665,37,22361.0,North,2023-06-03,2026-05-02,7,288.99,48.47,3.0,web,yes,0
101013,25,25274.0,West,2024-11-09,2026-06-10,5,351.58,68.24,,web,yes,0
101932,65,20940.0,East,2025-03-13,2026-06-20,5,350.96,64.75,2.0,mobile,no,0
101151,47,72101.0,Budapest,2024-04-22,2026-06-08,7,402.73,61.89,4.0,mobile,yes,0
102839,61,46259.0,West,2023-10-24,2026-06-05,8,437.97,68.42,4.0,web,yes,0
100117,26,87771.0,South,2025-11-20,2026-05-07,5,256.92,52.03,3.0,,yes,0
100741,42,26690.0,Budapest,2023-10-13,2026-04-26,5,260.16,53.48,3.0,mobile,yes,1
105928,40,55951.0,South,2025-12-06,2026-05-07,8,917.29,122.97,5.0,store,yes,0
105178,56,,Budapest,2024-12-07,2026-05-01,7,535.15,64.65,4.0,store,yes,0
103676,50,28433.0,South,2024-02-12,2026-04-14,6,324.91,58.55,2.0,web,yes,0
100831,38,30969.0,East,2025-10-21,2026-06-28,7,326.57,41.7,4.0,mobile,yes,0
100120,55,46809.0,East,2024-07-12,2026-06-28,8,961.86,117.09,4.0,web,yes,0
104753,26,18733.0,West,2025-06-25,2026-05-17,7,486.13,66.01,3.0,mobile,no,0
105761,40,38967.0,Budapest,2023-10-19,2026-05-23,5,494.99,100.52,3.0,mobile,no,0
105713,34,45425.0,North,2025-04-20,2026-05-20,5,279.63,55.19,4.0,web,no,1
105964,52,40260.0,Budapest,2025-03-02,2026-04-01,6,1072.38,144.71,4.0,web,yes,0
100636,49,15000.0,Budapest,2024-08-07,2024-04-23,7,281.34,32.7,4.0,web,no,0
104466,52,21624.0,Budapest,2025-05-22,2026-05-05,3,207.49,64.83,3.0,store,no,0
104365,39,,South,2024-03-23,2026-05-15,4,339.42,67.12,4.0,web,yes,0
104143,42,76087.0,Budapest,2023-03-06,2026-04-13,5,228.71,64.16,5.0,web,yes,0
100992,59,,South,2025-10-04,2026-05-02,4,142.08,33.41,5.0,web,yes,0
100877,21,47162.0,West,2025-05-31,2026-06-08,3,221.49,74.58,4.0,web,yes,1
104870,43,19730.0,East,2023-02-19,2026-05-19,5,194.53,40.94,2.0,partner,yes,0
105316,58,37485.0,West,2023-12-31,2026-04-28,10,955.58,91.0,5.0,web,no,0
105223,60,18059.0,Budapest,2024-01-09,2026-06-12,5,184.73,40.21,3.0,web,yes,1
100005,62,42323.0,Budapest,2025-09-03,2026-05-25,4,379.54,100.77,4.0,web,yes,0
103052,50,31421.0,Budapest,2023-04-21,2026-05-02,6,439.51,62.04,4.0,mobile,no,0
103125,36,36240.0,Budapest,2023-10-30,2026-05-12,1,104.53,98.82,4.0,store,no,0
102661,18,,South,2025-01-23,2026-03-28,10,824.76,77.12,4.0,web,yes,0
102492,44,44849.0,West,2025-10-06,2026-06-24,10,888.51,71.05,4.0,partner,yes,0
105174,41,32475.0,Budapest,2025-03-12,2026-04-18,10,649.84,64.83,3.0,partner,no,0
103855,50,35702.0,East,2024-08-25,2026-06-03,3,273.15,93.79,4.0,web,no,0
104934,41,42198.0,Budapest,2023-05-24,2026-04-23,7,312.78,40.08,4.0,mobile,no,0
104778,47,39690.0,Budapest,2024-01-02,2026-04-25,8,488.22,56.94,2.0,mobile,yes,0
101716,33,33227.0,South,2023-03-26,2026-04-08,2,166.13,76.97,5.0,web,yes,1
101149,36,30687.0,West,2025-02-24,2026-04-03,4,411.43,109.38,2.0,store,no,1
103262,34,39980.0,East,2023-06-30,2026-06-28,5,533.62,116.75,3.0,web,yes,0
100575,41,23048.0,South,2023-06-12,2026-06-02,6,432.02,65.56,4.0,mobile,no,0
103770,41,79016.0,East,2024-07-05,2026-06-28,5,461.22,98.16,3.0,web,no,0
103737,29,32689.0,Budapest,2025-01-23,2026-06-28,5,556.42,115.06,4.0,web,yes,0
104147,34,55759.0,Budapest,2023-02-07,2026-06-19,2,199.12,101.68,3.0,WEB,no,0
100854,45,23774.0,North,2024-12-14,2026-04-26,6,210.92,41.98,4.0,web,yes,0
101983,58,29449.0,South,2025-01-10,2026-05-20,2,61.8,34.54,3.0,partner,yes,0
102775,22,,South,2025-11-22,2026-06-10,9,537.29,53.96,5.0,mobile,no,0
104930,48,27705.0,Budapest,2025-04-21,2026-06-23,5,713.89,149.83,3.0,web,yes,0
105212,41,37128.0,Budapest,2025-07-19,2026-04-29,6,235.08,39.35,3.0,store,no,0
101167,53,21022.0,South,2023-11-23,2026-03-31,8,420.83,44.52,4.0,store,yes,1
100972,28,40069.0,Budapest,2024-12-17,2026-06-28,3,274.08,81.11,4.0,web,yes,0
102702,33,22235.0,East,2025-03-20,2026-05-28,5,489.2,79.39,3.0,mobile,no,0
104496,54,15000.0,West,2024-03-25,2026-04-01,4,153.76,54.88,4.0,store,no,0
103848,49,39128.0,East,2025-12-27,2026-05-26,7,812.17,138.71,4.0,WEB,yes,0
102369,44,49895.0,West,2023-04-29,2026-06-13,5,243.86,51.12,3.0,web,no,0
104116,32,30403.0,Budapest,2024-02-17,2026-04-03,8,626.27,66.19,4.0,mobile,yes,0
104781,18,20639.0,Budapest,2024-12-23,2026-05-01,8,414.07,49.43,3.0,mobile,no,0
104132,47,22012.0,East,2024-10-17,2026-05-27,7,456.42,69.6,2.0,web,yes,0
102951,51,15000.0,Budapest,2023-11-13,2026-04-28,5,316.58,68.83,4.0,web,yes,0
105626,18,47052.0,East,2025-08-12,2026-06-15,7,492.43,76.6,4.0,web,no,1
100525,41,37130.0,Budapest,2024-11-19,2026-06-12,3,254.01,85.99,3.0,web,yes,0
102456,36,22576.0,East,2024-08-23,2026-05-08,6,201.52,34.71,4.0,web,yes,1
105017,43,22124.0,West,2024-12-01,2026-06-22,4,165.57,43.86,2.0,mobile,no,0
101842,38,,East,2024-09-02,2026-05-27,8,572.37,65.7,3.0,web,no,1
100538,34,44296.0,Budapest,2023-02-20,2026-03-10,5,422.39,86.9,4.0,mobile,no,0
102807,36,29897.0,Budapest,2023-05-11,2026-03-02,3,184.73,75.03,3.0,web,no,1
105597,32,26445.0,North,2023-07-05,2026-06-11,8,777.44,89.57,3.0,web,yes,0
104342,41,32656.0,Budapest,2025-07-07,2026-04-09,8,377.12,42.4,2.0,partner,yes,0
103176,28,38338.0,Budapest,2025-05-08,2026-05-24,6,313.69,60.26,4.0,partner,yes,1
100785,46,37338.0,North,2023-12-04,2026-03-16,7,305.46,44.7,3.0,mobile,yes,0
104058,19,82710.0,North,2025-03-12,2026-06-11,7,379.86,67.94,3.0,web,no,0
101410,51,20169.0,East,2024-02-23,2026-06-10,9,598.34,61.41,4.0,web,yes,0
102538,42,44594.0,West,2024-04-13,2026-04-17,9,1043.7,129.58,5.0,partner,yes,0
100155,40,24588.0,Budapest,2023-10-27,2026-03-25,7,593.79,81.92,3.0,mobile,no,0
103010,41,18771.0,South,2023-05-20,2026-04-26,7,1125.65,163.72,3.0,web,yes,0
101687,36,23195.0,West,2025-03-14,2026-06-11,9,604.6,83.5,4.0,,no,0
102902,34,26752.0,North,2024-03-29,2026-05-10,7,721.63,109.37,4.0,partner,yes,1
105974,39,15000.0,North,2025-08-01,2026-05-03,6,807.46,111.61,4.0,web,no,0
104722,50,,East,2023-06-24,2026-04-30,7,907.65,120.78,3.0,web,no,0
103864,32,35539.0,West,2024-08-29,2026-05-03,6,540.08,112.75,3.0,partner,no,0
102734,41,29006.0,Budapest,2024-03-18,2026-04-21,5,143.31,27.99,4.0,mobile,no,1
101896,59,39846.0,Budapest,2024-07-19,2026-04-09,6,351.91,80.95,4.0,mobile,yes,0
105443,47,35547.0,South,2025-08-11,2026-05-10,5,285.59,57.5,4.0,web,yes,0
100570,25,29463.0,East,2024-11-19,2026-03-02,7,410.33,74.11,4.0,store,no,0
101817,29,30987.0,South,2023-10-20,2026-05-15,10,787.1,78.53,4.0,mobile,yes,0
102066,29,36658.0,North,2023-05-11,2026-05-10,8,279.58,31.92,3.0,web,no,0
100128,52,22126.0,Budapest,2025-05-20,2026-05-17,7,404.12,66.88,5.0,web,yes,0
103395,50,40077.0,South,2024-12-29,2026-05-13,6,341.17,56.38,4.0,store,yes,0
103328,33,28271.0,South,2024-03-27,2026-04-04,5,167.22,37.79,4.0,web,no,1
101153,28,66122.0,Budapest,2025-02-16,2026-06-13,9,451.35,50.99,4.0,partner,yes,0
102976,40,27159.0,South,2023-06-13,2026-05-24,7,443.5,67.57,5.0,web,no,0
100981,47,32913.0,North,2024-06-23,2026-05-06,4,484.55,110.86,4.0,partner,no,0
102301,72,29874.0,North,2023-07-07,2026-03-22,4,588.73,143.63,4.0,store,yes,0
100191,26,40875.0,North,2023-08-14,2023-06-01,6,276.03,48.21,3.0,store,yes,1
101140,33,21455.0,East,2024-05-23,2026-04-19,6,433.81,78.8,4.0,web,no,1
105089,51,20042.0,North,2023-06-17,2026-04-25,1,86.09,92.99,4.0,store,no,0
100700,18,26997.0,Budapest,2023-09-14,2026-05-18,8,325.27,45.05,3.0,mobile,no,0
105762,41,26081.0,North,2023-01-12,2026-04-30,6,391.27,62.61,6.0,mobile,no,0
100607,18,32095.0,South,2024-10-19,2026-05-04,4,231.51,53.19,2.0,store,no,1
104277,35,,West,2023-02-15,2026-06-14,2,118.62,54.39,4.0,store,yes,0
100302,22,42121.0,Budapest,2023-02-10,2026-05-12,5,349.97,76.85,5.0,,no,0
103421,40,20418.0,South,2025-03-30,2026-03-11,2,142.86,62.94,4.0,web,no,0
105809,35,45569.0,Budapest,2025-09-11,2026-05-23,7,947.24,132.1,4.0,web,yes,0
101061,46,19308.0,North,2025-08-16,2026-06-02,4,172.58,37.85,3.0,WEB,no,0
102566,46,42675.0,West,2025-12-29,2026-05-28,6,307.55,49.99,4.0,web,no,0
105160,35,32874.0,Budapest,2023-10-31,2026-06-04,8,389.97,73.49,4.0,web,no,0
101070,55,47534.0,West,2023-12-05,2026-03-22,5,371.8,66.14,3.0,store,yes,0
102525,18,40426.0,North,2025-07-31,2026-03-03,4,205.06,44.24,3.0,web,no,1
102206,57,31292.0,East,2024-03-27,2026-06-20,4,213.84,46.79,5.0,web,yes,0
101244,48,-5000.0,Budapest,2025-05-02,2026-06-11,5,273.18,55.54,4.0,store,no,0
100017,40,66675.0,East,2023-04-01,2026-05-09,12,590.76,48.51,3.0,web,yes,0
103121,28,21427.0,Budapest,2023-04-27,2026-03-14,4,265.06,57.52,4.0,mobile,no,0
105013,57,53067.0,Budapest,2024-12-21,2026-06-12,6,229.27,36.41,3.0,mobile,yes,0
104643,43,24478.0,West,2025-10-18,2026-05-09,6,845.93,138.45,5.0,store,no,0
104755,59,,North,2023-07-01,2026-06-28,5,565.97,113.2,5.0,mobile,yes,0
100816,56,21521.0,North,2023-08-15,2026-05-11,9,531.51,54.65,4.0,web,no,0
103068,7,47339.0,Budapest,2025-09-23,2026-03-22,4,156.15,43.15,4.0,mobile,yes,0
105767,31,49954.0,West,2023-05-06,2026-05-01,2,103.07,55.97,4.0,Mobile,yes,0
105601,43,25788.0,East,2024-01-13,2026-04-10,6,695.53,110.3,2.0,store,no,1
100960,39,41077.0,East,2024-06-02,2026-04-18,4,406.62,89.83,4.0,partner,yes,0
104894,53,,Budapest,2025-02-10,2026-04-16,6,222.42,47.06,4.0,mobile,yes,0
100226,34,37883.0,North,2025-03-15,2026-04-30,6,324.28,54.52,3.0,web,no,0
103355,49,21795.0,West,2024-11-03,2026-05-12,8,623.87,83.91,2.0,mobile,no,0
102486,42,44687.0,West,2025-12-22,2026-04-26,6,355.71,56.91,4.0,store,yes,0
100563,57,49053.0,South,2025-07-31,2026-05-06,10,773.06,90.45,3.0,web,yes,0
103437,53,31801.0,Budapest,2023-08-27,2026-06-09,6,251.01,45.71,5.0,web,no,0
101694,45,23336.0,South,2024-04-13,2026-04-25,6,606.8,97.32,3.0,web,yes,0
101046,32,33334.0,Budapest,2025-10-25,2026-03-17,5,648.3,109.81,4.0,partner,yes,0
103447,21,20121.0,East,2024-12-30,2026-05-20,7,587.45,86.57,4.0,mobile,no,0
104566,56,42584.0,East,2025-03-27,2026-06-28,10,623.62,61.2,5.0,mobile,yes,0
100955,27,25556.0,North,2023-09-03,2026-06-28,6,363.05,50.71,4.0,,yes,0
102584,53,32366.0,Budapest,2024-07-28,2026-03-24,5,390.57,82.27,4.0,web,no,1
102736,50,41383.0,West,2023-11-27,2026-04-21,5,332.07,61.2,4.0,web,no,0
105919,33,22544.0,South,2025-01-07,2026-05-25,3,224.75,72.63,4.0,partner,yes,0
104736,39,22080.0,South,2025-10-02,2026-06-28,7,285.24,47.48,4.0,mobile,no,0
105812,36,22011.0,Budapest,2024-12-06,2026-05-03,5,221.35,52.48,3.0,mobile,yes,0
101219,40,44847.0,East,2023-08-08,2026-04-11,3,159.09,54.35,3.0,web,yes,0
105255,34,53595.0,South,2025-07-03,2026-05-19,5,461.27,84.69,4.0,mobile,yes,1
105512,35,31990.0,East,2025-05-29,2026-03-16,4,375.42,93.73,3.0,partner,yes,1
101528,27,24537.0,West,2025-02-27,2026-03-10,5,435.0,78.97,4.0,store,yes,0
103988,48,33348.0,West,2024-02-02,2026-04-14,9,1025.75,129.16,3.0,store,yes,0
105955,44,45772.0,West,2025-03-22,2026-03-29,9,1401.49,169.33,3.0,store,yes,1
101301,36,30852.0,Budapest,2023-08-10,2026-04-19,8,841.83,110.63,3.0,mobile,yes,0
105904,27,63371.0,South,2025-02-12,2026-06-04,8,986.77,135.02,3.0,web,no,0
105700,33,49336.0,Budapest,2023-05-31,2026-04-18,6,241.85,37.35,4.0,store,no,0
100161,28,20792.0,Budapest,2024-06-27,2026-06-28,6,583.46,93.18,4.0,mobile,yes,0
104068,34,24684.0,East,2024-06-07,2026-05-26,6,742.09,125.44,3.0,partner,yes,0
100957,54,24599.0,South,2025-04-08,2026-04-05,8,699.38,109.66,4.0,web,no,0
103792,45,25337.0,Budapest,2025-04-06,2026-05-07,6,479.73,72.7,3.0,web,yes,0
103235,56,63231.0,Budapest,2024-03-14,2026-06-12,5,404.95,70.8,4.0,web,yes,0
102870,28,75510.0,Budapest,2025-06-27,2026-06-09,9,296.41,33.28,4.0,mobile,yes,0
103778,52,67394.0,Budapest,2025-02-01,2026-04-20,5,195.31,41.36,3.0,mobile,yes,1
104434,31,19522.0,West,2025-08-19,2026-06-28,2,145.1,78.42,3.0,mobile,yes,0
104974,32,29925.0,South,2023-07-04,2026-06-28,5,169.15,36.82,3.0,web,yes,0
102962,52,46393.0,North,2024-01-19,2026-05-22,6,366.9,66.07,5.0,web,yes,0
102201,23,16868.0,Budapest,2025-12-08,2026-05-25,7,454.59,60.38,3.0,web,yes,0
100099,40,30238.0,Budapest,2024-09-27,2026-04-28,6,1233.4,181.83,,mobile,yes,0
105869,27,42434.0,Budapest,2024-10-30,2026-05-27,7,726.22,110.36,3.0,web,no,0
102558,61,20747.0,Budapest,2023-12-06,2026-04-14,4,215.49,59.68,2.0,store,yes,0
103184,31,34689.0,Budapest,2024-12-21,2026-03-28,7,321.53,48.58,3.0,partner,yes,1
100254,35,33980.0,Budapest,2023-11-25,2026-05-05,5,451.16,97.96,4.0,web,yes,0
103924,32,80224.0,North,2023-08-13,2026-03-19,3,312.58,127.02,3.0,web,yes,0
104200,34,32285.0,Budapest,2024-08-02,2026-05-10,4,186.25,46.57,4.0,store,yes,0
101446,51,47022.0,East,2023-01-28,2026-04-23,3,102.04,37.42,4.0,mobile,yes,0
105540,38,32475.0,Budapest,2023-12-17,2026-06-12,7,312.61,47.97,3.0,store,yes,1
101649,44,15000.0,North,2024-07-29,2026-03-16,8,487.77,64.48,4.0,web,no,1
104683,44,21493.0,South,2025-03-03,2026-05-27,6,291.87,59.17,3.0,store,yes,0
104724,41,34029.0,East,2023-06-14,2026-06-16,10,478.57,39.1,2.0,web,yes,0
103992,34,66941.0,West,2023-09-25,2026-05-20,7,757.56,104.39,3.0,web,no,0
101697,28,16173.0,Budapest,2024-07-08,2026-06-08,4,260.09,67.48,3.0,web,yes,0
103192,43,40685.0,Budapest,2024-05-26,2026-03-24,6,173.51,25.3,4.0,web,yes,0
104500,38,,South,2024-05-07,2026-05-30,5,675.68,151.72,4.0,store,yes,0
101155,46,26012.0,East,2023-06-19,2026-05-22,8,323.78,43.92,5.0,store,yes,0
102256,49,,East,2024-11-30,2026-06-15,2,88.61,37.05,3.0,web,yes,0
101683,44,49549.0,South,2023-02-06,2026-04-26,4,362.41,77.57,4.0,mobile,yes,1
103171,54,58636.0,North,2025-11-03,2026-06-28,4,390.41,110.31,5.0,web,yes,0
102057,68,52249.0,North,2023-08-08,2026-04-30,8,397.8,45.73,2.0,mobile,yes,0
104091,57,36670.0,Budapest,2024-01-17,2026-02-16,6,143.8,26.76,4.0,mobile,yes,1
105888,29,72643.0,Budapest,2023-07-15,2026-06-15,2,125.59,55.03,4.0,web,yes,0
103109,38,22057.0,Budapest,2025-07-09,2026-05-03,4,385.73,89.48,3.0,store,no,0
104549,31,21078.0,South,2023-08-12,2026-06-11,8,263.84,30.43,4.0,mobile,yes,0
103724,32,15000.0,West,2025-06-30,2026-04-10,4,104.43,25.66,3.0,web,no,1
105424,44,20557.0,Budapest,2024-10-21,2026-04-13,10,715.72,74.95,4.0,web,yes,1
102050,60,55623.0,Budapest,2023-04-29,2026-06-16,8,510.2,63.67,,mobile,yes,0
104977,51,23193.0,West,2025-06-29,2026-06-28,5,546.72,107.08,3.0,mobile,yes,0
103644,51,53918.0,Budapest,2025-09-24,2026-05-30,5,479.83,82.8,3.0,web,yes,0
105950,59,49032.0,East,2023-04-08,2026-04-11,6,1692.46,267.25,5.0,mobile,yes,1
100624,22,22914.0,West,2024-06-30,2024-03-10,4,479.96,121.45,5.0,mobile,yes,0
100263,27,26356.0,Budapest,2023-03-26,2026-05-01,3,71.88,20.57,4.0,web,no,0
105731,36,25938.0,Budapest,2025-02-14,2026-06-07,8,445.48,60.21,3.0,store,yes,0
103370,27,18401.0,Wset,2023-12-23,2026-06-02,5,297.48,61.09,5.0,store,yes,0
104062,46,34985.0,East,2024-03-04,2026-03-25,4,84.38,19.39,4.0,mobile,yes,0
105535,72,21228.0,South,2025-11-18,2026-05-04,8,168.26,21.29,3.0,web,no,0
101803,43,28142.0,Budapest,2023-01-15,2026-06-28,8,620.51,76.63,2.0,web,yes,0
104737,65,23722.0,East,2025-11-20,2026-03-03,3,215.09,75.99,3.0,,yes,1
102013,54,15000.0,Budapest,2024-06-30,2026-04-06,4,331.84,67.4,4.0,mobile,no,1
102386,30,45669.0,South,2023-07-20,2026-04-19,5,496.13,75.68,2.0,web,no,1
105760,45,21340.0,Budapest,2025-04-19,2026-06-11,3,182.8,58.13,5.0,mobile,no,0
101960,39,45921.0,East,2025-06-01,2026-05-26,10,1546.53,129.48,3.0,partner,yes,0
102977,24,26239.0,East,2023-04-23,2026-06-17,7,321.8,40.39,3.0,web,no,0
100489,36,17471.0,East,2023-10-29,2026-04-27,8,655.3,81.36,3.0,web,no,0
101844,30,48520.0,North,2025-10-09,2026-06-28,6,475.07,67.88,5.0,Mobile,yes,0
101735,53,35961.0,South,2025-03-08,2026-06-01,8,278.9,29.78,3.0,store,yes,0
102912,51,28393.0,Budapest,2024-09-15,2026-03-13,7,603.41,80.07,3.0,Mobile,no,1
103220,37,,Budapest,2023-11-24,2026-05-25,9,680.73,75.29,4.0,web,yes,0
100147,53,34051.0,Budapest,2025-07-02,2026-05-14,3,130.14,38.22,5.0,store,yes,0
105631,63,57853.0,West,2024-03-26,2026-06-28,10,523.77,56.53,4.0,mobile,no,0
101987,34,20094.0,Budapest,2023-06-22,2026-06-07,7,491.76,63.82,5.0,partner,yes,1
101370,45,15000.0,West,2023-05-11,2026-04-18,3,131.47,47.27,4.0,partner,yes,1
102812,37,19445.0,South,2024-06-19,2026-06-01,8,362.57,43.57,2.0,partner,yes,0
100660,18,50834.0,West,2024-09-06,2026-04-04,5,246.71,45.0,4.0,mobile,no,0
101795,46,36516.0,North,2023-04-22,2026-05-01,11,402.14,39.66,3.0,mobile,yes,0
102512,35,25267.0,West,2023-01-18,2026-05-19,10,972.31,110.35,4.0,mobile,no,0
103398,40,15000.0,Budapest,2023-09-24,2026-06-01,6,129.92,22.87,4.0,store,yes,0
104283,38,38768.0,East,2023-01-30,2026-04-24,3,175.98,56.67,4.0,mobile,no,0
101148,53,42119.0,South,2023-10-01,2026-04-12,2,91.04,49.21,4.0,store,yes,0
103273,50,20518.0,East,2023-02-19,2026-04-17,5,357.04,75.74,4.0,partner,yes,0
100609,52,41274.0,South,2025-02-23,2026-05-27,7,196.14,38.99,3.0,web,no,0
103583,41,31132.0,West,2024-10-21,2026-04-25,6,601.95,94.3,4.0,web,yes,0
101931,35,53922.0,East,2024-12-20,2026-06-28,9,742.84,66.95,4.0,web,yes,0
100198,36,25826.0,South,2025-08-06,2026-05-23,3,251.32,76.33,4.0,web,yes,0
102932,56,29526.0,Budapest,2023-03-26,2026-06-26,6,467.2,93.55,5.0,web,no,0
102328,45,34241.0,Budapest,2023-06-17,2026-05-22,9,482.03,51.65,4.0,mobile,yes,0
104390,60,35157.0,East,2025-09-13,2026-05-04,4,181.14,48.49,3.0,web,no,0
100767,32,22393.0,Budapest,2025-12-20,2026-05-25,7,860.92,114.91,3.0,store,no,1
104497,46,26767.0,West,2023-11-10,2026-05-03,6,297.19,39.37,5.0,web,yes,0
104219,30,21361.0,North,2023-06-18,2026-05-06,3,176.12,47.92,4.0,web,no,0
103256,46,57035.0,South,2023-12-02,2026-06-09,3,328.0,121.87,4.0,web,no,1
100203,41,88714.0,West,2025-12-01,2026-03-31,5,160.77,28.41,3.0,mobile,yes,0
103511,72,38976.0,North,2023-06-30,2026-05-03,5,263.54,66.36,3.0,mobile,no,0
104932,45,42293.0,East,2024-12-28,2026-04-17,5,372.15,84.28,4.0,store,yes,0
105536,51,43567.0,South,2024-06-24,2026-06-23,5,911.79,149.73,3.0,web,yes,0
101734,43,45184.0,Budapest,2023-10-18,2026-04-10,10,343.73,29.22,3.0,web,yes,0
105792,42,68856.0,East,2025-08-16,2026-06-03,3,238.33,78.06,2.0,mobile,no,0
102778,45,54616.0,West,2024-06-27,2026-04-22,6,292.53,54.84,4.0,store,no,0
101708,24,37288.0,West,2023-09-27,2026-06-27,10,725.85,65.47,4.0,mobile,yes,0
105173,51,29037.0,South,2023-12-25,2026-03-11,2,66.19,40.82,3.0,store,no,0
105250,59,36613.0,South,2025-12-16,2026-05-09,5,183.39,48.76,5.0,mobile,no,0
105758,26,28331.0,West,2023-04-19,2026-06-17,2,290.52,129.23,3.0,web,no,0
103475,50,77371.0,East,2024-02-16,2026-06-28,11,779.79,91.46,3.0,web,no,0
100855,28,19994.0,Budapest,2023-09-04,2026-05-27,8,299.24,41.44,4.0,web,yes,0
105686,52,58227.0,Budapest,2024-01-03,2026-04-20,3,255.23,81.95,5.0,store,yes,0
104738,39,39380.0,Budapest,2025-10-19,2026-03-31,7,360.45,43.03,4.0,web,no,0
104098,67,19708.0,East,2024-04-16,2026-06-18,8,359.97,52.95,2.0,partner,no,0
102161,43,,West,2025-10-13,2026-05-01,4,284.25,70.67,3.0,web,yes,0
100699,37,69159.0,East,2025-12-29,2026-03-26,10,1183.54,138.88,2.0,store,no,0
105972,33,15118.0,Budapest,2025-06-23,2026-04-22,9,845.56,101.9,3.0,web,yes,0
103000,38,29901.0,Budapest,2025-02-13,2026-05-16,5,365.27,79.24,4.0,mobile,yes,0
103697,41,26808.0,Budapest,2024-01-21,2026-04-15,7,753.55,102.52,5.0,mobile,no,0
101637,18,36271.0,West,2025-04-22,2026-05-27,6,613.81,92.03,5.0,mobile,yes,0
103458,52,,North,2023-01-21,2026-05-10,4,398.48,113.58,4.0,,no,0
103582,42,26581.0,South,2024-04-27,2026-05-06,5,437.52,77.98,4.0,web,no,0
101292,72,,East,2025-09-07,2026-06-25,9,853.63,88.44,5.0,web,yes,0
104660,38,34857.0,Budapest,2023-08-02,2026-04-07,8,161.43,24.56,4.0,mobile,yes,1
105617,24,,West,2025-05-21,2026-06-28,5,226.86,48.89,4.0,web,yes,0
101854,44,32233.0,South,2024-11-26,2026-05-31,6,586.87,90.57,4.0,mobile,no,0
105233,47,28656.0,West,2023-12-31,2026-05-05,6,237.45,35.79,2.0,web,no,0
103764,52,15112.0,Budapest,2023-08-02,2026-06-28,5,213.23,44.06,3.0,web,yes,0
103305,48,22851.0,East,2023-01-21,2026-03-27,6,669.68,116.26,2.0,web,yes,0
105932,28,,Budapest,2025-03-10,2026-05-18,11,500.12,48.85,4.0,Mobile,yes,0
105728,55,77687.0,Budapest,2023-06-16,2026-05-23,5,359.13,77.08,4.0,mobile,yes,0
103744,38,38623.0,West,2024-04-11,2026-04-24,3,140.08,40.22,,mobile,no,0
103446,59,48422.0,Budapest,2025-01-17,2026-04-27,9,1156.96,103.23,3.0,,no,0
101999,33,19932.0,South,2025-01-06,2026-06-28,5,221.66,46.09,3.0,web,yes,0
100664,47,15000.0,Budapest,2024-12-02,2026-04-04,6,373.44,72.19,4.0,store,yes,0
104780,65,15000.0,East,2023-02-26,2026-06-02,7,291.08,48.03,4.0,mobile,yes,0
105354,47,68056.0,East,2024-09-24,2026-04-29,5,484.65,90.75,4.0,web,no,0
103749,34,19975.0,Budapest,2024-01-20,2026-05-18,4,222.99,67.5,5.0,store,yes,0
104414,52,22577.0,Budapest,2025-04-10,2026-06-18,10,310.87,33.83,5.0,mobile,yes,0
104745,40,33195.0,Budapest,2025-07-03,2026-02-25,5,180.55,36.08,4.0,store,yes,0
105531,50,37321.0,West,2025-09-19,2026-05-16,6,622.43,94.19,3.0,mobile,no,0
105576,36,42866.0,Budapest,2025-09-01,2026-04-23,4,666.87,161.3,4.0,web,no,0
100710,27,15000.0,West,2023-08-24,2026-05-28,7,368.18,47.27,4.0,web,yes,0
101283,24,16073.0,Wset,2024-09-21,2026-05-10,5,155.18,30.13,4.0,web,yes,0
105069,25,31271.0,Budapest,2025-10-16,2026-05-16,3,263.82,79.68,5.0,web,no,0
102676,22,87928.0,West,2025-08-07,2026-05-12,2,175.03,81.46,5.0,store,yes,0
104030,45,41488.0,North,2025-05-22,2026-05-28,2,99.65,53.49,3.0,mobile,yes,0
101307,41,34186.0,East,2024-01-24,2026-05-16,5,288.73,59.5,3.0,web,yes,0
105497,21,46616.0,North,2024-04-11,2026-06-02,7,443.84,69.16,5.0,web,no,0
105505,28,21408.0,South,2024-12-14,2026-05-10,3,109.73,30.47,4.0,store,yes,0
102238,46,18201.0,Budapest,2024-08-12,2026-04-20,9,373.11,41.93,3.0,mobile,yes,0
103303,53,28367.0,Budapest,2024-06-25,2026-03-22,6,318.03,55.43,3.0,web,no,1
105593,46,36728.0,East,2025-05-16,2026-04-28,6,241.28,50.21,4.0,partner,yes,0
102039,41,16854.0,East,2024-03-11,2026-04-04,9,709.58,68.46,5.0,web,yes,0
101530,36,55293.0,Budapest,2024-05-16,2026-04-24,5,177.89,33.27,5.0,web,no,0
101664,23,31560.0,Budapest,2024-07-19,2026-05-17,6,404.26,64.6,4.0,partner,yes,0
105451,33,70479.0,Budapest,2025-04-01,2026-06-02,5,684.76,144.04,3.0,store,yes,0
105957,35,19355.0,East,2023-08-30,2026-03-20,8,815.39,94.44,3.0,store,yes,0
105979,57,24479.0,Budapest,2023-01-17,2026-02-25,3,130.56,41.06,3.0,web,yes,0
103628,46,48014.0,East,2025-01-03,2026-05-25,3,139.66,47.2,3.0,web,no,0
105740,45,15000.0,West,2023-11-23,2026-03-28,5,254.18,49.76,3.0,store,no,1
105148,55,32453.0,West,2023-09-09,2026-06-28,7,241.99,36.15,5.0,web,no,0
104892,44,15000.0,Budapest,2024-01-05,2026-06-05,7,648.27,96.33,3.0,web,yes,0
102694,49,59872.0,North,2025-06-26,2026-06-28,4,528.88,117.05,3.0,web,yes,0
103061,33,17821.0,East,2023-04-21,2026-06-28,6,914.07,176.26,3.0,store,yes,0
101598,52,30514.0,Budapest,2024-09-04,2026-06-06,6,312.08,58.95,5.0,store,no,0
102730,48,34508.0,North,2024-02-20,2026-04-26,3,232.74,67.86,4.0,web,yes,0
102626,39,54306.0,West,2023-01-15,2026-05-19,4,143.71,43.93,3.0,web,no,1
103158,39,,Budapest,2025-07-28,2026-06-12,13,1259.08,82.86,3.0,web,yes,1
103315,66,29752.0,Budapest,2023-12-12,2026-04-10,6,621.96,94.01,4.0,web,yes,0
101723,51,30529.0,East,2025-09-08,2026-04-01,7,1468.71,191.61,5.0,web,yes,0
105280,3,26724.0,South,2025-08-23,2026-06-23,3,144.39,44.13,4.0,web,yes,0
101060,43,29764.0,East,2023-06-28,2026-04-06,4,315.63,91.09,3.0,web,no,0
104637,41,25852.0,West,2025-12-23,2026-03-25,6,209.38,36.14,5.0,partner,yes,0
103243,28,20030.0,North,2024-11-02,2026-04-24,5,299.89,62.05,4.0,web,yes,1
101679,39,26582.0,South,2023-09-15,2026-06-28,6,581.04,102.28,4.0,partner,yes,0
101758,54,56367.0,North,2024-12-13,2026-04-24,8,705.29,76.54,3.0,web,yes,0
104192,38,15000.0,South,2024-02-22,2026-05-16,7,369.96,48.56,3.0,web,no,0
105117,53,46371.0,East,2024-04-26,2026-06-28,10,575.81,67.45,3.0,web,yes,0
100564,21,32781.0,East,2025-11-07,2026-05-24,5,226.64,40.52,3.0,partner,no,0
102791,39,122406.0,South,2024-12-05,2026-04-26,3,137.32,49.26,3.0,store,yes,0
100864,46,28628.0,East,2025-07-24,2026-03-23,3,277.83,91.61,2.0,web,yes,0
101485,18,31824.0,East,2023-07-05,2026-05-14,4,182.01,49.36,4.0,web,yes,0
105135,41,57249.0,South,2023-08-26,2026-06-28,4,272.87,73.11,4.0,store,no,0
100207,42,27666.0,Budapest,2024-03-20,2026-04-22,4,264.22,57.2,4.0,web,no,0
104489,56,48405.0,Budapest,2025-02-05,2026-05-10,3,142.59,45.61,4.0,partner,no,0
100871,38,49110.0,South,2023-03-22,2026-05-03,5,852.3,125.17,,,no,0
104494,26,,Budapest,2024-10-02,2026-06-21,3,137.4,45.47,4.0,mobile,yes,0
100503,41,31663.0,North,2025-08-11,2026-06-28,7,473.93,72.42,4.0,mobile,yes,0
101029,64,36327.0,South,2024-06-12,2026-06-20,4,202.53,49.86,5.0,mobile,yes,0
103841,41,29258.0,East,2024-11-04,2026-06-26,6,292.29,41.55,3.0,mobile,yes,0
102691,36,48835.0,North,2025-09-29,2026-06-28,6,208.34,35.02,4.0,mobile,no,0
105582,50,33952.0,West,2025-04-17,2026-05-06,5,302.95,61.3,5.0,store,yes,0
105057,55,17920.0,East,2023-11-10,2026-05-02,5,277.51,54.49,4.0,web,no,0
101571,36,,West,2024-10-16,2026-05-07,11,614.67,63.07,5.0,mobile,no,0
102774,24,15000.0,Budapest,2023-09-29,2026-03-11,5,219.69,50.13,4.0,store,no,0
102732,45,38104.0,Budapest,2023-09-22,2026-05-25,8,539.98,75.09,3.0,mobile,yes,0
100805,40,52346.0,Budapest,2023-12-30,2026-05-13,4,228.07,54.86,4.0,store,no,0
105848,57,33404.0,Budapest,2023-09-19,2026-06-18,6,459.13,74.34,3.0,mobile,yes,0
103646,43,25512.0,South,2023-11-30,2026-04-17,9,746.12,91.18,3.0,mobile,no,1
102455,40,64525.0,East,2025-08-09,2026-05-19,6,330.31,53.4,4.0,web,yes,0
104599,39,23179.0,Budapest,2023-05-13,2026-05-29,4,159.98,39.04,3.0,web,yes,1
103105,33,37329.0,East,2023-03-05,2026-06-03,8,606.02,88.35,3.0,store,yes,0
104876,48,39709.0,East,2025-02-04,2026-05-02,4,163.12,38.01,3.0,mobile,no,0
100201,30,15921.0,South,2025-03-21,2026-05-17,5,211.55,54.83,3.0,mobile,yes,0
103100,38,40744.0,Budapest,2023-11-02,2026-05-22,6,263.35,42.77,3.0,partner,no,0
102279,45,58542.0,South,2024-12-05,2026-05-27,7,457.64,70.09,1.0,partner,yes,0
103562,22,27980.0,West,2024-03-14,2026-04-04,9,859.38,93.88,3.0,web,yes,0
105893,53,53023.0,West,2023-10-02,2026-04-13,1,39.76,35.92,3.0,mobile,yes,0
104475,49,26154.0,West,2024-12-15,2026-06-28,8,359.11,50.3,4.0,web,no,0
104515,51,33088.0,Budapest,2025-06-01,2026-06-28,11,1502.81,115.81,3.0,partner,yes,0
105795,32,70832.0,South,2023-03-21,2026-04-09,8,639.51,73.79,3.0,mobile,no,1
100392,18,15000.0,Budapest,2023-06-09,2026-04-27,5,299.13,57.01,4.0,mobile,yes,0
105619,65,52213.0,East,2024-01-16,2026-06-28,7,134.06,17.78,5.0,web,no,0
105259,43,94718.0,Wset,2025-01-02,2026-05-28,6,371.5,72.7,2.0,mobile,no,0
101496,31,25161.0,East,2024-01-12,2026-05-01,7,469.13,67.68,3.0,store,yes,0
102696,51,39102.0,Budapest,2025-05-08,2026-05-10,6,486.12,75.73,4.0,mobile,yes,0
102028,37,44663.0,West,2023-10-13,2026-06-28,2,249.99,120.53,5.0,store,no,0
105249,32,24902.0,Budapest,2025-09-10,2026-05-26,8,615.08,100.94,4.0,web,no,0
105464,47,29482.0,South,2023-08-27,2026-06-28,6,515.19,84.53,5.0,web,yes,0
102569,37,82653.0,East,2023-10-17,2026-06-09,5,217.41,33.07,3.0,mobile,yes,0
100065,41,48928.0,East,2024-04-14,2026-05-08,6,497.09,66.25,4.0,web,yes,0
103885,41,25156.0,North,2024-09-08,2026-05-02,5,211.82,40.68,4.0,web,no,0
102063,55,20921.0,West,2023-11-26,2026-06-28,6,381.65,73.85,3.0,mobile,yes,1
105277,18,28482.0,East,2023-06-07,2026-06-23,8,952.38,103.87,4.0,web,yes,0
100493,54,46761.0,East,2023-12-22,2026-04-15,7,427.97,57.79,5.0,store,no,0
100380,58,15501.0,South,2023-05-08,2026-04-16,3,188.82,67.39,2.0,mobile,no,0
104860,33,35725.0,Budapest,2025-02-05,2026-04-05,4,303.62,85.26,5.0,mobile,yes,0
103994,47,,Budapest,2023-10-29,2026-06-28,8,588.93,62.97,3.0,web,no,0
104888,20,32543.0,East,2023-07-06,2026-05-27,5,214.33,42.24,5.0,store,yes,0
101077,46,21184.0,East,2023-08-12,2026-06-01,8,269.26,31.95,3.0,web,yes,0
100879,31,67649.0,East,2025-08-31,2026-05-23,9,1187.9,128.24,4.0,mobile,no,0
100338,45,,South,2023-10-31,2026-05-14,8,949.39,123.74,3.0,web,yes,0
101017,43,26509.0,East,2023-12-23,2026-06-13,8,510.57,77.78,3.0,web,yes,0
101276,38,25434.0,Budapest,2025-05-12,2026-04-10,8,689.73,77.44,2.0,store,no,0
103799,58,21314.0,West,2024-06-01,2026-06-28,4,269.53,66.36,4.0,web,no,0
104552,65,27703.0,East,2025-02-24,2026-04-30,9,393.46,58.93,4.0,web,no,0
103343,23,29261.0,Budapest,2023-12-31,2026-05-05,6,746.63,148.55,3.0,store,no,0
104912,36,17580.0,West,2023-08-26,2026-05-28,5,416.52,84.01,3.0,mobile,no,0
100996,37,17414.0,West,2024-03-04,2026-04-07,8,223.18,30.64,4.0,store,yes,0
101982,38,16104.0,West,2024-06-03,2026-03-04,13,989.66,70.59,3.0,store,no,0
104298,52,94100.0,East,2024-12-11,2026-05-20,3,513.85,158.54,2.0,mobile,yes,0
100162,46,21847.0,North,2025-09-15,2026-06-28,6,257.35,36.5,5.0,mobile,no,0
105676,34,63782.0,North,2023-12-26,2026-06-28,5,442.62,80.07,,web,yes,0
104799,36,47173.0,South,2024-03-24,2026-05-21,5,379.08,78.78,3.0,partner,yes,0
101501,50,42459.0,East,2023-10-03,2026-04-24,7,332.43,43.42,4.0,mobile,no,0
103844,48,31838.0,East,2024-07-09,2026-06-28,6,640.98,111.6,3.0,mobile,yes,0
105226,35,25363.0,West,2024-01-11,2026-05-13,6,371.8,64.57,3.0,web,yes,0
102614,28,16554.0,South,2025-10-31,2026-04-01,2,301.0,146.9,4.0,web,yes,0
103462,63,51621.0,South,2024-11-05,2026-04-10,8,609.15,62.48,5.0,web,yes,0
101022,52,98412.0,South,2023-01-05,2026-05-22,5,290.8,63.59,3.0,partner,no,0
103074,51,33187.0,South,2025-03-30,2026-05-21,2,113.07,48.64,5.0,mobile,yes,0
103944,36,35284.0,East,2023-11-20,2026-02-14,3,189.49,65.55,5.0,mobile,yes,0
101586,35,48039.0,North,2024-06-26,2026-04-02,8,649.07,73.78,4.0,web,no,0
101956,51,27834.0,North,2024-07-01,2026-06-04,6,295.75,58.31,5.0,mobile,yes,0
103153,52,36182.0,West,2025-06-26,2026-05-27,5,349.73,60.28,3.0,mobile,yes,0
100035,59,35160.0,West,2023-02-20,2026-05-08,5,545.06,106.58,3.0,partner,yes,0
104015,30,71014.0,East,2024-12-15,2026-03-17,4,327.09,93.24,4.0,partner,no,0
100776,41,36765.0,South,2024-10-03,2026-03-10,4,399.39,107.2,4.0,web,no,0
102557,63,,Budapest,2023-01-31,2026-05-20,7,429.27,67.56,5.0,mobile,yes,0
101479,35,25288.0,West,2025-03-15,2026-02-26,6,305.61,47.07,4.0,mobile,no,1
105487,47,43267.0,North,2023-11-25,2026-04-15,7,463.72,66.43,4.0,partner,yes,0
101364,37,34730.0,Budapest,2023-12-13,2026-04-16,3,112.43,32.21,4.0,store,yes,0
102613,38,47689.0,West,2023-01-09,2026-03-14,6,282.94,51.19,4.0,mobile,yes,0
102825,42,96707.0,North,2023-05-28,2026-04-07,10,920.31,74.19,4.0,store,yes,0
102042,45,37696.0,South,2025-09-03,2026-05-30,7,253.16,32.89,3.0,web,yes,1
100242,40,38152.0,South,2024-03-04,2026-04-30,6,587.84,94.21,4.0,web,yes,0
102062,36,15000.0,Budapest,2023-01-07,2026-06-14,11,333.14,32.77,2.0,web,no,0
102364,42,17533.0,North,2025-10-14,2026-04-09,5,188.0,42.79,5.0,web,yes,1
100601,55,28769.0,Wset,2024-08-10,2026-06-14,7,363.42,57.06,5.0,web,yes,0
102436,30,49230.0,North,2024-09-28,2026-05-30,6,612.62,93.64,3.0,store,yes,0
105394,25,41875.0,West,2023-07-18,2026-05-03,5,548.14,105.47,4.0,mobile,no,0
102889,30,20105.0,Budapest,2023-05-09,2026-05-30,7,350.44,50.8,4.0,store,yes,0
100647,37,29750.0,Budapest,2025-04-08,2026-04-17,6,674.96,111.21,3.0,web,no,0
103891,43,41036.0,Budapest,2024-04-12,2026-04-13,4,208.28,66.53,4.0,mobile,yes,0
103557,47,15000.0,Wset,2023-11-26,2026-03-05,7,365.98,53.38,2.0,web,no,0
103203,18,24055.0,North,2023-07-23,2026-04-13,5,171.76,34.02,2.0,mobile,yes,0
101529,48,27987.0,Budapest,2025-08-26,2026-04-10,3,218.72,86.29,5.0,web,yes,0
101268,59,72618.0,North,2024-04-26,2026-04-08,3,184.45,68.01,4.0,mobile,no,0
101900,23,53323.0,Budapest,2025-07-13,2026-05-06,6,278.99,41.68,5.0,web,no,0
104659,53,28661.0,East,2025-11-25,2026-04-30,4,148.82,33.08,3.0,mobile,no,1
103006,40,53698.0,South,2024-09-12,2026-03-05,4,494.35,124.66,5.0,store,no,1
102735,60,32873.0,Budapest,2023-12-09,2026-05-19,5,208.41,35.53,4.0,,yes,1
100190,41,22396.0,Budapest,2024-06-27,2026-06-10,8,1297.97,142.77,3.0,mobile,no,0
101807,35,37995.0,Budapest,2024-09-11,2026-05-07,6,532.99,76.63,2.0,store,yes,0
100976,33,25430.0,East,2024-04-24,2026-04-12,6,623.76,85.87,4.0,web,yes,1
102748,45,46944.0,Budapest,2025-01-12,2026-06-28,3,177.46,55.23,3.0,store,no,0
102048,18,,East,2023-05-04,2026-06-15,4,561.32,155.09,4.0,partner,yes,0
102559,45,51434.0,West,2024-01-01,2026-05-18,5,610.03,132.76,3.0,web,yes,0
101083,47,43678.0,North,2023-07-07,2026-04-23,10,427.9,38.76,4.0,store,yes,0
100475,22,34561.0,Budapest,2025-02-06,2026-05-19,5,191.8,37.41,2.0,web,yes,0
102905,25,34594.0,West,2023-06-17,2026-05-04,4,670.49,139.71,3.0,partner,yes,0
104844,49,15333.0,West,2024-09-12,2026-06-28,9,523.51,60.63,5.0,store,yes,0
104118,48,38018.0,South,2023-05-15,2026-06-02,9,926.68,92.06,4.0,mobile,yes,0
103386,18,51273.0,East,2023-05-02,2026-05-21,7,692.96,98.13,4.0,mobile,yes,0
104556,50,16509.0,South,2023-07-10,2026-05-18,6,983.97,184.15,3.0,partner,yes,0
101185,56,40018.0,Budapest,2023-12-21,2026-05-18,6,538.77,111.93,2.0,web,no,0
105052,35,25457.0,West,2024-11-19,2026-05-26,6,197.04,35.17,2.0,web,yes,0
105312,40,54587.0,Budapest,2023-05-03,2026-06-25,7,2595.5,332.47,3.0,mobile,yes,0
102434,43,27523.0,Budapest,2025-10-23,2026-05-22,12,1038.5,77.8,4.0,mobile,no,0
105612,23,25951.0,East,2025-03-13,2026-04-15,3,263.44,91.64,3.0,mobile,yes,0
102392,49,59708.0,South,2024-07-02,2026-05-02,4,230.73,61.29,4.0,mobile,yes,0
100770,33,24527.0,East,2024-09-10,2026-04-29,5,339.9,68.59,4.0,,no,1
101686,47,35847.0,Budapest,2025-10-16,2026-05-17,9,266.13,30.29,5.0,store,no,0
100131,47,28978.0,Budapest,2023-08-13,2026-03-28,4,324.91,77.68,5.0,web,no,1
102920,63,20620.0,East,2024-06-12,2026-04-04,10,849.98,85.27,4.0,store,yes,0
103172,51,39529.0,East,2025-11-24,2026-04-10,7,570.14,79.27,4.0,mobile,no,1
103445,48,46527.0,South,2023-08-06,2026-03-14,9,194.33,25.04,2.0,store,yes,0
105579,28,39668.0,South,2024-04-08,2027-02-28,6,166.96,29.5,3.0,mobile,no,0
104427,31,24608.0,Budapest,2025-10-11,2026-04-19,5,110.36,23.14,5.0,web,yes,0
105335,36,15000.0,West,2025-11-02,2026-05-02,4,377.58,91.76,5.0,web,yes,0
100467,22,35631.0,East,2025-01-13,2026-06-12,4,363.88,91.8,4.0,web,yes,0
105735,26,22907.0,Budapest,2025-01-28,2026-03-17,4,196.23,44.95,5.0,store,yes,1
103093,54,21421.0,South,2023-06-07,2026-06-23,5,289.83,53.81,5.0,web,yes,0
103773,51,23663.0,East,2024-09-14,2026-03-11,4,468.52,109.42,4.0,store,yes,0
105192,49,35924.0,East,2024-12-18,2026-03-17,6,223.75,37.44,4.0,web,yes,0
105227,65,27512.0,Budapest,2025-12-08,2026-03-11,9,273.9,31.58,3.0,web,yes,1
105391,38,29418.0,East,2023-11-23,2026-04-30,7,386.42,50.77,4.0,web,no,0
100861,49,59969.0,South,2023-03-06,2026-05-11,5,373.58,81.69,3.0,web,yes,0
